pair_name,pair_a,pair_b,region_rank,region_id_raw,size_voxels,tfce_sum,tfce_max,tfce_threshold_used,mean_threshold_used,Layer,NoiseStd,Percent,idx_layer,idx_noise,idx_percent,tfce_value,score_value,mean_conjunction,std_conjunction,n_valid
Phonemic_and_Neologism,Phonemic,Neologism,1,1,1135,92808.53673760565,165.81999133795486,23.215114246831043,0.020288083806198166,4.0,1.6,0.8,4,5,8,27.898249889301056,1.2828449242320785,0.022943037974683545,0.01788349838425906,40
Phonemic_and_Neologism,Phonemic,Neologism,1,1,1135,92808.53673760565,165.81999133795486,23.215114246831043,0.020288083806198166,4.0,1.6,0.9,4,5,9,23.452114214026796,1.2023793572918424,0.03227848101265823,0.02684450497054448,40
Phonemic_and_Neologism,Phonemic,Neologism,1,1,1135,92808.53673760565,165.81999133795486,23.215114246831043,0.020288083806198166,4.0,1.6,1.0,4,5,10,24.64048036678782,1.2247235469094278,0.03120907900480139,0.025481549987347796,29
Phonemic_and_Neologism,Phonemic,Neologism,1,1,1135,92808.53673760565,165.81999133795486,23.215114246831043,0.020288083806198166,4.0,1.7,0.8,4,6,8,34.60403520322827,1.4024260638856931,0.028639240506329117,0.020420212386040908,40
Phonemic_and_Neologism,Phonemic,Neologism,1,1,1135,92808.53673760565,165.81999133795486,23.215114246831043,0.020288083806198166,4.0,1.7,0.9,4,6,9,30.52949069738884,1.326881552240283,0.03449367088607595,0.025995043752238062,40
Phonemic_and_Neologism,Phonemic,Neologism,1,1,1135,92808.53673760565,165.81999133795486,23.215114246831043,0.020288083806198166,4.0,1.7,1.0,4,6,10,34.73118420321471,1.3932636263215181,0.02946311654299433,0.021145835377295093,29
Phonemic_and_Neologism,Phonemic,Neologism,1,1,1135,92808.53673760565,165.81999133795486,23.215114246831043,0.020288083806198166,4.0,1.8,0.6,4,7,6,28.479176306023476,1.29276561109879,0.03955696202531645,0.030597711541912764,40
Phonemic_and_Neologism,Phonemic,Neologism,1,1,1135,92808.53673760565,165.81999133795486,23.215114246831043,0.020288083806198166,4.0,1.8,0.8,4,7,8,34.58166288671774,1.390970214937151,0.032753164556962026,0.02354599202415483,40
Phonemic_and_Neologism,Phonemic,Neologism,1,1,1135,92808.53673760565,165.81999133795486,23.215114246831043,0.020288083806198166,4.0,1.8,0.9,4,7,9,29.361097464933604,1.3076103574816147,0.0310126582278481,0.023716048469680805,40
Phonemic_and_Neologism,Phonemic,Neologism,1,1,1135,92808.53673760565,165.81999133795486,23.215114246831043,0.020288083806198166,4.0,1.9,0.5,4,8,5,29.60187297326405,1.3116141538441177,0.03227848101265822,0.024608738251188804,40
Phonemic_and_Neologism,Phonemic,Neologism,1,1,1135,92808.53673760565,165.81999133795486,23.215114246831043,0.020288083806198166,4.0,1.9,0.6,4,8,6,41.117992568233625,1.487046742838378,0.040189873417721525,0.027025637603206545,40
Phonemic_and_Neologism,Phonemic,Neologism,1,1,1135,92808.53673760565,165.81999133795486,23.215114246831043,0.020288083806198166,4.0,1.9,0.8,4,8,8,43.72077674349137,1.7389686735984538,0.033860759493670886,0.019470747828327868,40
Phonemic_and_Neologism,Phonemic,Neologism,1,1,1135,92808.53673760565,165.81999133795486,23.215114246831043,0.020288083806198166,4.0,1.9,0.9,4,8,9,39.57899605824816,1.465135945763447,0.0379746835443038,0.02591788053399448,40
Phonemic_and_Neologism,Phonemic,Neologism,1,1,1135,92808.53673760565,165.81999133795486,23.215114246831043,0.020288083806198166,4.0,1.9,1.0,4,8,10,52.96454350820082,1.6467868755419957,0.03601047577477084,0.02186611365605155,29
Phonemic_and_Neologism,Phonemic,Neologism,1,1,1135,92808.53673760565,165.81999133795486,23.215114246831043,0.020288083806198166,4.0,2.0,0.5,4,9,5,34.27715728946867,1.5027192414795252,0.03212025316455696,0.021373753365726837,40
Phonemic_and_Neologism,Phonemic,Neologism,1,1,1135,92808.53673760565,165.81999133795486,23.215114246831043,0.020288083806198166,4.0,2.0,0.6,4,9,6,30.656551697277823,1.3289542066099371,0.038765822784810125,0.02916917199840079,40
Phonemic_and_Neologism,Phonemic,Neologism,1,1,1135,92808.53673760565,165.81999133795486,23.215114246831043,0.020288083806198166,4.0,2.0,0.7,4,9,7,42.689497208033714,1.5283714600250995,0.03607594936708861,0.023603176282182184,40
Phonemic_and_Neologism,Phonemic,Neologism,1,1,1135,92808.53673760565,165.81999133795486,23.215114246831043,0.020288083806198166,4.0,2.0,0.8,4,9,8,44.04145530833458,1.839007858588713,0.03544303797468355,0.019271912733436147,40
Phonemic_and_Neologism,Phonemic,Neologism,1,1,1135,92808.53673760565,165.81999133795486,23.215114246831043,0.020288083806198166,4.0,2.0,0.9,4,9,9,43.122859672087856,1.6159066739743015,0.0370253164556962,0.022912028983680666,40
Phonemic_and_Neologism,Phonemic,Neologism,1,1,1135,92808.53673760565,165.81999133795486,23.215114246831043,0.020288083806198166,4.0,2.0,1.0,4,9,10,38.42085272527233,1.4483671141183925,0.040593627237014415,0.028026167174203188,29
Phonemic_and_Neologism,Phonemic,Neologism,1,1,1135,92808.53673760565,165.81999133795486,23.215114246831043,0.020288083806198166,5.0,1.5,1.0,5,4,10,38.745965567284664,1.4531066093051506,0.041466608467917936,0.02853552182323121,29
Phonemic_and_Neologism,Phonemic,Neologism,1,1,1135,92808.53673760565,165.81999133795486,23.215114246831043,0.020288083806198166,5.0,1.6,0.8,5,5,8,25.946260750316352,1.2485323452623867,0.03306962025316456,0.026485794978639322,40
Phonemic_and_Neologism,Phonemic,Neologism,1,1,1135,92808.53673760565,165.81999133795486,23.215114246831043,0.020288083806198166,5.0,1.6,0.9,5,5,9,23.877141767993173,1.2104461474731028,0.03987341772151899,0.03294009184845418,40
Phonemic_and_Neologism,Phonemic,Neologism,1,1,1135,92808.53673760565,165.81999133795486,23.215114246831043,0.020288083806198166,5.0,1.6,1.0,5,5,10,51.87542575446894,1.6314270478757362,0.046704495853339155,0.02862700142620694,29
Phonemic_and_Neologism,Phonemic,Neologism,1,1,1135,92808.53673760565,165.81999133795486,23.215114246831043,0.020288083806198166,5.0,1.7,0.7,5,6,7,26.158468817498417,1.2523443707966084,0.03512658227848102,0.028047660654047752,40
Phonemic_and_Neologism,Phonemic,Neologism,1,1,1135,92808.53673760565,165.81999133795486,23.215114246831043,0.020288083806198166,5.0,1.7,0.8,5,6,8,33.05549682303606,1.3673114064496248,0.040189873417721525,0.02939235781749892,40
Phonemic_and_Neologism,Phonemic,Neologism,1,1,1135,92808.53673760565,165.81999133795486,23.215114246831043,0.020288083806198166,5.0,1.7,0.9,5,6,9,35.788391441101375,1.4093566328865523,0.042246835443037985,0.029974972338889676,40
Phonemic_and_Neologism,Phonemic,Neologism,1,1,1135,92808.53673760565,165.81999133795486,23.215114246831043,0.020288083806198166,5.0,1.7,1.0,5,6,10,52.95715071307938,1.6452126412308428,0.03753819292885203,0.02281562077478833,29
Phonemic_and_Neologism,Phonemic,Neologism,1,1,1135,92808.53673760565,165.81999133795486,23.215114246831043,0.020288083806198166,5.0,1.8,0.5,5,7,5,41.61898967990166,1.5050453345830423,0.03401898734177215,0.022602297429041743,40
Phonemic_and_Neologism,Phonemic,Neologism,1,1,1135,92808.53673760565,165.81999133795486,23.215114246831043,0.020288083806198166,5.0,1.8,0.6,5,7,6,41.593541404981615,1.4937329535483852,0.0454113924050633,0.030400279088867825,40
Phonemic_and_Neologism,Phonemic,Neologism,1,1,1135,92808.53673760565,165.81999133795486,23.215114246831043,0.020288083806198166,5.0,1.8,0.7,5,7,7,27.666411004458443,1.278850118444555,0.033069620253164574,0.025857871009361613,40
Phonemic_and_Neologism,Phonemic,Neologism,1,1,1135,92808.53673760565,165.81999133795486,23.215114246831043,0.020288083806198166,5.0,1.8,0.8,5,7,8,42.30845471821076,1.5037350971248173,0.04145569620253163,0.027567483492734895,40
Phonemic_and_Neologism,Phonemic,Neologism,1,1,1135,92808.53673760565,165.81999133795486,23.215114246831043,0.020288083806198166,5.0,1.8,0.9,5,7,9,25.96911603611346,1.2489436560996907,0.04335443037974683,0.03471187929444135,40
Phonemic_and_Neologism,Phonemic,Neologism,1,1,1135,92808.53673760565,165.81999133795486,23.215114246831043,0.020288083806198166,5.0,1.8,1.0,5,7,10,54.37691524354297,2.0179120613964163,0.037538192928852035,0.01860149197523266,29
Phonemic_and_Neologism,Phonemic,Neologism,1,1,1135,92808.53673760565,165.81999133795486,23.215114246831043,0.020288083806198166,5.0,1.9,0.5,5,8,5,34.08409699034221,1.3833127155624276,0.034335443037974686,0.024820172141119638,40
Phonemic_and_Neologism,Phonemic,Neologism,1,1,1135,92808.53673760565,165.81999133795486,23.215114246831043,0.020288083806198166,5.0,1.9,0.6,5,8,6,62.45607630520178,1.7617666823261389,0.04667721518987343,0.026493549850519042,40
Phonemic_and_Neologism,Phonemic,Neologism,1,1,1135,92808.53673760565,165.81999133795486,23.215114246831043,0.020288083806198166,5.0,1.9,0.7,5,8,7,39.78070607313698,1.4680320988073081,0.029905063291139244,0.020369851097489892,40
Phonemic_and_Neologism,Phonemic,Neologism,1,1,1135,92808.53673760565,165.81999133795486,23.215114246831043,0.020288083806198166,5.0,1.9,0.8,5,8,8,40.21192153435594,1.4742045340433885,0.041297468354430385,0.02801239122269646,40
Phonemic_and_Neologism,Phonemic,Neologism,1,1,1135,92808.53673760565,165.81999133795486,23.215114246831043,0.020288083806198166,5.0,1.9,0.9,5,8,9,42.57289186978898,1.5074174227927608,0.042405063291139244,0.028129936162709507,40
Phonemic_and_Neologism,Phonemic,Neologism,1,1,1135,92808.53673760565,165.81999133795486,23.215114246831043,0.020288083806198166,5.0,1.9,1.0,5,8,10,53.512195681224114,1.7785871794857973,0.03775643823657791,0.021227331493704784,29
Phonemic_and_Neologism,Phonemic,Neologism,1,1,1135,92808.53673760565,165.81999133795486,23.215114246831043,0.020288083806198166,5.0,2.0,0.5,5,9,5,34.026331383738054,1.3824196562951334,0.039240506329113925,0.02838437932416121,40
Phonemic_and_Neologism,Phonemic,Neologism,1,1,1135,92808.53673760565,165.81999133795486,23.215114246831043,0.020288083806198166,5.0,2.0,0.6,5,9,6,72.00031610219882,1.969218577132043,0.04193037974683546,0.021291902795941824,40
Phonemic_and_Neologism,Phonemic,Neologism,1,1,1135,92808.53673760565,165.81999133795486,23.215114246831043,0.020288083806198166,5.0,2.0,0.7,5,9,7,34.45419453210769,1.3890095922931136,0.03734177215189873,0.026882739578969545,40
Phonemic_and_Neologism,Phonemic,Neologism,1,1,1135,92808.53673760565,165.81999133795486,23.215114246831043,0.020288083806198166,5.0,2.0,0.8,5,9,8,43.70849282725962,1.7360930271100128,0.03560126582278482,0.02050554271796049,40
Phonemic_and_Neologism,Phonemic,Neologism,1,1,1135,92808.53673760565,165.81999133795486,23.215114246831043,0.020288083806198166,5.0,2.0,0.9,5,9,9,42.67103179895006,1.5248294468506625,0.03496835443037975,0.022931633221769394,40
Phonemic_and_Neologism,Phonemic,Neologism,1,1,1135,92808.53673760565,165.81999133795486,23.215114246831043,0.020288083806198166,5.0,2.0,1.0,5,9,10,35.645349610269356,1.40719399198448,0.026407682234831944,0.018765198822090476,29
Phonemic_and_Neologism,Phonemic,Neologism,1,1,1135,92808.53673760565,165.81999133795486,23.215114246831043,0.020288083806198166,6.0,1.4,1.0,6,3,10,46.165507531416544,1.5567624338618802,0.03906591008293322,0.025093329894653175,29
Phonemic_and_Neologism,Phonemic,Neologism,1,1,1135,92808.53673760565,165.81999133795486,23.215114246831043,0.020288083806198166,6.0,1.5,0.8,6,4,8,27.68872104266787,1.2792361880521546,0.043512658227848104,0.03401356168473721,40
Phonemic_and_Neologism,Phonemic,Neologism,1,1,1135,92808.53673760565,165.81999133795486,23.215114246831043,0.020288083806198166,6.0,1.5,0.9,6,4,9,49.94121293615922,1.634511248784894,0.040981012658227844,0.025071334429446958,40
Phonemic_and_Neologism,Phonemic,Neologism,1,1,1135,92808.53673760565,165.81999133795486,23.215114246831043,0.020288083806198166,6.0,1.5,1.0,6,4,10,49.86508170554294,1.6055253964194505,0.043430816237450896,0.027049843502262735,29
Phonemic_and_Neologism,Phonemic,Neologism,1,1,1135,92808.53673760565,165.81999133795486,23.215114246831043,0.020288083806198166,6.0,1.6,0.6,6,5,6,25.708165155104076,1.244240900629237,0.03212025316455696,0.025814140097318066,40
Phonemic_and_Neologism,Phonemic,Neologism,1,1,1135,92808.53673760565,165.81999133795486,23.215114246831043,0.020288083806198166,6.0,1.6,0.7,6,5,7,37.515773392837,1.4350878395856168,0.03876582278481014,0.0270118571335423,40
Phonemic_and_Neologism,Phonemic,Neologism,1,1,1135,92808.53673760565,165.81999133795486,23.215114246831043,0.020288083806198166,6.0,1.6,0.8,6,5,8,40.861869504410535,1.4834310444271914,0.0481012658227848,0.032424683690176856,40
Phonemic_and_Neologism,Phonemic,Neologism,1,1,1135,92808.53673760565,165.81999133795486,23.215114246831043,0.020288083806198166,6.0,1.6,0.9,6,5,9,33.35056290306517,1.3719316358254274,0.04193037974683543,0.030562024171104468,40
Phonemic_and_Neologism,Phonemic,Neologism,1,1,1135,92808.53673760565,165.81999133795486,23.215114246831043,0.020288083806198166,6.0,1.6,1.0,6,5,10,65.04065021069107,1.8192601590034163,0.048668703622872116,0.026750920764060836,29
Phonemic_and_Neologism,Phonemic,Neologism,1,1,1135,92808.53673760565,165.81999133795486,23.215114246831043,0.020288083806198166,6.0,1.7,0.6,6,6,6,43.194734845177116,1.516079100413498,0.041455696202531644,0.027343019313520612,40
Phonemic_and_Neologism,Phonemic,Neologism,1,1,1135,92808.53673760565,165.81999133795486,23.215114246831043,0.020288083806198166,6.0,1.7,0.7,6,6,7,42.25267377017579,1.5029566479550156,0.038291139240506346,0.025476208070243967,40
Phonemic_and_Neologism,Phonemic,Neologism,1,1,1135,92808.53673760565,165.81999133795486,23.215114246831043,0.020288083806198166,6.0,1.7,0.8,6,6,8,67.42127533479028,2.2307087147275966,0.04430379746835444,0.019859861786145218,40
Phonemic_and_Neologism,Phonemic,Neologism,1,1,1135,92808.53673760565,165.81999133795486,23.215114246831043,0.020288083806198166,6.0,1.7,0.9,6,6,9,35.895402523828004,1.4109707200442063,0.0496835443037975,0.035211314187668534,40
Phonemic_and_Neologism,Phonemic,Neologism,1,1,1135,92808.53673760565,165.81999133795486,23.215114246831043,0.020288083806198166,6.0,1.7,1.0,6,6,10,66.60298738897131,2.172730173336593,0.04103011785246617,0.01888312944965804,29
Phonemic_and_Neologism,Phonemic,Neologism,1,1,1135,92808.53673760565,165.81999133795486,23.215114246831043,0.020288083806198166,6.0,1.8,0.5,6,7,5,39.56866538769092,1.4649873438863634,0.03354430379746835,0.022896333507660887,40
Phonemic_and_Neologism,Phonemic,Neologism,1,1,1135,92808.53673760565,165.81999133795486,23.215114246831043,0.020288083806198166,6.0,1.8,0.6,6,7,6,57.429599270347495,2.01945257366539,0.04113924050632911,0.020370481382035965,40
Phonemic_and_Neologism,Phonemic,Neologism,1,1,1135,92808.53673760565,165.81999133795486,23.215114246831043,0.020288083806198166,6.0,1.8,0.7,6,7,7,44.307303204443194,1.5314598166163313,0.04240506329113926,0.02768830848269379,40
Phonemic_and_Neologism,Phonemic,Neologism,1,1,1135,92808.53673760565,165.81999133795486,23.215114246831043,0.020288083806198166,6.0,1.8,0.8,6,7,8,67.05318764838906,2.1542289418402794,0.0449367088607595,0.020858764711160042,40
Phonemic_and_Neologism,Phonemic,Neologism,1,1,1135,92808.53673760565,165.81999133795486,23.215114246831043,0.020288083806198166,6.0,1.8,0.9,6,7,9,43.86533574562867,1.5253622964314173,0.04224683544303798,0.027695263072631586,40
Phonemic_and_Neologism,Phonemic,Neologism,1,1,1135,92808.53673760565,165.81999133795486,23.215114246831043,0.020288083806198166,6.0,1.8,1.0,6,7,10,47.70705028257076,1.57731804056334,0.03753819292885202,0.0237977469638306,29
Phonemic_and_Neologism,Phonemic,Neologism,1,1,1135,92808.53673760565,165.81999133795486,23.215114246831043,0.020288083806198166,6.0,1.9,0.4,6,8,4,35.95977727684087,1.4119413135863195,0.04952531645569621,0.035075044577166106,40
Phonemic_and_Neologism,Phonemic,Neologism,1,1,1135,92808.53673760565,165.81999133795486,23.215114246831043,0.020288083806198166,6.0,1.9,0.5,6,8,5,39.979704754848036,1.470885839701063,0.0375,0.025493840583699787,40
Phonemic_and_Neologism,Phonemic,Neologism,1,1,1135,92808.53673760565,165.81999133795486,23.215114246831043,0.020288083806198166,6.0,1.9,0.6,6,8,6,56.2830502768046,1.6869397039770289,0.04762658227848102,0.02823153383994663,40
Phonemic_and_Neologism,Phonemic,Neologism,1,1,1135,92808.53673760565,165.81999133795486,23.215114246831043,0.020288083806198166,6.0,1.9,0.7,6,8,7,49.248927065877346,1.5975245187463345,0.04319620253164557,0.0270384613821289,40
Phonemic_and_Neologism,Phonemic,Neologism,1,1,1135,92808.53673760565,165.81999133795486,23.215114246831043,0.020288083806198166,6.0,1.9,0.8,6,8,8,67.56116357377292,2.2584405153141285,0.0365506329113924,0.01618301399706936,40
Phonemic_and_Neologism,Phonemic,Neologism,1,1,1135,92808.53673760565,165.81999133795486,23.215114246831043,0.020288083806198166,6.0,1.9,0.9,6,8,9,42.01648861009469,1.4996581008901042,0.03734177215189874,0.02489919033654069,40
Phonemic_and_Neologism,Phonemic,Neologism,1,1,1135,92808.53673760565,165.81999133795486,23.215114246831043,0.020288083806198166,6.0,2.0,0.4,6,9,4,47.94634397747908,2.1279505223592343,0.04414556962025317,0.02074458085650858,40
Phonemic_and_Neologism,Phonemic,Neologism,1,1,1135,92808.53673760565,165.81999133795486,23.215114246831043,0.020288083806198166,6.0,2.0,0.5,6,9,5,45.98353747759493,1.5543079350095936,0.04113924050632912,0.02646688295916098,40
Phonemic_and_Neologism,Phonemic,Neologism,1,1,1135,92808.53673760565,165.81999133795486,23.215114246831043,0.020288083806198166,6.0,2.0,0.6,6,9,6,71.63108151508607,1.8691470375360486,0.0531645569620253,0.028442218160144323,40
Phonemic_and_Neologism,Phonemic,Neologism,1,1,1135,92808.53673760565,165.81999133795486,23.215114246831043,0.020288083806198166,6.0,2.0,0.7,6,9,7,74.53911426329408,2.2523631210614825,0.04193037974683545,0.01861517221253148,40
Phonemic_and_Neologism,Phonemic,Neologism,1,1,1135,92808.53673760565,165.81999133795486,23.215114246831043,0.020288083806198166,6.0,2.0,0.8,6,9,8,30.3127775443972,1.323334898404822,0.0319620253164557,0.024151635402409055,40
Phonemic_and_Neologism,Phonemic,Neologism,1,1,1135,92808.53673760565,165.81999133795486,23.215114246831043,0.020288083806198166,7.0,1.4,1.0,7,3,10,48.55964133573931,1.5885282301018573,0.04648625054561326,0.02926272327839118,29
Phonemic_and_Neologism,Phonemic,Neologism,1,1,1135,92808.53673760565,165.81999133795486,23.215114246831043,0.020288083806198166,7.0,1.5,0.7,7,4,7,40.622105801459156,1.480032327290529,0.043670886075949364,0.029505710948602683,40
Phonemic_and_Neologism,Phonemic,Neologism,1,1,1135,92808.53673760565,165.81999133795486,23.215114246831043,0.020288083806198166,7.0,1.5,0.8,7,4,8,30.705372828171846,1.3297502493780327,0.039556962025316465,0.029746662798949306,40
Phonemic_and_Neologism,Phonemic,Neologism,1,1,1135,92808.53673760565,165.81999133795486,23.215114246831043,0.020288083806198166,7.0,1.5,0.9,7,4,9,32.97097440686658,1.3659845592264792,0.03496835443037975,0.025598377528968118,40
Phonemic_and_Neologism,Phonemic,Neologism,1,1,1135,92808.53673760565,165.81999133795486,23.215114246831043,0.020288083806198166,7.0,1.5,1.0,7,4,10,54.515078340115664,1.6649041906990452,0.03993889131383675,0.02398770249528747,29
Phonemic_and_Neologism,Phonemic,Neologism,1,1,1135,92808.53673760565,165.81999133795486,23.215114246831043,0.020288083806198166,7.0,1.6,0.7,7,5,7,44.02437615021823,1.5275584745035888,0.05221518987341772,0.03418112182704568,40
Phonemic_and_Neologism,Phonemic,Neologism,1,1,1135,92808.53673760565,165.81999133795486,23.215114246831043,0.020288083806198166,7.0,1.6,0.9,7,5,9,38.14146012822082,1.4442782991638088,0.03892405063291139,0.02694951961623129,40
Phonemic_and_Neologism,Phonemic,Neologism,1,1,1135,92808.53673760565,165.81999133795486,23.215114246831043,0.020288083806198166,7.0,1.6,1.0,7,5,10,66.05344266537612,2.0496200269404663,0.04932343954604977,0.024063674865456137,29
Phonemic_and_Neologism,Phonemic,Neologism,1,1,1135,92808.53673760565,165.81999133795486,23.215114246831043,0.020288083806198166,7.0,1.7,0.6,7,6,6,38.482228924952324,1.4492633838344395,0.03512658227848102,0.02423654209917567,40
Phonemic_and_Neologism,Phonemic,Neologism,1,1,1135,92808.53673760565,165.81999133795486,23.215114246831043,0.020288083806198166,7.0,1.7,0.7,7,6,7,43.67692110028728,1.5227586155830888,0.051582278481012656,0.033873231905928815,40
Phonemic_and_Neologism,Phonemic,Neologism,1,1,1135,92808.53673760565,165.81999133795486,23.215114246831043,0.020288083806198166,7.0,1.7,0.8,7,6,8,38.02135821116604,1.4425177824592803,0.03924050632911391,0.02720178862851495,40
Phonemic_and_Neologism,Phonemic,Neologism,1,1,1135,92808.53673760565,165.81999133795486,23.215114246831043,0.020288083806198166,7.0,1.7,0.9,7,6,9,43.97458856358435,1.526871032871728,0.04082278481012659,0.026735236349541187,40
Phonemic_and_Neologism,Phonemic,Neologism,1,1,1135,92808.53673760565,165.81999133795486,23.215114246831043,0.020288083806198166,7.0,1.7,1.0,7,6,10,65.39189561034046,1.8784976371150488,0.04954168485377566,0.026372035491202733,29
Phonemic_and_Neologism,Phonemic,Neologism,1,1,1135,92808.53673760565,165.81999133795486,23.215114246831043,0.020288083806198166,7.0,1.8,0.5,7,7,5,50.98719778767527,1.6200241867730456,0.04208860759493671,0.02597923408451311,40
Phonemic_and_Neologism,Phonemic,Neologism,1,1,1135,92808.53673760565,165.81999133795486,23.215114246831043,0.020288083806198166,7.0,1.8,0.6,7,7,6,26.53744930674474,1.2590859120547555,0.03813291139240506,0.03028518700861671,40
Phonemic_and_Neologism,Phonemic,Neologism,1,1,1135,92808.53673760565,165.81999133795486,23.215114246831043,0.020288083806198166,7.0,1.8,0.7,7,7,7,56.76973113212237,1.6929511412113396,0.04889240506329112,0.028878985885657425,40
Phonemic_and_Neologism,Phonemic,Neologism,1,1,1135,92808.53673760565,165.81999133795486,23.215114246831043,0.020288083806198166,7.0,1.8,0.8,7,7,8,55.978510452654334,1.6831697877489706,0.04177215189873417,0.024816550910653646,40
Phonemic_and_Neologism,Phonemic,Neologism,1,1,1135,92808.53673760565,165.81999133795486,23.215114246831043,0.020288083806198166,7.0,1.8,0.9,7,7,9,33.839013313782985,1.3795232850567278,0.03639240506329114,0.02637942101753624,40
Phonemic_and_Neologism,Phonemic,Neologism,1,1,1135,92808.53673760565,165.81999133795486,23.215114246831043,0.020288083806198166,7.0,1.8,1.0,7,7,10,64.94459541883593,1.8046467263349355,0.0419030990833697,0.023218557862424893,29
Phonemic_and_Neologism,Phonemic,Neologism,1,1,1135,92808.53673760565,165.81999133795486,23.215114246831043,0.020288083806198166,7.0,1.9,0.5,7,8,5,30.656774578557076,1.3289578435650318,0.04034810126582279,0.030359708175351826,40
Phonemic_and_Neologism,Phonemic,Neologism,1,1,1135,92808.53673760565,165.81999133795486,23.215114246831043,0.020288083806198166,7.0,1.9,0.6,7,8,6,37.64145948730549,1.4369400196906799,0.04050632911392406,0.02818829708885384,40
Phonemic_and_Neologism,Phonemic,Neologism,1,1,1135,92808.53673760565,165.81999133795486,23.215114246831043,0.020288083806198166,7.0,1.9,0.7,7,8,7,69.50611465817283,1.8446137889037812,0.04683544303797469,0.025389378907341952,40
Phonemic_and_Neologism,Phonemic,Neologism,1,1,1135,92808.53673760565,165.81999133795486,23.215114246831043,0.020288083806198166,7.0,1.9,0.8,7,8,8,64.57146603952229,1.7868104833752527,0.03844936708860759,0.021517436032442248,40
Phonemic_and_Neologism,Phonemic,Neologism,1,1,1135,92808.53673760565,165.81999133795486,23.215114246831043,0.020288083806198166,7.0,2.0,0.4,7,9,4,24.248866199380636,1.217430413071468,0.03386075949367088,0.027812301795412858,40
Phonemic_and_Neologism,Phonemic,Neologism,1,1,1135,92808.53673760565,165.81999133795486,23.215114246831043,0.020288083806198166,7.0,2.0,0.5,7,9,5,55.711209431250914,1.679851925415197,0.04556962025316458,0.02712616493860104,40
Phonemic_and_Neologism,Phonemic,Neologism,1,1,1135,92808.53673760565,165.81999133795486,23.215114246831043,0.020288083806198166,7.0,2.0,0.6,7,9,6,73.02055796440735,1.9059947737952705,0.0477848101265823,0.02506979808588973,40
Phonemic_and_Neologism,Phonemic,Neologism,1,1,1135,92808.53673760565,165.81999133795486,23.215114246831043,0.020288083806198166,7.0,2.0,0.7,7,9,7,73.07409171040605,1.9163510745868078,0.03749999999999999,0.01956743946670133,40
Phonemic_and_Neologism,Phonemic,Neologism,1,1,1135,92808.53673760565,165.81999133795486,23.215114246831043,0.020288083806198166,8.0,1.3,0.9,8,2,9,43.68819494941885,1.522914610877153,0.033702531645569626,0.02212928321145201,40
Phonemic_and_Neologism,Phonemic,Neologism,1,1,1135,92808.53673760565,165.81999133795486,23.215114246831043,0.020288083806198166,8.0,1.3,1.0,8,2,10,39.821885778068896,1.4686229586078523,0.04029535864978903,0.027436511046392806,30
Phonemic_and_Neologism,Phonemic,Neologism,1,1,1135,92808.53673760565,165.81999133795486,23.215114246831043,0.020288083806198166,8.0,1.4,0.8,8,3,8,39.36029139142203,1.4619910726462357,0.04462836741317753,0.030524745504313656,39
Phonemic_and_Neologism,Phonemic,Neologism,1,1,1135,92808.53673760565,165.81999133795486,23.215114246831043,0.020288083806198166,8.0,1.4,0.9,8,3,9,75.8462588296129,2.074076360308225,0.04256329113924051,0.020520564178531618,40
Phonemic_and_Neologism,Phonemic,Neologism,1,1,1135,92808.53673760565,165.81999133795486,23.215114246831043,0.020288083806198166,8.0,1.4,1.0,8,3,10,68.67833007615381,1.8350048324473436,0.04648625054561327,0.025332039850153754,29
Phonemic_and_Neologism,Phonemic,Neologism,1,1,1135,92808.53673760565,165.81999133795486,23.215114246831043,0.020288083806198166,8.0,1.5,0.7,8,4,7,55.372479877816666,1.6756348645150565,0.03797468354430381,0.022661863102513696,40
Phonemic_and_Neologism,Phonemic,Neologism,1,1,1135,92808.53673760565,165.81999133795486,23.215114246831043,0.020288083806198166,8.0,1.5,0.8,8,4,8,65.77522862989886,1.8010146472718125,0.05490506329113924,0.030484628406359578,40
Phonemic_and_Neologism,Phonemic,Neologism,1,1,1135,92808.53673760565,165.81999133795486,23.215114246831043,0.020288083806198166,8.0,1.5,0.9,8,4,9,45.333805164132166,1.545504235988244,0.04430379746835443,0.02866524137074926,40
Phonemic_and_Neologism,Phonemic,Neologism,1,1,1135,92808.53673760565,165.81999133795486,23.215114246831043,0.020288083806198166,8.0,1.5,1.0,8,4,10,57.6956648514398,1.7043197187247208,0.04452204277608032,0.02612205794912384,29
Phonemic_and_Neologism,Phonemic,Neologism,1,1,1135,92808.53673760565,165.81999133795486,23.215114246831043,0.020288083806198166,8.0,1.6,0.5,8,5,5,33.78718279394527,1.37871981910115,0.03227848101265823,0.023410922107351757,40
Phonemic_and_Neologism,Phonemic,Neologism,1,1,1135,92808.53673760565,165.81999133795486,23.215114246831043,0.020288083806198166,8.0,1.6,0.6,8,5,6,59.49861064666123,1.7262569026667778,0.04556962025316456,0.026396936589141006,40
Phonemic_and_Neologism,Phonemic,Neologism,1,1,1135,92808.53673760565,165.81999133795486,23.215114246831043,0.020288083806198166,8.0,1.6,0.7,8,5,7,74.41410031771711,1.9666184042567711,0.041139240506329125,0.02091777123558017,40
Phonemic_and_Neologism,Phonemic,Neologism,1,1,1135,92808.53673760565,165.81999133795486,23.215114246831043,0.020288083806198166,8.0,1.6,0.8,8,5,8,74.55902171390538,1.9735449314836033,0.05585443037974684,0.028300575246000874,40
Phonemic_and_Neologism,Phonemic,Neologism,1,1,1135,92808.53673760565,165.81999133795486,23.215114246831043,0.020288083806198166,8.0,1.6,0.9,8,5,9,59.58830388078479,1.7273451789145362,0.04382911392405063,0.02537268584986172,40
Phonemic_and_Neologism,Phonemic,Neologism,1,1,1135,92808.53673760565,165.81999133795486,23.215114246831043,0.020288083806198166,8.0,1.6,1.0,8,5,10,58.335671519589766,1.7121323982628234,0.04430379746835444,0.025875385210224564,29
Phonemic_and_Neologism,Phonemic,Neologism,1,1,1135,92808.53673760565,165.81999133795486,23.215114246831043,0.020288083806198166,8.0,1.7,0.5,8,6,5,64.69564517393793,1.788276170631749,0.043512658227848104,0.024331180309977666,40
Phonemic_and_Neologism,Phonemic,Neologism,1,1,1135,92808.53673760565,165.81999133795486,23.215114246831043,0.020288083806198166,8.0,1.7,0.6,8,6,6,74.18049548821877,1.9827204972640404,0.04889240506329115,0.024658252340790277,40
Phonemic_and_Neologism,Phonemic,Neologism,1,1,1135,92808.53673760565,165.81999133795486,23.215114246831043,0.020288083806198166,8.0,1.7,0.7,8,6,7,63.93673935945457,1.7793203749187914,0.04620253164556962,0.025965392728840814,40
Phonemic_and_Neologism,Phonemic,Neologism,1,1,1135,92808.53673760565,165.81999133795486,23.215114246831043,0.020288083806198166,8.0,1.7,0.8,8,6,8,77.64638261699373,2.4575954609807504,0.054746835443037975,0.022275585513056816,40
Phonemic_and_Neologism,Phonemic,Neologism,1,1,1135,92808.53673760565,165.81999133795486,23.215114246831043,0.020288083806198166,8.0,1.7,0.9,8,6,9,69.07550416862912,1.8396117669217886,0.04525316455696203,0.02459830153234662,40
Phonemic_and_Neologism,Phonemic,Neologism,1,1,1135,92808.53673760565,165.81999133795486,23.215114246831043,0.020288083806198166,8.0,1.7,1.0,8,6,10,64.83837386647953,1.789963253391077,0.04103011785246617,0.022921324117400065,29
Phonemic_and_Neologism,Phonemic,Neologism,1,1,1135,92808.53673760565,165.81999133795486,23.215114246831043,0.020288083806198166,8.0,1.8,0.4,8,7,4,33.31684249314995,1.3714044825470242,0.033227848101265826,0.024228064819413316,40
Phonemic_and_Neologism,Phonemic,Neologism,1,1,1135,92808.53673760565,165.81999133795486,23.215114246831043,0.020288083806198166,8.0,1.8,0.5,8,7,5,78.39533343743503,2.3361300657645505,0.050158227848101276,0.021469648652298338,40
Phonemic_and_Neologism,Phonemic,Neologism,1,1,1135,92808.53673760565,165.81999133795486,23.215114246831043,0.020288083806198166,8.0,1.8,0.6,8,7,6,81.80879424937791,2.8426811314078724,0.048892405063291136,0.017198398315588274,40
Phonemic_and_Neologism,Phonemic,Neologism,1,1,1135,92808.53673760565,165.81999133795486,23.215114246831043,0.020288083806198166,8.0,1.8,0.7,8,7,7,58.79376411094597,1.7177143586070802,0.04920886075949366,0.028646871814611743,40
Phonemic_and_Neologism,Phonemic,Neologism,1,1,1135,92808.53673760565,165.81999133795486,23.215114246831043,0.020288083806198166,8.0,1.8,0.8,8,7,8,76.26822347985515,2.2045848188250994,0.04382911392405064,0.01987989256071749,40
Phonemic_and_Neologism,Phonemic,Neologism,1,1,1135,92808.53673760565,165.81999133795486,23.215114246831043,0.020288083806198166,8.0,1.8,0.9,8,7,9,64.71874718077987,1.7885489358841569,0.0420886075949367,0.023531265039273573,40
Phonemic_and_Neologism,Phonemic,Neologism,1,1,1135,92808.53673760565,165.81999133795486,23.215114246831043,0.020288083806198166,8.0,1.8,1.0,8,7,10,53.290488939134015,1.649448661012674,0.0351374945438673,0.02130156938236243,29
Phonemic_and_Neologism,Phonemic,Neologism,1,1,1135,92808.53673760565,165.81999133795486,23.215114246831043,0.020288083806198166,8.0,1.9,0.3,8,8,3,23.6096669052787,1.2053803804579295,0.028955696202531644,0.024021040404814984,40
Phonemic_and_Neologism,Phonemic,Neologism,1,1,1135,92808.53673760565,165.81999133795486,23.215114246831043,0.020288083806198166,8.0,1.9,0.4,8,8,4,64.95654383159413,1.7913641314571898,0.04382911392405063,0.0244658926626312,40
Phonemic_and_Neologism,Phonemic,Neologism,1,1,1135,92808.53673760565,165.81999133795486,23.215114246831043,0.020288083806198166,8.0,1.9,0.5,8,8,5,78.0838852569942,2.295107855549459,0.050316455696202536,0.021922351259741363,40
Phonemic_and_Neologism,Phonemic,Neologism,1,1,1135,92808.53673760565,165.81999133795486,23.215114246831043,0.020288083806198166,8.0,1.9,0.6,8,8,6,77.3285069469104,2.221145856496666,0.046993670886075964,0.021156399793725116,40
Phonemic_and_Neologism,Phonemic,Neologism,1,1,1135,92808.53673760565,165.81999133795486,23.215114246831043,0.020288083806198166,8.0,1.9,0.7,8,8,7,77.05746648574932,2.1963298481627027,0.04841772151898735,0.02204383154453793,40
Phonemic_and_Neologism,Phonemic,Neologism,1,1,1135,92808.53673760565,165.81999133795486,23.215114246831043,0.020288083806198166,8.0,1.9,0.8,8,8,8,59.26795159055197,1.7234591307381173,0.03575949367088608,0.020747675169089225,40
Phonemic_and_Neologism,Phonemic,Neologism,1,1,1135,92808.53673760565,165.81999133795486,23.215114246831043,0.020288083806198166,8.0,2.0,0.3,8,9,3,38.25986729642344,1.4460131764849458,0.043037974683544325,0.029762196756037574,40
Phonemic_and_Neologism,Phonemic,Neologism,1,1,1135,92808.53673760565,165.81999133795486,23.215114246831043,0.020288083806198166,8.0,2.0,0.4,8,9,4,74.69770940293273,2.018509390169205,0.04762658227848103,0.02359392728170497,40
Phonemic_and_Neologism,Phonemic,Neologism,1,1,1135,92808.53673760565,165.81999133795486,23.215114246831043,0.020288083806198166,8.0,2.0,0.5,8,9,5,73.49795456674386,1.9372989529720817,0.04984177215189874,0.025726455267259935,40
Phonemic_and_Neologism,Phonemic,Neologism,1,1,1135,92808.53673760565,165.81999133795486,23.215114246831043,0.020288083806198166,8.0,2.0,0.6,8,9,6,76.83128915438519,2.1770403442165205,0.03971518987341774,0.018241744090124135,40
Phonemic_and_Neologism,Phonemic,Neologism,1,1,1135,92808.53673760565,165.81999133795486,23.215114246831043,0.020288083806198166,8.0,2.0,0.7,8,9,7,40.63884457970979,1.4802700067855843,0.034335443037974686,0.02319439197618029,40
Phonemic_and_Neologism,Phonemic,Neologism,1,1,1135,92808.53673760565,165.81999133795486,23.215114246831043,0.020288083806198166,9.0,1.2,1.0,9,1,10,32.48205998463121,1.358271993121679,0.043037974683544304,0.031684829422596955,30
Phonemic_and_Neologism,Phonemic,Neologism,1,1,1135,92808.53673760565,165.81999133795486,23.215114246831043,0.020288083806198166,9.0,1.3,0.8,9,2,8,35.05507270586226,1.3982217774964494,0.036392405063291146,0.026026634277340928,40
Phonemic_and_Neologism,Phonemic,Neologism,1,1,1135,92808.53673760565,165.81999133795486,23.215114246831043,0.020288083806198166,9.0,1.3,0.9,9,2,9,61.416045276443896,1.7493705629614895,0.03655063291139242,0.020892590920791685,40
Phonemic_and_Neologism,Phonemic,Neologism,1,1,1135,92808.53673760565,165.81999133795486,23.215114246831043,0.020288083806198166,9.0,1.3,1.0,9,2,10,59.74182594874629,1.7292073141682944,0.04746835443037975,0.027449933176980485,30
Phonemic_and_Neologism,Phonemic,Neologism,1,1,1135,92808.53673760565,165.81999133795486,23.215114246831043,0.020288083806198166,9.0,1.4,0.7,9,3,7,47.91491558419345,1.5800600525736153,0.04287974683544303,0.02713704881377776,40
Phonemic_and_Neologism,Phonemic,Neologism,1,1,1135,92808.53673760565,165.81999133795486,23.215114246831043,0.020288083806198166,9.0,1.4,0.8,9,3,8,76.07448060499894,2.093918065695742,0.04588607594936708,0.021912978727778254,40
Phonemic_and_Neologism,Phonemic,Neologism,1,1,1135,92808.53673760565,165.81999133795486,23.215114246831043,0.020288083806198166,9.0,1.4,0.9,9,3,9,76.75278561688437,2.23825084975508,0.04604430379746836,0.020570556491314073,40
Phonemic_and_Neologism,Phonemic,Neologism,1,1,1135,92808.53673760565,165.81999133795486,23.215114246831043,0.020288083806198166,9.0,1.4,1.0,9,3,10,74.81741215699469,1.9890016813547362,0.04975993016150153,0.025016540521941317,29
Phonemic_and_Neologism,Phonemic,Neologism,1,1,1135,92808.53673760565,165.81999133795486,23.215114246831043,0.020288083806198166,9.0,1.5,0.6,9,4,6,53.72304782590265,1.6549299092782725,0.04303797468354431,0.02600491991374033,40
Phonemic_and_Neologism,Phonemic,Neologism,1,1,1135,92808.53673760565,165.81999133795486,23.215114246831043,0.020288083806198166,9.0,1.5,0.7,9,4,7,76.88354609097182,2.2078496026538534,0.053797468354430375,0.02436545516513687,40
Phonemic_and_Neologism,Phonemic,Neologism,1,1,1135,92808.53673760565,165.81999133795486,23.215114246831043,0.020288083806198166,9.0,1.5,0.8,9,4,8,76.67704145731527,2.164688894149544,0.05268987341772152,0.024339621675532802,40
Phonemic_and_Neologism,Phonemic,Neologism,1,1,1135,92808.53673760565,165.81999133795486,23.215114246831043,0.020288083806198166,9.0,1.5,0.9,9,4,9,74.69893391981516,1.9806665197242388,0.051898734177215175,0.026201661407353343,40
Phonemic_and_Neologism,Phonemic,Neologism,1,1,1135,92808.53673760565,165.81999133795486,23.215114246831043,0.020288083806198166,9.0,1.5,1.0,9,4,10,73.0497374939466,1.9025128807911018,0.052597119161938016,0.027645130385234033,29
Phonemic_and_Neologism,Phonemic,Neologism,1,1,1135,92808.53673760565,165.81999133795486,23.215114246831043,0.020288083806198166,9.0,1.6,0.5,9,5,5,37.16912901402725,1.4299684396639478,0.041297468354430385,0.028878985885657425,40
Phonemic_and_Neologism,Phonemic,Neologism,1,1,1135,92808.53673760565,165.81999133795486,23.215114246831043,0.020288083806198166,9.0,1.6,0.6,9,5,6,68.70972885053325,1.8353694976190085,0.04778481012658227,0.02603452591920735,40
Phonemic_and_Neologism,Phonemic,Neologism,1,1,1135,92808.53673760565,165.81999133795486,23.215114246831043,0.020288083806198166,9.0,1.6,0.7,9,5,7,76.65414857291788,2.1612338441853365,0.047784810126582276,0.022108967533196047,40
Phonemic_and_Neologism,Phonemic,Neologism,1,1,1135,92808.53673760565,165.81999133795486,23.215114246831043,0.020288083806198166,9.0,1.6,0.8,9,5,8,75.01213360822403,2.0032362579180716,0.05332278481012659,0.026617320529773173,40
Phonemic_and_Neologism,Phonemic,Neologism,1,1,1135,92808.53673760565,165.81999133795486,23.215114246831043,0.020288083806198166,9.0,1.6,0.9,9,5,9,39.95034992564504,1.4704651082732538,0.04477848101265823,0.030450916717181382,40
Phonemic_and_Neologism,Phonemic,Neologism,1,1,1135,92808.53673760565,165.81999133795486,23.215114246831043,0.020288083806198166,9.0,1.6,1.0,9,5,10,66.88699304792057,1.81410583239484,0.04845045831514623,0.02670662501831866,29
Phonemic_and_Neologism,Phonemic,Neologism,1,1,1135,92808.53673760565,165.81999133795486,23.215114246831043,0.020288083806198166,9.0,1.7,0.5,9,6,5,75.20007994287951,2.126348831687324,0.050632911392405056,0.023811137800657224,40
Phonemic_and_Neologism,Phonemic,Neologism,1,1,1135,92808.53673760565,165.81999133795486,23.215114246831043,0.020288083806198166,9.0,1.7,0.6,9,6,6,72.66009988825934,1.8841732470015848,0.04382911392405064,0.02326072181554904,40
Phonemic_and_Neologism,Phonemic,Neologism,1,1,1135,92808.53673760565,165.81999133795486,23.215114246831043,0.020288083806198166,9.0,1.7,0.7,9,6,7,76.3012701668881,2.1167617240376884,0.04667721518987343,0.022050237349869217,40
Phonemic_and_Neologism,Phonemic,Neologism,1,1,1135,92808.53673760565,165.81999133795486,23.215114246831043,0.020288083806198166,9.0,1.7,0.8,9,6,8,74.99894563699696,2.0021408083414434,0.043987341772151904,0.021969153941665397,40
Phonemic_and_Neologism,Phonemic,Neologism,1,1,1135,92808.53673760565,165.81999133795486,23.215114246831043,0.020288083806198166,9.0,1.7,0.9,9,6,9,74.40522287219859,1.9662048563155754,0.03639240506329113,0.018507958996005124,40
Phonemic_and_Neologism,Phonemic,Neologism,1,1,1135,92808.53673760565,165.81999133795486,23.215114246831043,0.020288083806198166,9.0,1.7,1.0,9,6,10,42.65649381223816,1.5085853324073377,0.03513749454386731,0.02329068512317189,29
Phonemic_and_Neologism,Phonemic,Neologism,1,1,1135,92808.53673760565,165.81999133795486,23.215114246831043,0.020288083806198166,9.0,1.8,0.4,9,7,4,53.06508992950561,1.6465838316828203,0.0477848101265823,0.029019575331257735,40
Phonemic_and_Neologism,Phonemic,Neologism,1,1,1135,92808.53673760565,165.81999133795486,23.215114246831043,0.020288083806198166,9.0,1.8,0.5,9,7,5,74.7517579873579,2.0223291763536038,0.05094936708860759,0.025192409502439526,40
Phonemic_and_Neologism,Phonemic,Neologism,1,1,1135,92808.53673760565,165.81999133795486,23.215114246831043,0.020288083806198166,9.0,1.8,0.6,9,7,6,52.74385730140752,1.6425039431859547,0.0430379746835443,0.02620166140735334,40
Phonemic_and_Neologism,Phonemic,Neologism,1,1,1135,92808.53673760565,165.81999133795486,23.215114246831043,0.020288083806198166,9.0,1.8,0.7,9,7,7,76.42869788047166,2.1447885655287506,0.04367088607594936,0.02036039448793791,40
Phonemic_and_Neologism,Phonemic,Neologism,1,1,1135,92808.53673760565,165.81999133795486,23.215114246831043,0.020288083806198166,9.0,1.8,0.8,9,7,8,66.02140526062327,1.8039170297525444,0.042563291139240504,0.02359392728170497,40
Phonemic_and_Neologism,Phonemic,Neologism,1,1,1135,92808.53673760565,165.81999133795486,23.215114246831043,0.020288083806198166,9.0,1.9,0.3,9,8,3,23.806714068120684,1.2091147835690323,0.04841772151898734,0.04004294138335586,40
Phonemic_and_Neologism,Phonemic,Neologism,1,1,1135,92808.53673760565,165.81999133795486,23.215114246831043,0.020288083806198166,9.0,1.9,0.4,9,8,4,76.4147596253832,2.1433389903310633,0.049683544303797476,0.023179441604397482,40
Phonemic_and_Neologism,Phonemic,Neologism,1,1,1135,92808.53673760565,165.81999133795486,23.215114246831043,0.020288083806198166,9.0,1.9,0.5,9,8,5,78.12547272056763,2.3029666716956805,0.0518987341772152,0.02253459932719392,40
Phonemic_and_Neologism,Phonemic,Neologism,1,1,1135,92808.53673760565,165.81999133795486,23.215114246831043,0.020288083806198166,9.0,1.9,0.6,9,8,6,69.136161658383,1.8403153452207766,0.04193037974683545,0.022783345006809255,40
Phonemic_and_Neologism,Phonemic,Neologism,1,1,1135,92808.53673760565,165.81999133795486,23.215114246831043,0.020288083806198166,9.0,1.9,0.7,9,8,7,66.15841001048832,1.805532695022499,0.03639240506329114,0.020155048773648845,40
Phonemic_and_Neologism,Phonemic,Neologism,1,1,1135,92808.53673760565,165.81999133795486,23.215114246831043,0.020288083806198166,9.0,2.0,0.3,9,9,3,62.60633939042836,1.7635528914437804,0.046360759493670876,0.026287272792156736,40
Phonemic_and_Neologism,Phonemic,Neologism,1,1,1135,92808.53673760565,165.81999133795486,23.215114246831043,0.020288083806198166,9.0,2.0,0.4,9,9,4,76.85757850060966,2.2355941027413064,0.05110759493670887,0.022859856035556837,40
Phonemic_and_Neologism,Phonemic,Neologism,1,1,1135,92808.53673760565,165.81999133795486,23.215114246831043,0.020288083806198166,9.0,2.0,0.5,9,9,5,72.96471034259247,1.9025531911683806,0.04731012658227849,0.024865651193717624,40
Phonemic_and_Neologism,Phonemic,Neologism,1,1,1135,92808.53673760565,165.81999133795486,23.215114246831043,0.020288083806198166,9.0,2.0,0.6,9,9,6,49.45312566842629,1.6001789885621787,0.035443037974683546,0.022148420926049312,40
Phonemic_and_Neologism,Phonemic,Neologism,1,1,1135,92808.53673760565,165.81999133795486,23.215114246831043,0.020288083806198166,10.0,1.3,0.8,10,2,8,29.748656208002412,1.3140475222733374,0.03148734177215191,0.023961102769067256,40
Phonemic_and_Neologism,Phonemic,Neologism,1,1,1135,92808.53673760565,165.81999133795486,23.215114246831043,0.020288083806198166,10.0,1.3,0.9,10,2,9,28.01801142837775,1.284901607587803,0.03560126582278481,0.027706386785530206,40
Phonemic_and_Neologism,Phonemic,Neologism,1,1,1135,92808.53673760565,165.81999133795486,23.215114246831043,0.020288083806198166,10.0,1.3,1.0,10,2,10,62.807267208834865,1.7659392793905946,0.043670886075949364,0.024728551341663164,30
Phonemic_and_Neologism,Phonemic,Neologism,1,1,1135,92808.53673760565,165.81999133795486,23.215114246831043,0.020288083806198166,10.0,1.4,0.8,10,3,8,50.487166336576145,1.6135696532880484,0.04509493670886077,0.0279463133477496,40
Phonemic_and_Neologism,Phonemic,Neologism,1,1,1135,92808.53673760565,165.81999133795486,23.215114246831043,0.020288083806198166,10.0,1.4,0.9,10,3,9,54.21878600053258,1.6611801012224299,0.043354430379746844,0.026097573145586785,40
Phonemic_and_Neologism,Phonemic,Neologism,1,1,1135,92808.53673760565,165.81999133795486,23.215114246831043,0.020288083806198166,10.0,1.4,1.0,10,3,10,73.23745662322986,1.911393637727137,0.04801396769969446,0.02511887418603553,29
Phonemic_and_Neologism,Phonemic,Neologism,1,1,1135,92808.53673760565,165.81999133795486,23.215114246831043,0.020288083806198166,10.0,1.5,0.7,10,4,7,74.57011879015646,1.9740830757333983,0.052056962025316456,0.026369198227841346,40
Phonemic_and_Neologism,Phonemic,Neologism,1,1,1135,92808.53673760565,165.81999133795486,23.215114246831043,0.020288083806198166,10.0,1.5,0.8,10,4,8,72.6264359321003,1.8829381517289507,0.04509493670886076,0.023948239473136013,40
Phonemic_and_Neologism,Phonemic,Neologism,1,1,1135,92808.53673760565,165.81999133795486,23.215114246831043,0.020288083806198166,10.0,1.5,0.9,10,4,9,74.89120964083331,2.001670563099248,0.040664556962025304,0.020314309477830916,40
Phonemic_and_Neologism,Phonemic,Neologism,1,1,1135,92808.53673760565,165.81999133795486,23.215114246831043,0.020288083806198166,10.0,1.5,1.0,10,4,10,50.16377019270031,1.6093914387165134,0.047359231776516804,0.029425794897259862,29
Phonemic_and_Neologism,Phonemic,Neologism,1,1,1135,92808.53673760565,165.81999133795486,23.215114246831043,0.020288083806198166,10.0,1.6,0.5,10,5,5,32.34107117658237,1.356038766996881,0.03227848101265822,0.023802509013347007,40
Phonemic_and_Neologism,Phonemic,Neologism,1,1,1135,92808.53673760565,165.81999133795486,23.215114246831043,0.020288083806198166,10.0,1.6,0.6,10,5,6,57.22098551488205,1.6985021592165148,0.04003164556962026,0.0235677928639938,40
Phonemic_and_Neologism,Phonemic,Neologism,1,1,1135,92808.53673760565,165.81999133795486,23.215114246831043,0.020288083806198166,10.0,1.6,0.7,10,5,7,74.41245188858223,1.9665405881576266,0.05126582278481012,0.02606803874424429,40
Phonemic_and_Neologism,Phonemic,Neologism,1,1,1135,92808.53673760565,165.81999133795486,23.215114246831043,0.020288083806198166,10.0,1.6,0.8,10,5,8,70.58597402538125,1.8571178993787647,0.04873417721518987,0.026240832697585984,40
Phonemic_and_Neologism,Phonemic,Neologism,1,1,1135,92808.53673760565,165.81999133795486,23.215114246831043,0.020288083806198166,10.0,1.6,0.9,10,5,9,73.18940976928181,1.9091029930163856,0.04272151898734177,0.022376796872992013,40
Phonemic_and_Neologism,Phonemic,Neologism,1,1,1135,92808.53673760565,165.81999133795486,23.215114246831043,0.020288083806198166,10.0,1.6,1.0,10,5,10,59.45617417422349,1.7257417680637046,0.04757747708424269,0.027568291051942827,29
Phonemic_and_Neologism,Phonemic,Neologism,1,1,1135,92808.53673760565,165.81999133795486,23.215114246831043,0.020288083806198166,10.0,1.7,0.4,10,6,4,30.16269468673881,1.3208723241554496,0.03449367088607597,0.026113311167910054,40
Phonemic_and_Neologism,Phonemic,Neologism,1,1,1135,92808.53673760565,165.81999133795486,23.215114246831043,0.020288083806198166,10.0,1.7,0.5,10,6,5,48.1910269896845,1.583693701443126,0.04224683544303798,0.02667514034490441,40
Phonemic_and_Neologism,Phonemic,Neologism,1,1,1135,92808.53673760565,165.81999133795486,23.215114246831043,0.020288083806198166,10.0,1.7,0.6,10,6,6,67.38655310396173,1.8199681691693874,0.0430379746835443,0.02364665242195765,40
Phonemic_and_Neologism,Phonemic,Neologism,1,1,1135,92808.53673760565,165.81999133795486,23.215114246831043,0.020288083806198166,10.0,1.7,0.7,10,6,7,63.85909760542004,1.7784011549277603,0.04699367088607595,0.026423674070786274,40
Phonemic_and_Neologism,Phonemic,Neologism,1,1,1135,92808.53673760565,165.81999133795486,23.215114246831043,0.020288083806198166,10.0,1.7,0.8,10,6,8,25.777830755339707,1.24549995404944,0.041930379746835444,0.0336645008380442,40
Phonemic_and_Neologism,Phonemic,Neologism,1,1,1135,92808.53673760565,165.81999133795486,23.215114246831043,0.020288083806198166,10.0,1.7,0.9,10,6,9,60.42052297824718,1.7374096264936532,0.0384493670886076,0.02212928321145201,40
Phonemic_and_Neologism,Phonemic,Neologism,1,1,1135,92808.53673760565,165.81999133795486,23.215114246831043,0.020288083806198166,10.0,1.7,1.0,10,6,10,29.860144326083613,1.3158918007840703,0.03622872108249673,0.027530686922063008,29
Phonemic_and_Neologism,Phonemic,Neologism,1,1,1135,92808.53673760565,165.81999133795486,23.215114246831043,0.020288083806198166,10.0,1.8,0.4,10,7,4,73.95543057558348,1.9673140322638818,0.04525316455696203,0.023001511960374248,40
Phonemic_and_Neologism,Phonemic,Neologism,1,1,1135,92808.53673760565,165.81999133795486,23.215114246831043,0.020288083806198166,10.0,1.8,0.5,10,7,5,49.33320426225176,1.598620127333553,0.04936708860759492,0.030880062838823153,40
Phonemic_and_Neologism,Phonemic,Neologism,1,1,1135,92808.53673760565,165.81999133795486,23.215114246831043,0.020288083806198166,10.0,1.8,0.6,10,7,6,70.30195948385847,2.12702987553156,0.04952531645569622,0.023282789769675655,40
Phonemic_and_Neologism,Phonemic,Neologism,1,1,1135,92808.53673760565,165.81999133795486,23.215114246831043,0.020288083806198166,10.0,1.8,0.7,10,7,7,44.4552244737429,1.5334959425360017,0.04082278481012659,0.02661973219614547,40
Phonemic_and_Neologism,Phonemic,Neologism,1,1,1135,92808.53673760565,165.81999133795486,23.215114246831043,0.020288083806198166,10.0,1.9,0.3,10,8,3,29.15550081283956,1.3041753031528827,0.033386075949367086,0.025598377528968114,40
Phonemic_and_Neologism,Phonemic,Neologism,1,1,1135,92808.53673760565,165.81999133795486,23.215114246831043,0.020288083806198166,10.0,1.9,0.4,10,8,4,76.96494254519547,2.256847122605812,0.05031645569620254,0.022294021754998585,40
Phonemic_and_Neologism,Phonemic,Neologism,1,1,1135,92808.53673760565,165.81999133795486,23.215114246831043,0.020288083806198166,10.0,1.9,0.5,10,8,5,58.48366982284351,1.7139379426015522,0.04572784810126583,0.026678990543797892,40
Phonemic_and_Neologism,Phonemic,Neologism,1,1,1135,92808.53673760565,165.81999133795486,23.215114246831043,0.020288083806198166,10.0,1.9,0.6,10,8,6,69.25239532243141,1.8642419622453368,0.040506329113924044,0.021727042783211074,40
Phonemic_and_Neologism,Phonemic,Neologism,1,1,1135,92808.53673760565,165.81999133795486,23.215114246831043,0.020288083806198166,10.0,1.9,0.7,10,8,7,48.69885476975842,1.5903499618421262,0.03417721518987342,0.02148937382330958,40
Phonemic_and_Neologism,Phonemic,Neologism,1,1,1135,92808.53673760565,165.81999133795486,23.215114246831043,0.020288083806198166,10.0,2.0,0.3,10,9,3,60.36157982173656,1.73669850587753,0.045094936708860764,0.02596489825824426,40
Phonemic_and_Neologism,Phonemic,Neologism,1,1,1135,92808.53673760565,165.81999133795486,23.215114246831043,0.020288083806198166,10.0,2.0,0.4,10,9,4,73.92444333117345,1.9652452902390174,0.048575949367088624,0.024716499443125855,40
Phonemic_and_Neologism,Phonemic,Neologism,1,1,1135,92808.53673760565,165.81999133795486,23.215114246831043,0.020288083806198166,10.0,2.0,0.5,10,9,5,44.907325210840796,1.539694666510596,0.042721518987341764,0.027745747401652938,40
Phonemic_and_Neologism,Phonemic,Neologism,1,1,1135,92808.53673760565,165.81999133795486,23.215114246831043,0.020288083806198166,10.0,2.0,0.6,10,9,6,39.868214926814126,1.4692877911981772,0.03259493670886077,0.022183174471551412,40
Phonemic_and_Neologism,Phonemic,Neologism,1,1,1135,92808.53673760565,165.81999133795486,23.215114246831043,0.020288083806198166,11.0,1.2,1.0,11,1,10,23.89479707633178,1.2107797965659355,0.04683544303797469,0.03868104868532771,30
Phonemic_and_Neologism,Phonemic,Neologism,1,1,1135,92808.53673760565,165.81999133795486,23.215114246831043,0.020288083806198166,11.0,1.3,0.9,11,2,9,63.3071006859701,1.7809136468279927,0.0439873417721519,0.024698311979835907,40
Phonemic_and_Neologism,Phonemic,Neologism,1,1,1135,92808.53673760565,165.81999133795486,23.215114246831043,0.020288083806198166,11.0,1.3,1.0,11,2,10,48.6833836086015,1.5901473069714502,0.053164556962025315,0.033432730780125666,30
Phonemic_and_Neologism,Phonemic,Neologism,1,1,1135,92808.53673760565,165.81999133795486,23.215114246831043,0.020288083806198166,11.0,1.4,0.7,11,3,7,54.58971332669416,1.6658428300413395,0.040506329113924044,0.024314816824639356,40
Phonemic_and_Neologism,Phonemic,Neologism,1,1,1135,92808.53673760565,165.81999133795486,23.215114246831043,0.020288083806198166,11.0,1.4,0.8,11,3,8,57.361586924431315,1.700230339343768,0.04604430379746836,0.027080215251834593,40
Phonemic_and_Neologism,Phonemic,Neologism,1,1,1135,92808.53673760565,165.81999133795486,23.215114246831043,0.020288083806198166,11.0,1.4,0.9,11,3,9,63.27742800416548,1.7715199333949276,0.05585443037974684,0.03152810070433575,40
Phonemic_and_Neologism,Phonemic,Neologism,1,1,1135,92808.53673760565,165.81999133795486,23.215114246831043,0.020288083806198166,11.0,1.4,1.0,11,3,10,76.49432106658476,2.1797605217990625,0.05718027062418158,0.026231363625426118,29
Phonemic_and_Neologism,Phonemic,Neologism,1,1,1135,92808.53673760565,165.81999133795486,23.215114246831043,0.020288083806198166,11.0,1.5,0.6,11,4,6,39.84216168010222,1.4689139266777613,0.04082278481012658,0.027790134707569532,40
Phonemic_and_Neologism,Phonemic,Neologism,1,1,1135,92808.53673760565,165.81999133795486,23.215114246831043,0.020288083806198166,11.0,1.5,0.7,11,4,7,75.27046934390788,2.0936060418515403,0.05015822784810127,0.02395681577117651,40
Phonemic_and_Neologism,Phonemic,Neologism,1,1,1135,92808.53673760565,165.81999133795486,23.215114246831043,0.020288083806198166,11.0,1.5,0.8,11,4,8,51.420628163618,1.6255977691280235,0.05268987341772152,0.032411614250808525,40
Phonemic_and_Neologism,Phonemic,Neologism,1,1,1135,92808.53673760565,165.81999133795486,23.215114246831043,0.020288083806198166,11.0,1.5,0.9,11,4,9,76.17810705154798,2.2814957945583503,0.05332278481012659,0.023370853210208858,40
Phonemic_and_Neologism,Phonemic,Neologism,1,1,1135,92808.53673760565,165.81999133795486,23.215114246831043,0.020288083806198166,11.0,1.5,1.0,11,4,10,74.82857128480552,1.990573727564202,0.055216062854648626,0.027737768019517,29
Phonemic_and_Neologism,Phonemic,Neologism,1,1,1135,92808.53673760565,165.81999133795486,23.215114246831043,0.020288083806198166,11.0,1.6,0.5,11,5,5,31.751987394597297,1.3466434946527444,0.04683544303797468,0.034778392782090425,40
Phonemic_and_Neologism,Phonemic,Neologism,1,1,1135,92808.53673760565,165.81999133795486,23.215114246831043,0.020288083806198166,11.0,1.6,0.6,11,5,6,50.453693184317906,1.6131369991853257,0.04857594936708861,0.030111724084576,40
Phonemic_and_Neologism,Phonemic,Neologism,1,1,1135,92808.53673760565,165.81999133795486,23.215114246831043,0.020288083806198166,11.0,1.6,0.7,11,5,7,77.07770636267884,2.443607221344209,0.04430379746835443,0.01812949048201096,40
Phonemic_and_Neologism,Phonemic,Neologism,1,1,1135,92808.53673760565,165.81999133795486,23.215114246831043,0.020288083806198166,11.0,1.6,0.8,11,5,8,50.79823904307144,1.6175876064795423,0.05300632911392407,0.03276775323574287,40
Phonemic_and_Neologism,Phonemic,Neologism,1,1,1135,92808.53673760565,165.81999133795486,23.215114246831043,0.020288083806198166,11.0,1.6,0.9,11,5,9,49.61110146082057,1.6022312201235005,0.04572784810126583,0.028539105527179223,40
Phonemic_and_Neologism,Phonemic,Neologism,1,1,1135,92808.53673760565,165.81999133795486,23.215114246831043,0.020288083806198166,11.0,1.6,1.0,11,5,10,51.71772139131928,1.629408481438227,0.04954168485377563,0.030403705399622543,29
Phonemic_and_Neologism,Phonemic,Neologism,1,1,1135,92808.53673760565,165.81999133795486,23.215114246831043,0.020288083806198166,11.0,1.7,0.4,11,6,4,52.088763700829716,1.6696287302241588,0.03892405063291139,0.02331199763132704,40
Phonemic_and_Neologism,Phonemic,Neologism,1,1,1135,92808.53673760565,165.81999133795486,23.215114246831043,0.020288083806198166,11.0,1.7,0.5,11,6,5,51.98844232109641,1.6328716107760401,0.05221518987341772,0.031976523235033694,40
Phonemic_and_Neologism,Phonemic,Neologism,1,1,1135,92808.53673760565,165.81999133795486,23.215114246831043,0.020288083806198166,11.0,1.7,0.6,11,6,6,57.28497971212304,1.6992886543302208,0.04572784810126583,0.026908994358368493,40
Phonemic_and_Neologism,Phonemic,Neologism,1,1,1135,92808.53673760565,165.81999133795486,23.215114246831043,0.020288083806198166,11.0,1.7,0.7,11,6,7,58.246064850493056,1.7110392128193215,0.040189873417721525,0.02348757531529022,40
Phonemic_and_Neologism,Phonemic,Neologism,1,1,1135,92808.53673760565,165.81999133795486,23.215114246831043,0.020288083806198166,11.0,1.7,0.8,11,6,8,43.416072400618354,1.519148689077633,0.04430379746835444,0.029162568903353333,40
Phonemic_and_Neologism,Phonemic,Neologism,1,1,1135,92808.53673760565,165.81999133795486,23.215114246831043,0.020288083806198166,11.0,1.7,0.9,11,6,9,23.552177448808486,1.204286333169713,0.0310126582278481,0.025750897512796626,40
Phonemic_and_Neologism,Phonemic,Neologism,1,1,1135,92808.53673760565,165.81999133795486,23.215114246831043,0.020288083806198166,11.0,1.7,1.0,11,6,10,25.663846436378197,1.2434390546892033,0.036010475774770845,0.028959386630104385,29
Phonemic_and_Neologism,Phonemic,Neologism,1,1,1135,92808.53673760565,165.81999133795486,23.215114246831043,0.020288083806198166,11.0,1.8,0.4,11,7,4,41.896708546371414,1.4979825496872627,0.04873417721518987,0.03253220756330854,40
Phonemic_and_Neologism,Phonemic,Neologism,1,1,1135,92808.53673760565,165.81999133795486,23.215114246831043,0.020288083806198166,11.0,1.8,0.5,11,7,5,63.776080747222096,1.9437122995333984,0.048892405063291136,0.02515313679021741,40
Phonemic_and_Neologism,Phonemic,Neologism,1,1,1135,92808.53673760565,165.81999133795486,23.215114246831043,0.020288083806198166,11.0,1.8,0.6,11,7,6,52.783486846364504,1.6430080722836924,0.04382911392405063,0.02667514034490441,40
Phonemic_and_Neologism,Phonemic,Neologism,1,1,1135,92808.53673760565,165.81999133795486,23.215114246831043,0.020288083806198166,11.0,1.8,0.7,11,7,7,58.45814330139975,1.7805360112776945,0.040664556962025325,0.022837379400619286,40
Phonemic_and_Neologism,Phonemic,Neologism,1,1,1135,92808.53673760565,165.81999133795486,23.215114246831043,0.020288083806198166,11.0,1.8,0.8,11,7,8,51.23591981237599,1.6232266659410184,0.03164556962025316,0.01949447175650146,40
Phonemic_and_Neologism,Phonemic,Neologism,1,1,1135,92808.53673760565,165.81999133795486,23.215114246831043,0.020288083806198166,11.0,1.9,0.3,11,8,3,33.66378114335367,1.3768047759058741,0.03607594936708862,0.026201661407353343,40
Phonemic_and_Neologism,Phonemic,Neologism,1,1,1135,92808.53673760565,165.81999133795486,23.215114246831043,0.020288083806198166,11.0,1.9,0.4,11,8,4,63.168266356016964,1.770224514089795,0.04746835443037974,0.026813878029630485,40
Phonemic_and_Neologism,Phonemic,Neologism,1,1,1135,92808.53673760565,165.81999133795486,23.215114246831043,0.020288083806198166,11.0,1.9,0.5,11,8,5,63.19673963911239,1.7766159320193229,0.04620253164556963,0.02600491991374032,40
Phonemic_and_Neologism,Phonemic,Neologism,1,1,1135,92808.53673760565,165.81999133795486,23.215114246831043,0.020288083806198166,11.0,1.9,0.6,11,8,6,44.61872202797923,1.5357412541444,0.04129746835443038,0.026889902515631274,40
Phonemic_and_Neologism,Phonemic,Neologism,1,1,1135,92808.53673760565,165.81999133795486,23.215114246831043,0.020288083806198166,11.0,1.9,0.7,11,8,7,48.071667387361614,1.5821235405624743,0.030063291139240507,0.01900086070713065,40
Phonemic_and_Neologism,Phonemic,Neologism,1,1,1135,92808.53673760565,165.81999133795486,23.215114246831043,0.020288083806198166,11.0,2.0,0.3,11,9,3,45.354023668047574,1.5457793979228929,0.04699367088607595,0.030400279088867832,40
Phonemic_and_Neologism,Phonemic,Neologism,1,1,1135,92808.53673760565,165.81999133795486,23.215114246831043,0.020288083806198166,11.0,2.0,0.4,11,9,4,72.75812355088694,1.8900362433306683,0.047310126582278476,0.025030332996507733,40
Phonemic_and_Neologism,Phonemic,Neologism,1,1,1135,92808.53673760565,165.81999133795486,23.215114246831043,0.020288083806198166,11.0,2.0,0.5,11,9,5,38.60357779102657,1.4510324405182367,0.03955696202531646,0.0272602526920409,40
Phonemic_and_Neologism,Phonemic,Neologism,1,1,1135,92808.53673760565,165.81999133795486,23.215114246831043,0.020288083806198166,11.0,2.0,0.6,11,9,6,35.15485716019455,1.3997458416423367,0.026898734177215184,0.01921587021813518,40
Phonemic_and_Neologism,Phonemic,Neologism,1,1,1135,92808.53673760565,165.81999133795486,23.215114246831043,0.020288083806198166,12.0,1.2,1.0,12,1,10,37.71868849610923,1.438076350272159,0.032278481012658226,0.022444596165008525,30
Phonemic_and_Neologism,Phonemic,Neologism,1,1,1135,92808.53673760565,165.81999133795486,23.215114246831043,0.020288083806198166,12.0,1.3,0.8,12,2,8,24.537825250184248,1.2228177328245953,0.03164556962025316,0.025878220402827196,40
Phonemic_and_Neologism,Phonemic,Neologism,1,1,1135,92808.53673760565,165.81999133795486,23.215114246831043,0.020288083806198166,12.0,1.3,0.9,12,2,9,44.5971325226026,1.535444729945828,0.039398734177215185,0.02565849357135454,40
Phonemic_and_Neologism,Phonemic,Neologism,1,1,1135,92808.53673760565,165.81999133795486,23.215114246831043,0.020288083806198166,12.0,1.3,1.0,12,2,10,54.13111997465381,1.6600767326397545,0.05,0.030118089688398318,30
Phonemic_and_Neologism,Phonemic,Neologism,1,1,1135,92808.53673760565,165.81999133795486,23.215114246831043,0.020288083806198166,12.0,1.4,0.7,12,3,7,57.29147781206901,1.699368559455224,0.041613924050632925,0.02448687452203619,40
Phonemic_and_Neologism,Phonemic,Neologism,1,1,1135,92808.53673760565,165.81999133795486,23.215114246831043,0.020288083806198166,12.0,1.4,0.8,12,3,8,58.086442746324416,1.7090929182208514,0.0473101265822785,0.027680424501792367,40
Phonemic_and_Neologism,Phonemic,Neologism,1,1,1135,92808.53673760565,165.81999133795486,23.215114246831043,0.020288083806198166,12.0,1.4,0.9,12,3,9,75.71776030862773,2.069040459268171,0.049525316455696196,0.02393536926424026,40
Phonemic_and_Neologism,Phonemic,Neologism,1,1,1135,92808.53673760565,165.81999133795486,23.215114246831043,0.020288083806198166,12.0,1.4,1.0,12,3,10,76.18439753601919,2.1125639950397677,0.05085115670013095,0.024069824277762865,29
Phonemic_and_Neologism,Phonemic,Neologism,1,1,1135,92808.53673760565,165.81999133795486,23.215114246831043,0.020288083806198166,12.0,1.5,0.6,12,4,6,35.12563163723183,1.399299530907595,0.03686708860759494,0.02634581695611139,40
Phonemic_and_Neologism,Phonemic,Neologism,1,1,1135,92808.53673760565,165.81999133795486,23.215114246831043,0.020288083806198166,12.0,1.5,0.7,12,4,7,65.63450608791254,1.799355588988956,0.05268987341772152,0.02928163526128682,40
Phonemic_and_Neologism,Phonemic,Neologism,1,1,1135,92808.53673760565,165.81999133795486,23.215114246831043,0.020288083806198166,12.0,1.5,0.8,12,4,8,48.90317794927912,1.593021433786489,0.04794303797468354,0.03009466409958882,40
Phonemic_and_Neologism,Phonemic,Neologism,1,1,1135,92808.53673760565,165.81999133795486,23.215114246831043,0.020288083806198166,12.0,1.5,0.9,12,4,9,62.117971742184324,1.7577451137522038,0.0454113924050633,0.025834026961403415,40
Phonemic_and_Neologism,Phonemic,Neologism,1,1,1135,92808.53673760565,165.81999133795486,23.215114246831043,0.020288083806198166,12.0,1.5,1.0,12,4,10,72.67153678957209,1.8847098685574626,0.044740288083806194,0.02373755458084376,29
Phonemic_and_Neologism,Phonemic,Neologism,1,1,1135,92808.53673760565,165.81999133795486,23.215114246831043,0.020288083806198166,12.0,1.6,0.5,12,5,5,29.80240089488723,1.3149370669584672,0.034335443037974686,0.026110852727214345,40
Phonemic_and_Neologism,Phonemic,Neologism,1,1,1135,92808.53673760565,165.81999133795486,23.215114246831043,0.020288083806198166,12.0,1.6,0.6,12,5,6,66.45403221741766,1.8090140680959694,0.04794303797468354,0.02650130245315048,40
Phonemic_and_Neologism,Phonemic,Neologism,1,1,1135,92808.53673760565,165.81999133795486,23.215114246831043,0.020288083806198166,12.0,1.6,0.7,12,5,7,72.53067502012163,1.8794509844957803,0.05237341772151899,0.02786533870931715,40
Phonemic_and_Neologism,Phonemic,Neologism,1,1,1135,92808.53673760565,165.81999133795486,23.215114246831043,0.020288083806198166,12.0,1.6,0.8,12,5,8,34.839067189598865,1.3949170029288924,0.045411392405063304,0.03255390635623014,40
Phonemic_and_Neologism,Phonemic,Neologism,1,1,1135,92808.53673760565,165.81999133795486,23.215114246831043,0.020288083806198166,12.0,1.6,0.9,12,5,9,53.46978862464762,1.6517239788445912,0.04193037974683544,0.025384827343964845,40
Phonemic_and_Neologism,Phonemic,Neologism,1,1,1135,92808.53673760565,165.81999133795486,23.215114246831043,0.020288083806198166,12.0,1.6,1.0,12,5,10,45.44443757579844,1.5470098455445946,0.03230030554343082,0.020878185505157614,29
Phonemic_and_Neologism,Phonemic,Neologism,1,1,1135,92808.53673760565,165.81999133795486,23.215114246831043,0.020288083806198166,12.0,1.7,0.4,12,6,4,37.72852663588184,1.4382211443926702,0.04367088607594937,0.030363514001350355,40
Phonemic_and_Neologism,Phonemic,Neologism,1,1,1135,92808.53673760565,165.81999133795486,23.215114246831043,0.020288083806198166,12.0,1.7,0.5,12,6,5,34.15341360243013,1.3843834498458343,0.047784810126582276,0.034516033652709166,40
Phonemic_and_Neologism,Phonemic,Neologism,1,1,1135,92808.53673760565,165.81999133795486,23.215114246831043,0.020288083806198166,12.0,1.7,0.6,12,6,6,69.47727121245612,1.8456092833600906,0.05094936708860759,0.027604716739704452,40
Phonemic_and_Neologism,Phonemic,Neologism,1,1,1135,92808.53673760565,165.81999133795486,23.215114246831043,0.020288083806198166,12.0,1.7,0.7,12,6,7,64.71969121183044,1.7885600898725402,0.044620253164556964,0.024946584046637636,40
Phonemic_and_Neologism,Phonemic,Neologism,1,1,1135,92808.53673760565,165.81999133795486,23.215114246831043,0.020288083806198166,12.0,1.7,0.8,12,6,8,33.55238962806736,1.3750737631346357,0.036234177215189886,0.02634971527551365,40
Phonemic_and_Neologism,Phonemic,Neologism,1,1,1135,92808.53673760565,165.81999133795486,23.215114246831043,0.020288083806198166,12.0,1.8,0.4,12,7,4,44.64951005899152,1.5361641059747622,0.04319620253164557,0.028118523404848546,40
Phonemic_and_Neologism,Phonemic,Neologism,1,1,1135,92808.53673760565,165.81999133795486,23.215114246831043,0.020288083806198166,12.0,1.8,0.5,12,7,5,30.444378533973055,1.3254906588272666,0.04240506329113924,0.031990974450168734,40
Phonemic_and_Neologism,Phonemic,Neologism,1,1,1135,92808.53673760565,165.81999133795486,23.215114246831043,0.020288083806198166,12.0,1.8,0.6,12,7,6,69.49406599565329,1.8505201149579455,0.04683544303797469,0.02530834014680465,40
Phonemic_and_Neologism,Phonemic,Neologism,1,1,1135,92808.53673760565,165.81999133795486,23.215114246831043,0.020288083806198166,12.0,1.8,0.7,12,7,7,25.023909609843926,1.23179252720908,0.03180379746835443,0.025818118695591967,40
Phonemic_and_Neologism,Phonemic,Neologism,1,1,1135,92808.53673760565,165.81999133795486,23.215114246831043,0.020288083806198166,12.0,1.9,0.3,12,8,3,64.63059309168706,1.7875084141927893,0.04620253164556963,0.025846448481205594,40
Phonemic_and_Neologism,Phonemic,Neologism,1,1,1135,92808.53673760565,165.81999133795486,23.215114246831043,0.020288083806198166,12.0,1.9,0.4,12,8,4,76.65695636248884,1.9286198558508798,0.04715189873417722,0.024447518763888006,40
Phonemic_and_Neologism,Phonemic,Neologism,1,1,1135,92808.53673760565,165.81999133795486,23.215114246831043,0.020288083806198166,12.0,1.9,0.5,12,8,5,41.166850118759335,1.4877359066201765,0.04145569620253166,0.027863956420061335,40
Phonemic_and_Neologism,Phonemic,Neologism,1,1,1135,92808.53673760565,165.81999133795486,23.215114246831043,0.020288083806198166,12.0,1.9,0.6,12,8,6,43.27536609872372,1.5171987464250623,0.039873417721518985,0.026279945601538183,40
Phonemic_and_Neologism,Phonemic,Neologism,1,1,1135,92808.53673760565,165.81999133795486,23.215114246831043,0.020288083806198166,12.0,2.0,0.3,12,9,3,72.49420678380972,1.8790338953437509,0.05379746835443037,0.02862938739627879,40
Phonemic_and_Neologism,Phonemic,Neologism,1,1,1135,92808.53673760565,165.81999133795486,23.215114246831043,0.020288083806198166,12.0,2.0,0.4,12,9,4,50.6348095569134,1.6154773911877087,0.044145569620253164,0.027325640323822217,40
Phonemic_and_Neologism,Phonemic,Neologism,1,1,1135,92808.53673760565,165.81999133795486,23.215114246831043,0.020288083806198166,12.0,2.0,0.5,12,9,5,44.033937280001,1.527690558709034,0.040664556962025325,0.02661732052977317,40
Phonemic_and_Neologism,Phonemic,Neologism,1,1,1135,92808.53673760565,165.81999133795486,23.215114246831043,0.020288083806198166,13.0,1.2,0.9,13,1,9,38.64022500628109,1.4515666530619078,0.044620253164556964,0.030738376018618112,40
Phonemic_and_Neologism,Phonemic,Neologism,1,1,1135,92808.53673760565,165.81999133795486,23.215114246831043,0.020288083806198166,13.0,1.2,1.0,13,1,10,70.58612088316006,1.8571195985509374,0.04472573839662448,0.024082391522830742,30
Phonemic_and_Neologism,Phonemic,Neologism,1,1,1135,92808.53673760565,165.81999133795486,23.215114246831043,0.020288083806198166,13.0,1.3,0.8,13,2,8,42.58194531137079,1.5075438847114389,0.04857594936708862,0.03222091397525161,40
Phonemic_and_Neologism,Phonemic,Neologism,1,1,1135,92808.53673760565,165.81999133795486,23.215114246831043,0.020288083806198166,13.0,1.3,0.9,13,2,9,75.32948133103808,2.03422553901237,0.04651898734177216,0.022867156185059714,40
Phonemic_and_Neologism,Phonemic,Neologism,1,1,1135,92808.53673760565,165.81999133795486,23.215114246831043,0.020288083806198166,13.0,1.3,1.0,13,2,10,79.685980799772,2.5659793700934594,0.05759493670886077,0.022444596165008532,30
Phonemic_and_Neologism,Phonemic,Neologism,1,1,1135,92808.53673760565,165.81999133795486,23.215114246831043,0.020288083806198166,13.0,1.4,0.7,13,3,7,68.8508633962773,1.8370073988936246,0.0504746835443038,0.02747558151769188,40
Phonemic_and_Neologism,Phonemic,Neologism,1,1,1135,92808.53673760565,165.81999133795486,23.215114246831043,0.020288083806198166,13.0,1.4,0.8,13,3,8,60.96864024236757,1.7440041645876054,0.056329113924050635,0.032297726727737175,40
Phonemic_and_Neologism,Phonemic,Neologism,1,1,1135,92808.53673760565,165.81999133795486,23.215114246831043,0.020288083806198166,13.0,1.4,0.9,13,3,9,79.2516456504885,2.4983518971138667,0.052531645569620256,0.02102551977501872,40
Phonemic_and_Neologism,Phonemic,Neologism,1,1,1135,92808.53673760565,165.81999133795486,23.215114246831043,0.020288083806198166,13.0,1.4,1.0,13,3,10,78.29651369640135,2.3351057720474278,0.058707987778262756,0.025140468314211486,29
Phonemic_and_Neologism,Phonemic,Neologism,1,1,1135,92808.53673760565,165.81999133795486,23.215114246831043,0.020288083806198166,13.0,1.5,0.5,13,4,5,42.158841016651486,1.5016470233735761,0.039873417721518985,0.026552122738484844,40
Phonemic_and_Neologism,Phonemic,Neologism,1,1,1135,92808.53673760565,165.81999133795486,23.215114246831043,0.020288083806198166,13.0,1.5,0.6,13,4,6,58.62924222470794,1.7157109111145328,0.0439873417721519,0.02563696819568953,40
Phonemic_and_Neologism,Phonemic,Neologism,1,1,1135,92808.53673760565,165.81999133795486,23.215114246831043,0.020288083806198166,13.0,1.5,0.7,13,4,7,79.14873882307755,2.304142658150407,0.05490506329113924,0.023827847183972933,40
Phonemic_and_Neologism,Phonemic,Neologism,1,1,1135,92808.53673760565,165.81999133795486,23.215114246831043,0.020288083806198166,13.0,1.5,0.8,13,4,8,57.14612651603179,1.6975818304080208,0.05363924050632911,0.031596440279763535,40
Phonemic_and_Neologism,Phonemic,Neologism,1,1,1135,92808.53673760565,165.81999133795486,23.215114246831043,0.020288083806198166,13.0,1.5,0.9,13,4,9,64.73153604409372,1.7887001179918198,0.051107594936708856,0.028571478093246585,40
Phonemic_and_Neologism,Phonemic,Neologism,1,1,1135,92808.53673760565,165.81999133795486,23.215114246831043,0.020288083806198166,13.0,1.5,1.0,13,4,10,77.69125923912688,2.2692656193497376,0.05085115670013095,0.022407640163817598,29
Phonemic_and_Neologism,Phonemic,Neologism,1,1,1135,92808.53673760565,165.81999133795486,23.215114246831043,0.020288083806198166,13.0,1.6,0.5,13,5,5,77.41024636326809,1.9374548939868712,0.04525316455696203,0.023356015792940922,40
Phonemic_and_Neologism,Phonemic,Neologism,1,1,1135,92808.53673760565,165.81999133795486,23.215114246831043,0.020288083806198166,13.0,1.6,0.6,13,5,6,77.88906815109782,2.0375156530002196,0.05174050632911391,0.02539291844814864,40
Phonemic_and_Neologism,Phonemic,Neologism,1,1,1135,92808.53673760565,165.81999133795486,23.215114246831043,0.020288083806198166,13.0,1.6,0.7,13,5,7,77.60630291097071,1.9670958588462624,0.0504746835443038,0.025658493571354538,40
Phonemic_and_Neologism,Phonemic,Neologism,1,1,1135,92808.53673760565,165.81999133795486,23.215114246831043,0.020288083806198166,13.0,1.6,0.8,13,5,8,27.655580984553986,1.2786626696438899,0.04367088607594937,0.034152563025431716,40
Phonemic_and_Neologism,Phonemic,Neologism,1,1,1135,92808.53673760565,165.81999133795486,23.215114246831043,0.020288083806198166,13.0,1.6,0.9,13,5,9,43.6591063445765,1.5225121906722088,0.043829113924050644,0.028786364851705736,40
Phonemic_and_Neologism,Phonemic,Neologism,1,1,1135,92808.53673760565,165.81999133795486,23.215114246831043,0.020288083806198166,13.0,1.6,1.0,13,5,10,47.50550653659434,1.5746503670988496,0.034482758620689655,0.021897676265653185,29
Phonemic_and_Neologism,Phonemic,Neologism,1,1,1135,92808.53673760565,165.81999133795486,23.215114246831043,0.020288083806198166,13.0,1.7,0.4,13,6,4,48.09402617213194,1.5824179229987896,0.04082278481012658,0.0257967265151071,40
Phonemic_and_Neologism,Phonemic,Neologism,1,1,1135,92808.53673760565,165.81999133795486,23.215114246831043,0.020288083806198166,13.0,1.7,0.5,13,6,5,78.31623515612806,1.9480688565968,0.05142405063291141,0.026396450202426217,40
Phonemic_and_Neologism,Phonemic,Neologism,1,1,1135,92808.53673760565,165.81999133795486,23.215114246831043,0.020288083806198166,13.0,1.7,0.6,13,6,6,58.34353120635074,1.7122283286870088,0.048259493670886076,0.02818419753606284,40
Phonemic_and_Neologism,Phonemic,Neologism,1,1,1135,92808.53673760565,165.81999133795486,23.215114246831043,0.020288083806198166,13.0,1.7,0.7,13,6,7,65.73040132466005,1.8004854623161923,0.044620253164556964,0.02478134570533898,40
Phonemic_and_Neologism,Phonemic,Neologism,1,1,1135,92808.53673760565,165.81999133795486,23.215114246831043,0.020288083806198166,13.0,1.7,0.8,13,6,8,24.598943021410008,1.2239527617737014,0.03322784810126582,0.027146982454088673,40
Phonemic_and_Neologism,Phonemic,Neologism,1,1,1135,92808.53673760565,165.81999133795486,23.215114246831043,0.020288083806198166,13.0,1.7,0.9,13,6,9,28.58780909039538,1.2946101068730125,0.029430379746835444,0.02273200632413667,40
Phonemic_and_Neologism,Phonemic,Neologism,1,1,1135,92808.53673760565,165.81999133795486,23.215114246831043,0.020288083806198166,13.0,1.8,0.4,13,7,4,90.1467502957013,2.325468290608983,0.04857594936708861,0.020887674149311992,40
Phonemic_and_Neologism,Phonemic,Neologism,1,1,1135,92808.53673760565,165.81999133795486,23.215114246831043,0.020288083806198166,13.0,1.8,0.5,13,7,5,86.3172391637757,2.0394788485799937,0.049367088607594936,0.024204736991078498,40
Phonemic_and_Neologism,Phonemic,Neologism,1,1,1135,92808.53673760565,165.81999133795486,23.215114246831043,0.020288083806198166,13.0,1.8,0.6,13,7,6,69.47048059360495,1.8441991747518334,0.045569620253164564,0.024708706455267602,40
Phonemic_and_Neologism,Phonemic,Neologism,1,1,1135,92808.53673760565,165.81999133795486,23.215114246831043,0.020288083806198166,13.0,1.8,0.7,13,7,7,57.03003725914375,1.6961549044647748,0.031170886075949367,0.01837638168483226,40
Phonemic_and_Neologism,Phonemic,Neologism,1,1,1135,92808.53673760565,165.81999133795486,23.215114246831043,0.020288083806198166,13.0,1.9,0.3,13,8,3,88.5010539983701,2.063796394518559,0.047784810126582276,0.023152839329063018,40
Phonemic_and_Neologism,Phonemic,Neologism,1,1,1135,92808.53673760565,165.81999133795486,23.215114246831043,0.020288083806198166,13.0,1.9,0.4,13,8,4,89.50454194624675,2.2002497201891846,0.053797468354430375,0.024449619336883586,40
Phonemic_and_Neologism,Phonemic,Neologism,1,1,1135,92808.53673760565,165.81999133795486,23.215114246831043,0.020288083806198166,13.0,1.9,0.5,13,8,5,44.24133372257373,1.5305505307962894,0.04683544303797469,0.03059938992218566,40
Phonemic_and_Neologism,Phonemic,Neologism,1,1,1135,92808.53673760565,165.81999133795486,23.215114246831043,0.020288083806198166,13.0,1.9,0.6,13,8,6,35.448504335107586,1.4042105386181618,0.034018987341772146,0.024225415061126895,40
Phonemic_and_Neologism,Phonemic,Neologism,1,1,1135,92808.53673760565,165.81999133795486,23.215114246831043,0.020288083806198166,13.0,2.0,0.3,13,9,3,95.04749557658435,2.13624128426879,0.05300632911392404,0.02481189426632698,40
Phonemic_and_Neologism,Phonemic,Neologism,1,1,1135,92808.53673760565,165.81999133795486,23.215114246831043,0.020288083806198166,13.0,2.0,0.4,13,9,4,73.95646959046624,1.8965729726793974,0.04509493670886077,0.023776063871764747,40
Phonemic_and_Neologism,Phonemic,Neologism,1,1,1135,92808.53673760565,165.81999133795486,23.215114246831043,0.020288083806198166,13.0,2.0,0.5,13,9,5,43.19262525000923,1.5160497968189623,0.04003164556962026,0.026404231314707663,40
Phonemic_and_Neologism,Phonemic,Neologism,1,1,1135,92808.53673760565,165.81999133795486,23.215114246831043,0.020288083806198166,14.0,1.1,1.0,14,0,10,50.51149376115026,1.6138841507384178,0.0430379746835443,0.026666325943967333,30
Phonemic_and_Neologism,Phonemic,Neologism,1,1,1135,92808.53673760565,165.81999133795486,23.215114246831043,0.020288083806198166,14.0,1.2,0.9,14,1,9,35.722980560030685,1.4083682011025422,0.046677215189873424,0.033141764195706865,40
Phonemic_and_Neologism,Phonemic,Neologism,1,1,1135,92808.53673760565,165.81999133795486,23.215114246831043,0.020288083806198166,14.0,1.2,1.0,14,1,10,55.532277690781164,1.6776249369426717,0.05189873417721518,0.03093483853837807,30
Phonemic_and_Neologism,Phonemic,Neologism,1,1,1135,92808.53673760565,165.81999133795486,23.215114246831043,0.020288083806198166,14.0,1.3,0.8,14,2,8,49.85665291222001,1.723342803776887,0.05031645569620254,0.029196009199753372,40
Phonemic_and_Neologism,Phonemic,Neologism,1,1,1135,92808.53673760565,165.81999133795486,23.215114246831043,0.020288083806198166,14.0,1.3,0.9,14,2,9,38.17828870276938,1.444818217191915,0.045094936708860764,0.031210495101788856,40
Phonemic_and_Neologism,Phonemic,Neologism,1,1,1135,92808.53673760565,165.81999133795486,23.215114246831043,0.020288083806198166,14.0,1.3,1.0,14,2,10,43.40738999456127,1.5190283262880158,0.05168776371308016,0.034025859682983876,30
Phonemic_and_Neologism,Phonemic,Neologism,1,1,1135,92808.53673760565,165.81999133795486,23.215114246831043,0.020288083806198166,14.0,1.4,0.6,14,3,6,37.26484748269944,1.4313838703624389,0.03955696202531646,0.02763446721767955,40
Phonemic_and_Neologism,Phonemic,Neologism,1,1,1135,92808.53673760565,165.81999133795486,23.215114246831043,0.020288083806198166,14.0,1.4,0.7,14,3,7,54.220815155863384,1.6612056548948588,0.04984177215189874,0.030002372553564617,40
Phonemic_and_Neologism,Phonemic,Neologism,1,1,1135,92808.53673760565,165.81999133795486,23.215114246831043,0.020288083806198166,14.0,1.4,0.8,14,3,8,49.51818964019127,1.6010241536216105,0.052215189873417736,0.03261261782413083,40
Phonemic_and_Neologism,Phonemic,Neologism,1,1,1135,92808.53673760565,165.81999133795486,23.215114246831043,0.020288083806198166,14.0,1.4,0.9,14,3,9,70.20794250966485,1.852746201977181,0.05110759493670887,0.027583779222415228,40
Phonemic_and_Neologism,Phonemic,Neologism,1,1,1135,92808.53673760565,165.81999133795486,23.215114246831043,0.020288083806198166,14.0,1.4,1.0,14,3,10,52.42021766874135,1.6383837686277356,0.05739851593190748,0.035032620956818236,29
Phonemic_and_Neologism,Phonemic,Neologism,1,1,1135,92808.53673760565,165.81999133795486,23.215114246831043,0.020288083806198166,14.0,1.5,0.5,14,4,5,27.33274705740423,1.2730662665821628,0.050632911392405056,0.03977140833530266,40
Phonemic_and_Neologism,Phonemic,Neologism,1,1,1135,92808.53673760565,165.81999133795486,23.215114246831043,0.020288083806198166,14.0,1.5,0.6,14,4,6,41.803075756503446,1.4966715231718222,0.04414556962025318,0.02949483053915374,40
Phonemic_and_Neologism,Phonemic,Neologism,1,1,1135,92808.53673760565,165.81999133795486,23.215114246831043,0.020288083806198166,14.0,1.5,0.7,14,4,7,60.88097808237463,1.7429499533108037,0.04636075949367089,0.02659801932674932,40
Phonemic_and_Neologism,Phonemic,Neologism,1,1,1135,92808.53673760565,165.81999133795486,23.215114246831043,0.020288083806198166,14.0,1.5,0.8,14,4,8,61.80762381846183,2.0059071428994693,0.04382911392405064,0.021849021362752203,40
Phonemic_and_Neologism,Phonemic,Neologism,1,1,1135,92808.53673760565,165.81999133795486,23.215114246831043,0.020288083806198166,14.0,1.5,0.9,14,4,9,42.538940767365226,1.506944986390509,0.04098101265822785,0.027193763596770115,40
Phonemic_and_Neologism,Phonemic,Neologism,1,1,1135,92808.53673760565,165.81999133795486,23.215114246831043,0.020288083806198166,14.0,1.5,1.0,14,4,10,53.069707608568784,1.6466425223500771,0.04452204277608032,0.027037074246096086,29
Phonemic_and_Neologism,Phonemic,Neologism,1,1,1135,92808.53673760565,165.81999133795486,23.215114246831043,0.020288083806198166,14.0,1.6,0.4,14,5,4,26.737002047437727,1.2626203884431055,0.04746835443037974,0.037594111614593334,40
Phonemic_and_Neologism,Phonemic,Neologism,1,1,1135,92808.53673760565,165.81999133795486,23.215114246831043,0.020288083806198166,14.0,1.6,0.5,14,5,5,62.99311158425142,1.7681472295488372,0.04952531645569622,0.02800872431935612,40
Phonemic_and_Neologism,Phonemic,Neologism,1,1,1135,92808.53673760565,165.81999133795486,23.215114246831043,0.020288083806198166,14.0,1.6,0.6,14,5,6,42.64242153188745,1.5083887129146984,0.043987341772151904,0.029160807825486856,40
Phonemic_and_Neologism,Phonemic,Neologism,1,1,1135,92808.53673760565,165.81999133795486,23.215114246831043,0.020288083806198166,14.0,1.6,0.7,14,5,7,50.09872918529047,1.6085501888005065,0.0435126582278481,0.027049855192958213,40
Phonemic_and_Neologism,Phonemic,Neologism,1,1,1135,92808.53673760565,165.81999133795486,23.215114246831043,0.020288083806198166,14.0,1.6,0.8,14,5,8,30.846524500480875,1.3320462571413272,0.04319620253164557,0.03242745531832199,40
Phonemic_and_Neologism,Phonemic,Neologism,1,1,1135,92808.53673760565,165.81999133795486,23.215114246831043,0.020288083806198166,14.0,1.7,0.3,14,6,3,25.972301736726184,1.2490010042951953,0.0254746835443038,0.020395047286350287,40
Phonemic_and_Neologism,Phonemic,Neologism,1,1,1135,92808.53673760565,165.81999133795486,23.215114246831043,0.020288083806198166,14.0,1.7,0.4,14,6,4,76.30190152832417,1.92443387714186,0.05648734177215189,0.029351705979197385,40
Phonemic_and_Neologism,Phonemic,Neologism,1,1,1135,92808.53673760565,165.81999133795486,23.215114246831043,0.020288083806198166,14.0,1.7,0.5,14,6,5,64.3894304532981,1.7846657821379697,0.05791139240506329,0.03244843282079818,40
Phonemic_and_Neologism,Phonemic,Neologism,1,1,1135,92808.53673760565,165.81999133795486,23.215114246831043,0.020288083806198166,14.0,1.7,0.6,14,6,6,35.08468308543566,1.3986740518144571,0.04161392405063292,0.02975141014634428,40
Phonemic_and_Neologism,Phonemic,Neologism,1,1,1135,92808.53673760565,165.81999133795486,23.215114246831043,0.020288083806198166,14.0,1.7,0.7,14,6,7,34.749134650196716,1.3935390199300433,0.04430379746835443,0.03179129058873322,40
Phonemic_and_Neologism,Phonemic,Neologism,1,1,1135,92808.53673760565,165.81999133795486,23.215114246831043,0.020288083806198166,14.0,1.8,0.3,14,7,3,44.00953903905066,1.5273535751825553,0.04477848101265823,0.02931669155501936,40
Phonemic_and_Neologism,Phonemic,Neologism,1,1,1135,92808.53673760565,165.81999133795486,23.215114246831043,0.020288083806198166,14.0,1.8,0.4,14,7,4,83.89458092122813,2.0122009415521087,0.06534810126582277,0.03247493215785725,40
Phonemic_and_Neologism,Phonemic,Neologism,1,1,1135,92808.53673760565,165.81999133795486,23.215114246831043,0.020288083806198166,14.0,1.8,0.5,14,7,5,63.61753361659392,1.7755432742786033,0.05126582278481012,0.02887231642515964,40
Phonemic_and_Neologism,Phonemic,Neologism,1,1,1135,92808.53673760565,165.81999133795486,23.215114246831043,0.020288083806198166,14.0,1.8,0.6,14,7,6,23.31830202778544,1.1998220848688692,0.029746835443037977,0.024791705367053704,40
Phonemic_and_Neologism,Phonemic,Neologism,1,1,1135,92808.53673760565,165.81999133795486,23.215114246831043,0.020288083806198166,14.0,1.9,0.3,14,8,3,67.09672536995934,1.8165698507224808,0.05411392405063291,0.029788068682996625,40
Phonemic_and_Neologism,Phonemic,Neologism,1,1,1135,92808.53673760565,165.81999133795486,23.215114246831043,0.020288083806198166,14.0,1.9,0.4,14,8,4,89.18183963590008,2.152118679244053,0.0569620253164557,0.026466882959160977,40
Phonemic_and_Neologism,Phonemic,Neologism,1,1,1135,92808.53673760565,165.81999133795486,23.215114246831043,0.020288083806198166,14.0,1.9,0.5,14,8,5,59.29088932853611,1.723737334532294,0.038765822784810125,0.022488402537265664,40
Phonemic_and_Neologism,Phonemic,Neologism,1,1,1135,92808.53673760565,165.81999133795486,23.215114246831043,0.020288083806198166,14.0,2.0,0.2,14,9,2,25.629612691065912,1.2428194567579525,0.04382911392405063,0.03526487364377467,40
Phonemic_and_Neologism,Phonemic,Neologism,1,1,1135,92808.53673760565,165.81999133795486,23.215114246831043,0.020288083806198166,14.0,2.0,0.3,14,9,3,96.0898235245602,2.206892831789336,0.05474683544303799,0.024806201625032952,40
Phonemic_and_Neologism,Phonemic,Neologism,1,1,1135,92808.53673760565,165.81999133795486,23.215114246831043,0.020288083806198166,14.0,2.0,0.4,14,9,4,85.1086386644056,2.025926870392747,0.051582278481012656,0.025460076228784552,40
Phonemic_and_Neologism,Phonemic,Neologism,1,1,1135,92808.53673760565,165.81999133795486,23.215114246831043,0.020288083806198166,14.0,2.0,0.5,14,9,5,49.57890371887792,1.6018129130681429,0.03259493670886076,0.020347778838614678,40
Phonemic_and_Neologism,Phonemic,Neologism,1,1,1135,92808.53673760565,165.81999133795486,23.215114246831043,0.020288083806198166,15.0,1.2,0.9,15,1,9,32.56107076609794,1.359522842205466,0.0528481012658228,0.0388715364702889,40
Phonemic_and_Neologism,Phonemic,Neologism,1,1,1135,92808.53673760565,165.81999133795486,23.215114246831043,0.020288083806198166,15.0,1.2,1.0,15,1,10,73.5732944405373,1.8919810700314084,0.05527426160337552,0.029214018310123963,30
Phonemic_and_Neologism,Phonemic,Neologism,1,1,1135,92808.53673760565,165.81999133795486,23.215114246831043,0.020288083806198166,15.0,1.3,0.7,15,2,7,24.01403455911509,1.2130284116323449,0.05205696202531647,0.04291387447953885,40
Phonemic_and_Neologism,Phonemic,Neologism,1,1,1135,92808.53673760565,165.81999133795486,23.215114246831043,0.020288083806198166,15.0,1.3,0.8,15,2,8,40.21735502192117,1.4742822012266523,0.0653481012658228,0.04432436810893531,40
Phonemic_and_Neologism,Phonemic,Neologism,1,1,1135,92808.53673760565,165.81999133795486,23.215114246831043,0.020288083806198166,15.0,1.3,0.9,15,2,9,54.54106560061363,1.6652310110993924,0.0598101265822785,0.03591601462657221,40
Phonemic_and_Neologism,Phonemic,Neologism,1,1,1135,92808.53673760565,165.81999133795486,23.215114246831043,0.020288083806198166,15.0,1.3,1.0,15,2,10,88.12910994226982,2.0596594551774854,0.059799214316892196,0.029032544436956045,29
Phonemic_and_Neologism,Phonemic,Neologism,1,1,1135,92808.53673760565,165.81999133795486,23.215114246831043,0.020288083806198166,15.0,1.4,0.6,15,3,6,42.290153003440686,1.5034796610372028,0.06250000000000001,0.04156923311967071,40
Phonemic_and_Neologism,Phonemic,Neologism,1,1,1135,92808.53673760565,165.81999133795486,23.215114246831043,0.020288083806198166,15.0,1.4,0.7,15,3,7,50.69509974996288,1.616256028894952,0.05917721518987342,0.03661276300036659,40
Phonemic_and_Neologism,Phonemic,Neologism,1,1,1135,92808.53673760565,165.81999133795486,23.215114246831043,0.020288083806198166,15.0,1.4,0.8,15,3,8,74.66628582645329,1.9050418576117654,0.056170886075949354,0.02948438156865874,40
Phonemic_and_Neologism,Phonemic,Neologism,1,1,1135,92808.53673760565,165.81999133795486,23.215114246831043,0.020288083806198166,15.0,1.4,0.9,15,3,9,70.6386313691024,1.8577272413670765,0.05965189873417722,0.03210914911439862,40
Phonemic_and_Neologism,Phonemic,Neologism,1,1,1135,92808.53673760565,165.81999133795486,23.215114246831043,0.020288083806198166,15.0,1.4,1.0,15,3,10,81.48904597927758,1.9847427870272174,0.05041466608467917,0.025400108100355482,29
Phonemic_and_Neologism,Phonemic,Neologism,1,1,1135,92808.53673760565,165.81999133795486,23.215114246831043,0.020288083806198166,15.0,1.5,0.5,15,4,5,43.63278157963279,1.5221481193051758,0.07420886075949369,0.04875171980322668,40
Phonemic_and_Neologism,Phonemic,Neologism,1,1,1135,92808.53673760565,165.81999133795486,23.215114246831043,0.020288083806198166,15.0,1.5,0.6,15,4,6,101.99486054555018,2.5818722673812804,0.06186708860759492,0.02396110276906725,40
Phonemic_and_Neologism,Phonemic,Neologism,1,1,1135,92808.53673760565,165.81999133795486,23.215114246831043,0.020288083806198166,15.0,1.5,0.7,15,4,7,48.68567070325507,1.5901772568898829,0.056329113924050635,0.03542216661868302,40
Phonemic_and_Neologism,Phonemic,Neologism,1,1,1135,92808.53673760565,165.81999133795486,23.215114246831043,0.020288083806198166,15.0,1.5,0.8,15,4,8,42.68916140419628,1.5090419013990735,0.05490506329113924,0.03638305483653918,40
Phonemic_and_Neologism,Phonemic,Neologism,1,1,1135,92808.53673760565,165.81999133795486,23.215114246831043,0.020288083806198166,15.0,1.5,0.9,15,4,9,58.66580391463039,1.7161565211050362,0.04794303797468354,0.027935285172760893,40
Phonemic_and_Neologism,Phonemic,Neologism,1,1,1135,92808.53673760565,165.81999133795486,23.215114246831043,0.020288083806198166,15.0,1.5,1.0,15,4,10,62.60278231627817,1.763510589799253,0.044740288083806194,0.025369013847719026,29
Phonemic_and_Neologism,Phonemic,Neologism,1,1,1135,92808.53673760565,165.81999133795486,23.215114246831043,0.020288083806198166,15.0,1.6,0.4,15,5,4,32.08204136243314,1.3519181389626418,0.055854430379746835,0.04131395004764507,40
Phonemic_and_Neologism,Phonemic,Neologism,1,1,1135,92808.53673760565,165.81999133795486,23.215114246831043,0.020288083806198166,15.0,1.6,0.5,15,5,5,99.73518949730398,2.2303367686338613,0.07452531645569621,0.033413378269585216,40
Phonemic_and_Neologism,Phonemic,Neologism,1,1,1135,92808.53673760565,165.81999133795486,23.215114246831043,0.020288083806198166,15.0,1.6,0.6,15,5,6,100.47979947349666,2.3313941180283546,0.060601265822784814,0.02599257412552577,40
Phonemic_and_Neologism,Phonemic,Neologism,1,1,1135,92808.53673760565,165.81999133795486,23.215114246831043,0.020288083806198166,15.0,1.6,0.7,15,5,7,52.19968436390699,1.6355710934847023,0.04572784810126583,0.0279573371725159,40
Phonemic_and_Neologism,Phonemic,Neologism,1,1,1135,92808.53673760565,165.81999133795486,23.215114246831043,0.020288083806198166,15.0,1.6,0.8,15,5,8,44.264652872984996,1.5308719819017635,0.041455696202531644,0.027078792884465935,40
Phonemic_and_Neologism,Phonemic,Neologism,1,1,1135,92808.53673760565,165.81999133795486,23.215114246831043,0.020288083806198166,15.0,1.6,0.9,15,5,9,29.09237959224279,1.3031167138446464,0.03575949367088608,0.027440512560592645,40
Phonemic_and_Neologism,Phonemic,Neologism,1,1,1135,92808.53673760565,165.81999133795486,23.215114246831043,0.020288083806198166,15.0,1.7,0.4,15,6,4,80.82890922232535,1.9771613786387872,0.058069620253164554,0.029369197537008153,40
Phonemic_and_Neologism,Phonemic,Neologism,1,1,1135,92808.53673760565,165.81999133795486,23.215114246831043,0.020288083806198166,15.0,1.7,0.5,15,6,5,76.62274588609445,1.9282165224551415,0.07120253164556964,0.03692562666063536,40
Phonemic_and_Neologism,Phonemic,Neologism,1,1,1135,92808.53673760565,165.81999133795486,23.215114246831043,0.020288083806198166,15.0,1.7,0.6,15,6,6,64.4127420789668,1.7849407667012287,0.05712025316455695,0.0320002037542969,40
Phonemic_and_Neologism,Phonemic,Neologism,1,1,1135,92808.53673760565,165.81999133795486,23.215114246831043,0.020288083806198166,15.0,1.7,0.7,15,6,7,51.049385590923244,1.6208253585619548,0.04303797468354431,0.026552122738484854,40
Phonemic_and_Neologism,Phonemic,Neologism,1,1,1135,92808.53673760565,165.81999133795486,23.215114246831043,0.020288083806198166,15.0,1.8,0.3,15,7,3,47.62961916460935,1.5762936250702886,0.06598101265822784,0.041857326144842256,40
Phonemic_and_Neologism,Phonemic,Neologism,1,1,1135,92808.53673760565,165.81999133795486,23.215114246831043,0.020288083806198166,15.0,1.8,0.4,15,7,4,84.48357027711847,2.0188623912265173,0.05284810126582279,0.02617616863491426,40
Phonemic_and_Neologism,Phonemic,Neologism,1,1,1135,92808.53673760565,165.81999133795486,23.215114246831043,0.020288083806198166,15.0,1.8,0.5,15,7,5,72.84290544634884,1.8832031673282505,0.061550632911392414,0.03268301093373048,40
Phonemic_and_Neologism,Phonemic,Neologism,1,1,1135,92808.53673760565,165.81999133795486,23.215114246831043,0.020288083806198166,15.0,1.8,0.6,15,7,6,52.13621628198378,1.634759961315208,0.0449367088607595,0.02748726122742003,40
Phonemic_and_Neologism,Phonemic,Neologism,1,1,1135,92808.53673760565,165.81999133795486,23.215114246831043,0.020288083806198166,15.0,1.8,0.7,15,7,7,23.299875695217022,1.1994685731166481,0.02310126582278481,0.019258584069601306,40
Phonemic_and_Neologism,Phonemic,Neologism,1,1,1135,92808.53673760565,165.81999133795486,23.215114246831043,0.020288083806198166,15.0,1.9,0.3,15,8,3,69.32485741064058,1.8425078163623618,0.07500000000000002,0.04070439041081058,40
Phonemic_and_Neologism,Phonemic,Neologism,1,1,1135,92808.53673760565,165.81999133795486,23.215114246831043,0.020288083806198166,15.0,1.9,0.4,15,8,4,80.22681480760235,1.9702291850743117,0.050791139240506336,0.025778305080485158,40
Phonemic_and_Neologism,Phonemic,Neologism,1,1,1135,92808.53673760565,165.81999133795486,23.215114246831043,0.020288083806198166,15.0,1.9,0.5,15,8,5,75.80197629489935,1.9185280169805075,0.05189873417721519,0.027050329830927606,40
Phonemic_and_Neologism,Phonemic,Neologism,1,1,1135,92808.53673760565,165.81999133795486,23.215114246831043,0.020288083806198166,15.0,2.0,0.2,15,9,2,28.521768695564905,1.2934891237354957,0.053955696202531656,0.04171229716844608,40
Phonemic_and_Neologism,Phonemic,Neologism,1,1,1135,92808.53673760565,165.81999133795486,23.215114246831043,0.020288083806198166,15.0,2.0,0.3,15,9,3,96.00697460550771,2.189760610652394,0.07056962025316456,0.03222609364204875,40
Phonemic_and_Neologism,Phonemic,Neologism,1,1,1135,92808.53673760565,165.81999133795486,23.215114246831043,0.020288083806198166,15.0,2.0,0.4,15,9,4,72.30032853781104,1.8768173817636569,0.048734177215189876,0.025965392728840814,40
Phonemic_and_Neologism,Phonemic,Neologism,1,1,1135,92808.53673760565,165.81999133795486,23.215114246831043,0.020288083806198166,15.0,2.0,0.5,15,9,5,31.000867631735378,1.3345520799693742,0.033227848101265826,0.024897127693921356,40
Phonemic_and_Neologism,Phonemic,Neologism,1,1,1135,92808.53673760565,165.81999133795486,23.215114246831043,0.020288083806198166,16.0,1.1,0.9,16,0,9,37.21533789745496,1.430651950048092,0.03924050632911393,0.027427408655085424,40
Phonemic_and_Neologism,Phonemic,Neologism,1,1,1135,92808.53673760565,165.81999133795486,23.215114246831043,0.020288083806198166,16.0,1.1,1.0,16,0,10,45.66474236123593,1.5499995211386994,0.05928270042194092,0.038245915314134536,30
Phonemic_and_Neologism,Phonemic,Neologism,1,1,1135,92808.53673760565,165.81999133795486,23.215114246831043,0.020288083806198166,16.0,1.2,0.8,16,1,8,41.169533229680006,1.4877737858400144,0.07231012658227849,0.04860190406410901,40
Phonemic_and_Neologism,Phonemic,Neologism,1,1,1135,92808.53673760565,165.81999133795486,23.215114246831043,0.020288083806198166,16.0,1.2,0.9,16,1,9,58.63817872166878,1.7158198074959432,0.07990506329113925,0.04656861234627091,40
Phonemic_and_Neologism,Phonemic,Neologism,1,1,1135,92808.53673760565,165.81999133795486,23.215114246831043,0.020288083806198166,16.0,1.2,1.0,16,1,10,98.82353531450653,2.2266109952154016,0.08839662447257383,0.03969907543415655,30
Phonemic_and_Neologism,Phonemic,Neologism,1,1,1135,92808.53673760565,165.81999133795486,23.215114246831043,0.020288083806198166,16.0,1.3,0.6,16,2,6,34.84854039950359,1.3950621896403448,0.05284810126582279,0.0378812547541392,40
Phonemic_and_Neologism,Phonemic,Neologism,1,1,1135,92808.53673760565,165.81999133795486,23.215114246831043,0.020288083806198166,16.0,1.3,0.7,16,2,7,69.82842045691396,1.848354644939621,0.07689873417721518,0.041602885048654815,40
Phonemic_and_Neologism,Phonemic,Neologism,1,1,1135,92808.53673760565,165.81999133795486,23.215114246831043,0.020288083806198166,16.0,1.3,0.8,16,2,8,94.4160852572185,2.1293199633939652,0.07436708860759492,0.03492427656062536,40
Phonemic_and_Neologism,Phonemic,Neologism,1,1,1135,92808.53673760565,165.81999133795486,23.215114246831043,0.020288083806198166,16.0,1.3,0.9,16,2,9,80.69635523338053,1.975635763147043,0.07246835443037977,0.03668002986501064,40
Phonemic_and_Neologism,Phonemic,Neologism,1,1,1135,92808.53673760565,165.81999133795486,23.215114246831043,0.020288083806198166,16.0,1.3,1.0,16,2,10,100.70109059244844,2.485562616851065,0.07202095154954169,0.028974714013909785,29
Phonemic_and_Neologism,Phonemic,Neologism,1,1,1135,92808.53673760565,165.81999133795486,23.215114246831043,0.020288083806198166,16.0,1.4,0.5,16,3,5,35.10070190227764,1.3989187498091264,0.06598101265822787,0.047164721859994055,40
Phonemic_and_Neologism,Phonemic,Neologism,1,1,1135,92808.53673760565,165.81999133795486,23.215114246831043,0.020288083806198166,16.0,1.4,0.6,16,3,6,42.59041683646395,1.5076622751524429,0.08765822784810126,0.058140819486222774,40
Phonemic_and_Neologism,Phonemic,Neologism,1,1,1135,92808.53673760565,165.81999133795486,23.215114246831043,0.020288083806198166,16.0,1.4,0.7,16,3,7,100.09132976405199,2.339416443377174,0.08022151898734178,0.03429025208316235,40
Phonemic_and_Neologism,Phonemic,Neologism,1,1,1135,92808.53673760565,165.81999133795486,23.215114246831043,0.020288083806198166,16.0,1.4,0.8,16,3,8,105.56150128156146,2.955563344867994,0.0670886075949367,0.022698093122611833,40
Phonemic_and_Neologism,Phonemic,Neologism,1,1,1135,92808.53673760565,165.81999133795486,23.215114246831043,0.020288083806198166,16.0,1.4,0.9,16,3,9,65.73473480507357,1.8005366095998292,0.06234177215189875,0.03462299587962516,40
Phonemic_and_Neologism,Phonemic,Neologism,1,1,1135,92808.53673760565,165.81999133795486,23.215114246831043,0.020288083806198166,16.0,1.4,1.0,16,3,10,99.98871937367204,2.3646365022174534,0.06438236577913574,0.027226172429572475,29
Phonemic_and_Neologism,Phonemic,Neologism,1,1,1135,92808.53673760565,165.81999133795486,23.215114246831043,0.020288083806198166,16.0,1.5,0.4,16,4,4,23.239068756541112,1.198301740730825,0.04018987341772153,0.03353802614979961,40
Phonemic_and_Neologism,Phonemic,Neologism,1,1,1135,92808.53673760565,165.81999133795486,23.215114246831043,0.020288083806198166,16.0,1.5,0.5,16,4,5,62.388841186704376,1.760967121773399,0.08670886075949365,0.04923834109125935,40
Phonemic_and_Neologism,Phonemic,Neologism,1,1,1135,92808.53673760565,165.81999133795486,23.215114246831043,0.020288083806198166,16.0,1.5,0.6,16,4,6,76.24975551095882,1.9238181840035835,0.0740506329113924,0.03849049234949453,40
Phonemic_and_Neologism,Phonemic,Neologism,1,1,1135,92808.53673760565,165.81999133795486,23.215114246831043,0.020288083806198166,16.0,1.5,0.7,16,4,7,101.60975937096461,2.489530116867759,0.06534810126582277,0.02624817080659442,40
Phonemic_and_Neologism,Phonemic,Neologism,1,1,1135,92808.53673760565,165.81999133795486,23.215114246831043,0.020288083806198166,16.0,1.5,0.8,16,4,8,103.2540889575662,2.664265375642663,0.06297468354430377,0.02363579088428392,40
Phonemic_and_Neologism,Phonemic,Neologism,1,1,1135,92808.53673760565,165.81999133795486,23.215114246831043,0.020288083806198166,16.0,1.5,0.9,16,4,9,69.3874376759651,1.843234773117087,0.052373417721519,0.028412861590160064,40
Phonemic_and_Neologism,Phonemic,Neologism,1,1,1135,92808.53673760565,165.81999133795486,23.215114246831043,0.020288083806198166,16.0,1.5,1.0,16,4,10,99.21546953597748,2.262640584315717,0.05063291139240507,0.02237679687299201,29
Phonemic_and_Neologism,Phonemic,Neologism,1,1,1135,92808.53673760565,165.81999133795486,23.215114246831043,0.020288083806198166,16.0,1.6,0.4,16,5,4,71.43949957491,1.8669479321499747,0.07990506329113924,0.04279883491511768,40
Phonemic_and_Neologism,Phonemic,Neologism,1,1,1135,92808.53673760565,165.81999133795486,23.215114246831043,0.020288083806198166,16.0,1.6,0.5,16,5,5,99.33808668041543,2.1833179042691406,0.07626582278481013,0.034930158048804574,40
Phonemic_and_Neologism,Phonemic,Neologism,1,1,1135,92808.53673760565,165.81999133795486,23.215114246831043,0.020288083806198166,16.0,1.6,0.6,16,5,6,82.08872806562306,1.991624163038388,0.06503164556962024,0.03265156908231574,40
Phonemic_and_Neologism,Phonemic,Neologism,1,1,1135,92808.53673760565,165.81999133795486,23.215114246831043,0.020288083806198166,16.0,1.6,0.7,16,5,7,90.36235363515597,2.0845447257670022,0.06313291139240505,0.030285187008616706,40
Phonemic_and_Neologism,Phonemic,Neologism,1,1,1135,92808.53673760565,165.81999133795486,23.215114246831043,0.020288083806198166,16.0,1.6,0.8,16,5,8,89.0158027866832,2.069530414308738,0.048259493670886076,0.023318055055784555,40
Phonemic_and_Neologism,Phonemic,Neologism,1,1,1135,92808.53673760565,165.81999133795486,23.215114246831043,0.020288083806198166,16.0,1.6,0.9,16,5,9,43.89730624987549,1.5258039063348598,0.025316455696202535,0.016591207944345418,40
Phonemic_and_Neologism,Phonemic,Neologism,1,1,1135,92808.53673760565,165.81999133795486,23.215114246831043,0.020288083806198166,16.0,1.7,0.3,16,6,3,25.05663688600011,1.2323936505624582,0.04984177215189875,0.04044206145942185,40
Phonemic_and_Neologism,Phonemic,Neologism,1,1,1135,92808.53673760565,165.81999133795486,23.215114246831043,0.020288083806198166,16.0,1.7,0.4,16,6,4,100.80034371753474,2.2410010355525274,0.07310126582278481,0.032618916128133967,40
Phonemic_and_Neologism,Phonemic,Neologism,1,1,1135,92808.53673760565,165.81999133795486,23.215114246831043,0.020288083806198166,16.0,1.7,0.5,16,6,5,101.14521466181438,2.268654254906994,0.06724683544303794,0.02964072936338191,40
Phonemic_and_Neologism,Phonemic,Neologism,1,1,1135,92808.53673760565,165.81999133795486,23.215114246831043,0.020288083806198166,16.0,1.7,0.6,16,6,6,70.20892002197878,1.8527575114000436,0.05363924050632912,0.028950031193389368,40
Phonemic_and_Neologism,Phonemic,Neologism,1,1,1135,92808.53673760565,165.81999133795486,23.215114246831043,0.020288083806198166,16.0,1.7,0.7,16,6,7,70.29795109285168,1.8537885965859993,0.049367088607594936,0.02662937667753004,40
Phonemic_and_Neologism,Phonemic,Neologism,1,1,1135,92808.53673760565,165.81999133795486,23.215114246831043,0.020288083806198166,16.0,1.8,0.3,16,7,3,83.46885083475127,2.007372763545441,0.08749999999999997,0.04358831315051651,40
Phonemic_and_Neologism,Phonemic,Neologism,1,1,1135,92808.53673760565,165.81999133795486,23.215114246831043,0.020288083806198166,16.0,1.8,0.4,16,7,4,103.90714398648099,2.6270265983426437,0.06787974683544301,0.025838002497449945,40
Phonemic_and_Neologism,Phonemic,Neologism,1,1,1135,92808.53673760565,165.81999133795486,23.215114246831043,0.020288083806198166,16.0,1.8,0.5,16,7,5,79.09386172578677,1.9571177174676537,0.055379746835443035,0.028295584482971103,40
Phonemic_and_Neologism,Phonemic,Neologism,1,1,1135,92808.53673760565,165.81999133795486,23.215114246831043,0.020288083806198166,16.0,1.8,0.6,16,7,6,70.26116553882807,1.8533624664888677,0.04098101265822786,0.02211070960846369,40
Phonemic_and_Neologism,Phonemic,Neologism,1,1,1135,92808.53673760565,165.81999133795486,23.215114246831043,0.020288083806198166,16.0,1.9,0.3,16,8,3,95.23888983796932,2.1383381242121198,0.09034810126582277,0.042250550511503844,40
Phonemic_and_Neologism,Phonemic,Neologism,1,1,1135,92808.53673760565,165.81999133795486,23.215114246831043,0.020288083806198166,16.0,1.9,0.4,16,8,4,102.38187730391502,2.3847268528735097,0.05822784810126582,0.024415988482812345,40
Phonemic_and_Neologism,Phonemic,Neologism,1,1,1135,92808.53673760565,165.81999133795486,23.215114246831043,0.020288083806198166,16.0,1.9,0.5,16,8,5,52.48601757106362,1.6392227059765283,0.04493670886075951,0.02741242509283357,40
Phonemic_and_Neologism,Phonemic,Neologism,1,1,1135,92808.53673760565,165.81999133795486,23.215114246831043,0.020288083806198166,16.0,2.0,0.2,16,9,2,41.12336480789521,1.4871225441363387,0.07974683544303796,0.05362392536844146,40
Phonemic_and_Neologism,Phonemic,Neologism,1,1,1135,92808.53673760565,165.81999133795486,23.215114246831043,0.020288083806198166,16.0,2.0,0.3,16,9,3,95.69865771097244,2.143369811857941,0.07452531645569618,0.034769162406596214,40
Phonemic_and_Neologism,Phonemic,Neologism,1,1,1135,92808.53673760565,165.81999133795486,23.215114246831043,0.020288083806198166,16.0,2.0,0.4,16,9,4,59.668399066508776,1.728316543695072,0.052373417721518975,0.03030213973014844,40
Phonemic_and_Neologism,Phonemic,Neologism,1,1,1135,92808.53673760565,165.81999133795486,23.215114246831043,0.020288083806198166,16.0,2.0,0.5,16,9,5,28.080783533314964,1.2859782311836139,0.022784810126582275,0.01771688166710345,40
Phonemic_and_Neologism,Phonemic,Neologism,1,1,1135,92808.53673760565,165.81999133795486,23.215114246831043,0.020288083806198166,17.0,1.1,1.0,17,0,10,42.9696182803046,1.5129535486739851,0.08607594936708861,0.05689165836517527,30
Phonemic_and_Neologism,Phonemic,Neologism,1,1,1135,92808.53673760565,165.81999133795486,23.215114246831043,0.020288083806198166,17.0,1.2,0.8,17,1,8,42.32337511688302,1.5039433864364207,0.07705696202531645,0.05123561084603868,40
Phonemic_and_Neologism,Phonemic,Neologism,1,1,1135,92808.53673760565,165.81999133795486,23.215114246831043,0.020288083806198166,17.0,1.2,0.9,17,1,9,40.75701310649986,1.4819463345584942,0.0865506329113924,0.05840235165522563,40
Phonemic_and_Neologism,Phonemic,Neologism,1,1,1135,92808.53673760565,165.81999133795486,23.215114246831043,0.020288083806198166,17.0,1.2,1.0,17,1,10,96.78565839037063,2.1552545036346427,0.08987341772151898,0.041698677495142944,30
Phonemic_and_Neologism,Phonemic,Neologism,1,1,1135,92808.53673760565,165.81999133795486,23.215114246831043,0.020288083806198166,17.0,1.3,0.6,17,2,6,26.22209086114919,1.2534837506165242,0.038132911392405065,0.030420544255080645,40
Phonemic_and_Neologism,Phonemic,Neologism,1,1,1135,92808.53673760565,165.81999133795486,23.215114246831043,0.020288083806198166,17.0,1.3,0.7,17,2,7,65.60415996204479,1.7989982404084182,0.08528481012658229,0.04740583354266121,40
Phonemic_and_Neologism,Phonemic,Neologism,1,1,1135,92808.53673760565,165.81999133795486,23.215114246831043,0.020288083806198166,17.0,1.3,0.8,17,2,8,81.80997024865849,1.9884242355572956,0.10174050632911388,0.05116539825132642,40
Phonemic_and_Neologism,Phonemic,Neologism,1,1,1135,92808.53673760565,165.81999133795486,23.215114246831043,0.020288083806198166,17.0,1.3,0.9,17,2,9,80.05475615059228,1.9682419588171216,0.08117088607594937,0.04123929858845791,40
Phonemic_and_Neologism,Phonemic,Neologism,1,1,1135,92808.53673760565,165.81999133795486,23.215114246831043,0.020288083806198166,17.0,1.3,1.0,17,2,10,83.94055807553215,2.0127227890307497,0.06503710170231339,0.03231199514109082,29
Phonemic_and_Neologism,Phonemic,Neologism,1,1,1135,92808.53673760565,165.81999133795486,23.215114246831043,0.020288083806198166,17.0,1.4,0.6,17,3,6,66.12791324631273,1.8051727036992526,0.09794303797468357,0.05425587956281062,40
Phonemic_and_Neologism,Phonemic,Neologism,1,1,1135,92808.53673760565,165.81999133795486,23.215114246831043,0.020288083806198166,17.0,1.4,0.7,17,3,7,75.28687074520894,1.9124217656135831,0.08243670886075949,0.04310492482422956,40
Phonemic_and_Neologism,Phonemic,Neologism,1,1,1135,92808.53673760565,165.81999133795486,23.215114246831043,0.020288083806198166,17.0,1.4,0.8,17,3,8,99.09174398666302,2.2444096351140934,0.0810126582278481,0.036094308521400935,40
Phonemic_and_Neologism,Phonemic,Neologism,1,1,1135,92808.53673760565,165.81999133795486,23.215114246831043,0.020288083806198166,17.0,1.4,0.9,17,3,9,100.86914185944947,2.4700940046974496,0.0637658227848101,0.02581414009731807,40
Phonemic_and_Neologism,Phonemic,Neologism,1,1,1135,92808.53673760565,165.81999133795486,23.215114246831043,0.020288083806198166,17.0,1.4,1.0,17,3,10,98.98489547738697,2.236368244969768,0.057835006547359236,0.02586012849592043,29
Phonemic_and_Neologism,Phonemic,Neologism,1,1,1135,92808.53673760565,165.81999133795486,23.215114246831043,0.020288083806198166,17.0,1.5,0.5,17,4,5,66.4162982077403,1.8085695990346522,0.08148734177215189,0.04505523771164064,40
Phonemic_and_Neologism,Phonemic,Neologism,1,1,1135,92808.53673760565,165.81999133795486,23.215114246831043,0.020288083806198166,17.0,1.5,0.6,17,4,6,67.32686942657966,1.8192683735407806,0.08243670886075949,0.045312110511735934,40
Phonemic_and_Neologism,Phonemic,Neologism,1,1,1135,92808.53673760565,165.81999133795486,23.215114246831043,0.020288083806198166,17.0,1.5,0.7,17,4,7,93.36848873566669,2.1178135134551543,0.064873417721519,0.030631261674296247,40
Phonemic_and_Neologism,Phonemic,Neologism,1,1,1135,92808.53673760565,165.81999133795486,23.215114246831043,0.020288083806198166,17.0,1.5,0.8,17,4,8,89.07398381655572,2.0701790913294675,0.06044303797468355,0.029196009199753375,40
Phonemic_and_Neologism,Phonemic,Neologism,1,1,1135,92808.53673760565,165.81999133795486,23.215114246831043,0.020288083806198166,17.0,1.5,0.9,17,4,9,103.2526656585489,2.8108308329325777,0.052373417721518975,0.01863171780994272,40
Phonemic_and_Neologism,Phonemic,Neologism,1,1,1135,92808.53673760565,165.81999133795486,23.215114246831043,0.020288083806198166,17.0,1.5,1.0,17,4,10,90.94209948481543,2.090994412430115,0.04626800523788738,0.022126273493818453,29
Phonemic_and_Neologism,Phonemic,Neologism,1,1,1135,92808.53673760565,165.81999133795486,23.215114246831043,0.020288083806198166,17.0,1.6,0.4,17,5,4,75.29614319168161,1.9125318787249903,0.07990506329113922,0.04177872884008019,40
Phonemic_and_Neologism,Phonemic,Neologism,1,1,1135,92808.53673760565,165.81999133795486,23.215114246831043,0.020288083806198166,17.0,1.6,0.5,17,5,5,65.65755069953804,1.7996270615839887,0.07231012658227848,0.04017961748784375,40
Phonemic_and_Neologism,Phonemic,Neologism,1,1,1135,92808.53673760565,165.81999133795486,23.215114246831043,0.020288083806198166,17.0,1.6,0.6,17,5,6,88.51457525014865,2.1076234354372443,0.06693037974683544,0.031755327350265095,40
Phonemic_and_Neologism,Phonemic,Neologism,1,1,1135,92808.53673760565,165.81999133795486,23.215114246831043,0.020288083806198166,17.0,1.6,0.7,17,5,7,63.85013246122633,1.7782950064495784,0.05458860759493671,0.030696160705593258,40
Phonemic_and_Neologism,Phonemic,Neologism,1,1,1135,92808.53673760565,165.81999133795486,23.215114246831043,0.020288083806198166,17.0,1.6,0.8,17,5,8,77.4735924438905,1.9382001191946774,0.0490506329113924,0.025306310852799323,40
Phonemic_and_Neologism,Phonemic,Neologism,1,1,1135,92808.53673760565,165.81999133795486,23.215114246831043,0.020288083806198166,17.0,1.6,0.9,17,5,9,51.48974550965504,1.6264854629652274,0.02816455696202532,0.017315205772093917,40
Phonemic_and_Neologism,Phonemic,Neologism,1,1,1135,92808.53673760565,165.81999133795486,23.215114246831043,0.020288083806198166,17.0,1.7,0.3,17,6,3,34.03701412083472,1.382584885159832,0.05981012658227849,0.04325864157735184,40
Phonemic_and_Neologism,Phonemic,Neologism,1,1,1135,92808.53673760565,165.81999133795486,23.215114246831043,0.020288083806198166,17.0,1.7,0.4,17,6,4,102.32149722117575,2.3772043290819487,0.08370253164556962,0.03520949100474029,40
Phonemic_and_Neologism,Phonemic,Neologism,1,1,1135,92808.53673760565,165.81999133795486,23.215114246831043,0.020288083806198166,17.0,1.7,0.5,17,6,5,102.532425400424,2.4139040506859972,0.060126582278481014,0.024907439198896035,40
Phonemic_and_Neologism,Phonemic,Neologism,1,1,1135,92808.53673760565,165.81999133795486,23.215114246831043,0.020288083806198166,17.0,1.7,0.6,17,6,6,88.31482041196169,2.0617235826033524,0.0550632911392405,0.026706407144129234,40
Phonemic_and_Neologism,Phonemic,Neologism,1,1,1135,92808.53673760565,165.81999133795486,23.215114246831043,0.020288083806198166,17.0,1.7,0.7,17,6,7,82.90196412894993,2.0009174361516537,0.04351265822784811,0.02174535366841303,40
Phonemic_and_Neologism,Phonemic,Neologism,1,1,1135,92808.53673760565,165.81999133795486,23.215114246831043,0.020288083806198166,17.0,1.8,0.3,17,7,3,98.35555742652544,2.172477536991272,0.10759493670886074,0.0495253747849251,40
Phonemic_and_Neologism,Phonemic,Neologism,1,1,1135,92808.53673760565,165.81999133795486,23.215114246831043,0.020288083806198166,17.0,1.8,0.4,17,7,4,102.08851957793235,2.3477306257875337,0.0699367088607595,0.029788068682996632,40
Phonemic_and_Neologism,Phonemic,Neologism,1,1,1135,92808.53673760565,165.81999133795486,23.215114246831043,0.020288083806198166,17.0,1.8,0.5,17,7,5,93.79646763716866,2.1225073476171845,0.05063291139240507,0.02385423491791333,40
Phonemic_and_Neologism,Phonemic,Neologism,1,1,1135,92808.53673760565,165.81999133795486,23.215114246831043,0.020288083806198166,17.0,1.8,0.6,17,7,6,59.24240614571344,1.7231493738930503,0.04256329113924051,0.024699871430013506,40
Phonemic_and_Neologism,Phonemic,Neologism,1,1,1135,92808.53673760565,165.81999133795486,23.215114246831043,0.020288083806198166,17.0,1.9,0.3,17,8,3,127.35004887471858,2.4909041012997557,0.09873417721518987,0.039636887770817954,40
Phonemic_and_Neologism,Phonemic,Neologism,1,1,1135,92808.53673760565,165.81999133795486,23.215114246831043,0.020288083806198166,17.0,1.9,0.4,17,8,4,66.81140316201524,1.813217142546052,0.05585443037974684,0.030803049371228717,40
Phonemic_and_Neologism,Phonemic,Neologism,1,1,1135,92808.53673760565,165.81999133795486,23.215114246831043,0.020288083806198166,17.0,1.9,0.5,17,8,5,26.69323046749911,1.2618459641141344,0.03591772151898733,0.028463426356669444,40
Phonemic_and_Neologism,Phonemic,Neologism,1,1,1135,92808.53673760565,165.81999133795486,23.215114246831043,0.020288083806198166,17.0,2.0,0.2,17,9,2,42.08256525165678,1.5005814546559098,0.07183544303797466,0.04787073852848052,40
Phonemic_and_Neologism,Phonemic,Neologism,1,1,1135,92808.53673760565,165.81999133795486,23.215114246831043,0.020288083806198166,17.0,2.0,0.3,17,9,3,115.40642409893054,2.3599206349436117,0.07531645569620252,0.03191382568565368,40
Phonemic_and_Neologism,Phonemic,Neologism,1,1,1135,92808.53673760565,165.81999133795486,23.215114246831043,0.020288083806198166,17.0,2.0,0.4,17,9,4,65.71031299831675,1.8002486410621272,0.04778481012658227,0.02654245018607527,40
Phonemic_and_Neologism,Phonemic,Neologism,1,1,1135,92808.53673760565,165.81999133795486,23.215114246831043,0.020288083806198166,18.0,1.1,1.0,18,0,10,58.028490360193636,1.7083857013589607,0.0630801687763713,0.03692284496439724,30
Phonemic_and_Neologism,Phonemic,Neologism,1,1,1135,92808.53673760565,165.81999133795486,23.215114246831043,0.020288083806198166,18.0,1.2,0.8,18,1,8,56.64783183076104,1.69144741983313,0.06661392405063289,0.03938179326306501,40
Phonemic_and_Neologism,Phonemic,Neologism,1,1,1135,92808.53673760565,165.81999133795486,23.215114246831043,0.020288083806198166,18.0,1.2,0.9,18,1,9,103.0911087851238,2.2250733442698607,0.09018987341772151,0.040532438436977264,40
Phonemic_and_Neologism,Phonemic,Neologism,1,1,1135,92808.53673760565,165.81999133795486,23.215114246831043,0.020288083806198166,18.0,1.2,1.0,18,1,10,78.9994160037849,1.956018292314365,0.09430379746835445,0.048211124517902125,30
Phonemic_and_Neologism,Phonemic,Neologism,1,1,1135,92808.53673760565,165.81999133795486,23.215114246831043,0.020288083806198166,18.0,1.3,0.7,18,2,7,117.9365546632886,2.387472224734316,0.10395569620253167,0.043541159412598035,40
Phonemic_and_Neologism,Phonemic,Neologism,1,1,1135,92808.53673760565,165.81999133795486,23.215114246831043,0.020288083806198166,18.0,1.3,0.8,18,2,8,74.6057505985498,1.9043207131943063,0.09825949367088606,0.051597185636528445,40
Phonemic_and_Neologism,Phonemic,Neologism,1,1,1135,92808.53673760565,165.81999133795486,23.215114246831043,0.020288083806198166,18.0,1.3,0.9,18,2,9,125.3351552668616,2.468519196784887,0.08259493670886078,0.033458305002139026,40
Phonemic_and_Neologism,Phonemic,Neologism,1,1,1135,92808.53673760565,165.81999133795486,23.215114246831043,0.020288083806198166,18.0,1.3,1.0,18,2,10,126.78652069042856,2.686493800814557,0.07944129201222175,0.029569621747995396,29
Phonemic_and_Neologism,Phonemic,Neologism,1,1,1135,92808.53673760565,165.81999133795486,23.215114246831043,0.020288083806198166,18.0,1.4,0.5,18,3,5,37.432828834323566,1.4338637452990104,0.057120253164556975,0.03983559769056049,40
Phonemic_and_Neologism,Phonemic,Neologism,1,1,1135,92808.53673760565,165.81999133795486,23.215114246831043,0.020288083806198166,18.0,1.4,0.6,18,3,6,87.26077205410988,2.0499979725949378,0.09525316455696205,0.046464004273339965,40
Phonemic_and_Neologism,Phonemic,Neologism,1,1,1135,92808.53673760565,165.81999133795486,23.215114246831043,0.020288083806198166,18.0,1.4,0.7,18,3,7,131.7011390693124,2.636849438973302,0.08370253164556961,0.03174238678895541,40
Phonemic_and_Neologism,Phonemic,Neologism,1,1,1135,92808.53673760565,165.81999133795486,23.215114246831043,0.020288083806198166,18.0,1.4,0.8,18,3,8,89.53667208736312,2.0753349498422464,0.07025316455696204,0.03385048241362303,40
Phonemic_and_Neologism,Phonemic,Neologism,1,1,1135,92808.53673760565,165.81999133795486,23.215114246831043,0.020288083806198166,18.0,1.4,0.9,18,3,9,97.81816777540418,2.166532054673469,0.06344936708860763,0.02928514277907393,40
Phonemic_and_Neologism,Phonemic,Neologism,1,1,1135,92808.53673760565,165.81999133795486,23.215114246831043,0.020288083806198166,18.0,1.4,1.0,18,3,10,70.53763169845047,1.8565590133196868,0.05325185508511568,0.02868209313254567,29
Phonemic_and_Neologism,Phonemic,Neologism,1,1,1135,92808.53673760565,165.81999133795486,23.215114246831043,0.020288083806198166,18.0,1.5,0.4,18,4,4,26.069154400890863,1.2507418993898427,0.03860759493670887,0.03086675533428844,40
Phonemic_and_Neologism,Phonemic,Neologism,1,1,1135,92808.53673760565,165.81999133795486,23.215114246831043,0.020288083806198166,18.0,1.5,0.5,18,4,5,100.77969156040234,2.1993341814774334,0.09857594936708862,0.044819814497989954,40
Phonemic_and_Neologism,Phonemic,Neologism,1,1,1135,92808.53673760565,165.81999133795486,23.215114246831043,0.020288083806198166,18.0,1.5,0.6,18,4,6,86.11968895858529,2.0372688555454825,0.08164556962025316,0.04007499163851764,40
Phonemic_and_Neologism,Phonemic,Neologism,1,1,1135,92808.53673760565,165.81999133795486,23.215114246831043,0.020288083806198166,18.0,1.5,0.7,18,4,7,120.52193729137421,2.4156306569957815,0.06946202531645566,0.02875423421400963,40
Phonemic_and_Neologism,Phonemic,Neologism,1,1,1135,92808.53673760565,165.81999133795486,23.215114246831043,0.020288083806198166,18.0,1.5,0.8,18,4,8,42.67624929247854,1.508861396819085,0.05553797468354431,0.036806870358819584,40
Phonemic_and_Neologism,Phonemic,Neologism,1,1,1135,92808.53673760565,165.81999133795486,23.215114246831043,0.020288083806198166,18.0,1.5,0.9,18,4,9,59.474833701758584,1.7259682347515228,0.043196202531645585,0.02502622915863181,40
Phonemic_and_Neologism,Phonemic,Neologism,1,1,1135,92808.53673760565,165.81999133795486,23.215114246831043,0.020288083806198166,18.0,1.5,1.0,18,4,10,38.1170540665417,1.4439204441715892,0.030772588389349636,0.0213108309347054,29
Phonemic_and_Neologism,Phonemic,Neologism,1,1,1135,92808.53673760565,165.81999133795486,23.215114246831043,0.020288083806198166,18.0,1.6,0.4,18,5,4,81.10430959378782,1.9803258716602579,0.09335443037974685,0.04713994367786082,40
Phonemic_and_Neologism,Phonemic,Neologism,1,1,1135,92808.53673760565,165.81999133795486,23.215114246831043,0.020288083806198166,18.0,1.6,0.5,18,5,5,89.5318512255445,2.075281097275191,0.08338607594936709,0.040179617487843745,40
Phonemic_and_Neologism,Phonemic,Neologism,1,1,1135,92808.53673760565,165.81999133795486,23.215114246831043,0.020288083806198166,18.0,1.6,0.6,18,5,6,83.82984585738032,2.0114665837487578,0.06946202531645569,0.03453202474804217,40
Phonemic_and_Neologism,Phonemic,Neologism,1,1,1135,92808.53673760565,165.81999133795486,23.215114246831043,0.020288083806198166,18.0,1.6,0.7,18,5,7,104.47654449328766,2.240401338325453,0.05189873417721519,0.023163927323247336,40
Phonemic_and_Neologism,Phonemic,Neologism,1,1,1135,92808.53673760565,165.81999133795486,23.215114246831043,0.020288083806198166,18.0,1.6,0.8,18,5,8,39.11890978840527,1.4585036769281672,0.035284810126582286,0.024191472521493753,40
Phonemic_and_Neologism,Phonemic,Neologism,1,1,1135,92808.53673760565,165.81999133795486,23.215114246831043,0.020288083806198166,18.0,1.7,0.4,18,6,4,100.47351052762673,2.2161551356121563,0.09446202531645573,0.042623283741924506,40
Phonemic_and_Neologism,Phonemic,Neologism,1,1,1135,92808.53673760565,165.81999133795486,23.215114246831043,0.020288083806198166,18.0,1.7,0.5,18,6,5,75.08471521561646,1.9100216180084544,0.06550632911392405,0.03429511921472718,40
Phonemic_and_Neologism,Phonemic,Neologism,1,1,1135,92808.53673760565,165.81999133795486,23.215114246831043,0.020288083806198166,18.0,1.7,0.6,18,6,6,66.73008831503459,1.8122609240112693,0.0518987341772152,0.028636561782407265,40
Phonemic_and_Neologism,Phonemic,Neologism,1,1,1135,92808.53673760565,165.81999133795486,23.215114246831043,0.020288083806198166,18.0,1.7,0.7,18,6,7,33.859737454849885,1.3798445980242633,0.03370253164556962,0.024423874869116957,40
Phonemic_and_Neologism,Phonemic,Neologism,1,1,1135,92808.53673760565,165.81999133795486,23.215114246831043,0.020288083806198166,18.0,1.8,0.3,18,7,3,133.9210192675322,2.8882312700209245,0.11107594936708864,0.03845712159158706,40
Phonemic_and_Neologism,Phonemic,Neologism,1,1,1135,92808.53673760565,165.81999133795486,23.215114246831043,0.020288083806198166,18.0,1.8,0.4,18,7,4,82.67364409100209,1.9983117750252957,0.07547468354430378,0.0377682232451307,40
Phonemic_and_Neologism,Phonemic,Neologism,1,1,1135,92808.53673760565,165.81999133795486,23.215114246831043,0.020288083806198166,18.0,1.8,0.5,18,7,5,60.94825070503098,1.7437588902932306,0.048734177215189876,0.02794677276059922,40
Phonemic_and_Neologism,Phonemic,Neologism,1,1,1135,92808.53673760565,165.81999133795486,23.215114246831043,0.020288083806198166,18.0,1.8,0.6,18,7,6,32.05622202565426,1.3515060173800957,0.03465189873417721,0.025638470552524932,40
Phonemic_and_Neologism,Phonemic,Neologism,1,1,1135,92808.53673760565,165.81999133795486,23.215114246831043,0.020288083806198166,18.0,1.9,0.3,18,8,3,131.928702698679,2.6269815252953346,0.09414556962025318,0.03583692604314909,40
Phonemic_and_Neologism,Phonemic,Neologism,1,1,1135,92808.53673760565,165.81999133795486,23.215114246831043,0.020288083806198166,18.0,1.9,0.4,18,8,4,75.40062960422058,1.9137722493616887,0.05870253164556962,0.030672729157243766,40
Phonemic_and_Neologism,Phonemic,Neologism,1,1,1135,92808.53673760565,165.81999133795486,23.215114246831043,0.020288083806198166,18.0,1.9,0.5,18,8,5,39.577558791106924,1.465115263359858,0.02863924050632911,0.019546431674865302,40
Phonemic_and_Neologism,Phonemic,Neologism,1,1,1135,92808.53673760565,165.81999133795486,23.215114246831043,0.020288083806198166,18.0,2.0,0.2,18,9,2,53.352234261058584,1.6502328314653905,0.09050632911392405,0.05484358155735231,40
Phonemic_and_Neologism,Phonemic,Neologism,1,1,1135,92808.53673760565,165.81999133795486,23.215114246831043,0.020288083806198166,18.0,2.0,0.3,18,9,3,100.53137575102177,2.19655387073093,0.06962025316455697,0.03169421771910379,40
Phonemic_and_Neologism,Phonemic,Neologism,1,1,1135,92808.53673760565,165.81999133795486,23.215114246831043,0.020288083806198166,18.0,2.0,0.4,18,9,4,36.48770648583542,1.419861052168378,0.041455696202531644,0.029196009199753375,40
Phonemic_and_Neologism,Phonemic,Neologism,1,1,1135,92808.53673760565,165.81999133795486,23.215114246831043,0.020288083806198166,19.0,1.1,1.0,19,0,10,53.1648004065129,1.6478518433727338,0.08649789029535865,0.05249030293068062,30
Phonemic_and_Neologism,Phonemic,Neologism,1,1,1135,92808.53673760565,165.81999133795486,23.215114246831043,0.020288083806198166,19.0,1.2,0.8,19,1,8,68.66357203435136,1.8348335812322856,0.08433544303797469,0.04596253800181403,40
Phonemic_and_Neologism,Phonemic,Neologism,1,1,1135,92808.53673760565,165.81999133795486,23.215114246831043,0.020288083806198166,19.0,1.2,0.9,19,1,9,135.12165210317514,2.6242193673395415,0.11471518987341775,0.043713024559508186,40
Phonemic_and_Neologism,Phonemic,Neologism,1,1,1135,92808.53673760565,165.81999133795486,23.215114246831043,0.020288083806198166,19.0,1.2,1.0,19,1,10,123.50561503752397,2.4484324517316947,0.12088607594936708,0.04937184500696288,30
Phonemic_and_Neologism,Phonemic,Neologism,1,1,1135,92808.53673760565,165.81999133795486,23.215114246831043,0.020288083806198166,19.0,1.3,0.7,19,2,7,139.42355313687858,2.9692115331146782,0.10791139240506327,0.03634245050918791,40
Phonemic_and_Neologism,Phonemic,Neologism,1,1,1135,92808.53673760565,165.81999133795486,23.215114246831043,0.020288083806198166,19.0,1.3,0.8,19,2,8,138.6221566770625,2.8756106344026593,0.1143987341772151,0.03978141449262784,40
Phonemic_and_Neologism,Phonemic,Neologism,1,1,1135,92808.53673760565,165.81999133795486,23.215114246831043,0.020288083806198166,19.0,1.3,0.9,19,2,9,136.00304496395574,2.6801749182689756,0.0977848101265823,0.03648348818024826,40
Phonemic_and_Neologism,Phonemic,Neologism,1,1,1135,92808.53673760565,165.81999133795486,23.215114246831043,0.020288083806198166,19.0,1.3,1.0,19,2,10,117.30067908149982,2.3805436653144527,0.09188127455259713,0.03859576085397924,29
Phonemic_and_Neologism,Phonemic,Neologism,1,1,1135,92808.53673760565,165.81999133795486,23.215114246831043,0.020288083806198166,19.0,1.4,0.5,19,3,5,30.15640249885792,1.320768902088492,0.04572784810126583,0.03462114171529763,40
Phonemic_and_Neologism,Phonemic,Neologism,1,1,1135,92808.53673760565,165.81999133795486,23.215114246831043,0.020288083806198166,19.0,1.4,0.6,19,3,6,131.3920139787646,2.591748535534498,0.1143987341772152,0.04413859634151879,40
Phonemic_and_Neologism,Phonemic,Neologism,1,1,1135,92808.53673760565,165.81999133795486,23.215114246831043,0.020288083806198166,19.0,1.4,0.7,19,3,7,131.0048703760097,2.532867551776147,0.10458860759493668,0.041291568781022525,40
Phonemic_and_Neologism,Phonemic,Neologism,1,1,1135,92808.53673760565,165.81999133795486,23.215114246831043,0.020288083806198166,19.0,1.4,0.8,19,3,8,96.48629191805983,2.1519843536192984,0.08180379746835442,0.03801219341879662,40
Phonemic_and_Neologism,Phonemic,Neologism,1,1,1135,92808.53673760565,165.81999133795486,23.215114246831043,0.020288083806198166,19.0,1.4,0.9,19,3,9,136.53692186276572,2.7523758321250176,0.0689873417721519,0.025063651769918018,40
Phonemic_and_Neologism,Phonemic,Neologism,1,1,1135,92808.53673760565,165.81999133795486,23.215114246831043,0.020288083806198166,19.0,1.4,1.0,19,3,10,100.58117488556421,2.197111704070757,0.06089044085552159,0.027712857580707073,29
Phonemic_and_Neologism,Phonemic,Neologism,1,1,1135,92808.53673760565,165.81999133795486,23.215114246831043,0.020288083806198166,19.0,1.5,0.4,19,4,4,36.20789003944261,1.4156729056890862,0.03496835443037975,0.024699871430013502,40
Phonemic_and_Neologism,Phonemic,Neologism,1,1,1135,92808.53673760565,165.81999133795486,23.215114246831043,0.020288083806198166,19.0,1.5,0.5,19,4,5,139.61602588461784,2.7703097316980605,0.09541139240506327,0.03443969495672633,40
Phonemic_and_Neologism,Phonemic,Neologism,1,1,1135,92808.53673760565,165.81999133795486,23.215114246831043,0.020288083806198166,19.0,1.5,0.6,19,4,6,124.80745162770519,2.4627025171788355,0.10063291139240507,0.04086179633468915,40
Phonemic_and_Neologism,Phonemic,Neologism,1,1,1135,92808.53673760565,165.81999133795486,23.215114246831043,0.020288083806198166,19.0,1.5,0.7,19,4,7,116.129354180126,2.367788427637395,0.0800632911392405,0.033812532579483266,40
Phonemic_and_Neologism,Phonemic,Neologism,1,1,1135,92808.53673760565,165.81999133795486,23.215114246831043,0.020288083806198166,19.0,1.5,0.8,19,4,8,89.66974459129209,2.076822413768278,0.06170886075949368,0.02971211381772234,40
Phonemic_and_Neologism,Phonemic,Neologism,1,1,1135,92808.53673760565,165.81999133795486,23.215114246831043,0.020288083806198166,19.0,1.5,0.9,19,4,9,115.67402458647244,2.3628300812458884,0.0463607594936709,0.019619860535695182,40
Phonemic_and_Neologism,Phonemic,Neologism,1,1,1135,92808.53673760565,165.81999133795486,23.215114246831043,0.020288083806198166,19.0,1.5,1.0,19,4,10,33.2738173631065,1.3707316420153897,0.033609777389786114,0.024518589655324205,29
Phonemic_and_Neologism,Phonemic,Neologism,1,1,1135,92808.53673760565,165.81999133795486,23.215114246831043,0.020288083806198166,19.0,1.6,0.4,19,5,4,112.09028155718016,2.529205123714355,0.10854430379746834,0.04291537035673157,40
Phonemic_and_Neologism,Phonemic,Neologism,1,1,1135,92808.53673760565,165.81999133795486,23.215114246831043,0.020288083806198166,19.0,1.6,0.5,19,5,5,110.8037844563996,2.3098910181155503,0.09113924050632909,0.03945507814029342,40
Phonemic_and_Neologism,Phonemic,Neologism,1,1,1135,92808.53673760565,165.81999133795486,23.215114246831043,0.020288083806198166,19.0,1.6,0.6,19,5,6,132.70407659148123,2.5534545036068614,0.08117088607594937,0.031787655705943496,40
Phonemic_and_Neologism,Phonemic,Neologism,1,1,1135,92808.53673760565,165.81999133795486,23.215114246831043,0.020288083806198166,19.0,1.6,0.7,19,5,7,101.36328901812772,2.205864889054552,0.06155063291139238,0.02790217449486826,40
Phonemic_and_Neologism,Phonemic,Neologism,1,1,1135,92808.53673760565,165.81999133795486,23.215114246831043,0.020288083806198166,19.0,1.6,0.8,19,5,8,60.53567180807208,1.7387977813130324,0.03322784810126582,0.019108667874187305,40
Phonemic_and_Neologism,Phonemic,Neologism,1,1,1135,92808.53673760565,165.81999133795486,23.215114246831043,0.020288083806198166,19.0,1.7,0.3,19,6,3,32.21798512393282,1.3540835236025954,0.05933544303797468,0.0438186329869743,40
Phonemic_and_Neologism,Phonemic,Neologism,1,1,1135,92808.53673760565,165.81999133795486,23.215114246831043,0.020288083806198166,19.0,1.7,0.4,19,6,4,100.14426155911828,2.192223785847164,0.0957278481012658,0.04366600549427379,40
Phonemic_and_Neologism,Phonemic,Neologism,1,1,1135,92808.53673760565,165.81999133795486,23.215114246831043,0.020288083806198166,19.0,1.7,0.5,19,6,5,127.73388835494298,2.495187827339609,0.07294303797468352,0.02923248582237034,40
Phonemic_and_Neologism,Phonemic,Neologism,1,1,1135,92808.53673760565,165.81999133795486,23.215114246831043,0.020288083806198166,19.0,1.7,0.6,19,6,6,89.4092368934047,2.073913014097286,0.05870253164556962,0.028304204339113095,40
Phonemic_and_Neologism,Phonemic,Neologism,1,1,1135,92808.53673760565,165.81999133795486,23.215114246831043,0.020288083806198166,19.0,1.7,0.7,19,6,7,66.13392199389838,1.805243566451255,0.03085443037974684,0.01709056091352284,40
Phonemic_and_Neologism,Phonemic,Neologism,1,1,1135,92808.53673760565,165.81999133795486,23.215114246831043,0.020288083806198166,19.0,1.8,0.3,19,7,3,130.30194270970995,2.5461434829333434,0.11424050632911391,0.044867055195970534,40
Phonemic_and_Neologism,Phonemic,Neologism,1,1,1135,92808.53673760565,165.81999133795486,23.215114246831043,0.020288083806198166,19.0,1.8,0.4,19,7,4,130.5265455473236,2.5802831636044665,0.07610759493670884,0.029494830539153732,40
Phonemic_and_Neologism,Phonemic,Neologism,1,1,1135,92808.53673760565,165.81999133795486,23.215114246831043,0.020288083806198166,19.0,1.8,0.5,19,7,5,97.16764815715749,2.159432703865506,0.059177215189873414,0.027403056206031735,40
Phonemic_and_Neologism,Phonemic,Neologism,1,1,1135,92808.53673760565,165.81999133795486,23.215114246831043,0.020288083806198166,19.0,1.8,0.6,19,7,6,28.56745295438722,1.294264541287756,0.03164556962025317,0.024449619336883582,40
Phonemic_and_Neologism,Phonemic,Neologism,1,1,1135,92808.53673760565,165.81999133795486,23.215114246831043,0.020288083806198166,19.0,1.9,0.3,19,8,3,141.2747004183863,3.0960631365454914,0.1066455696202532,0.034444540971507974,40
Phonemic_and_Neologism,Phonemic,Neologism,1,1,1135,92808.53673760565,165.81999133795486,23.215114246831043,0.020288083806198166,19.0,1.9,0.4,19,8,4,111.15337189239482,2.313713047495178,0.06250000000000001,0.0270118571335423,40
Phonemic_and_Neologism,Phonemic,Neologism,1,1,1135,92808.53673760565,165.81999133795486,23.215114246831043,0.020288083806198166,19.0,1.9,0.5,19,8,5,55.71967041435911,1.6799572626349144,0.03085443037974684,0.018365199584954604,40
Phonemic_and_Neologism,Phonemic,Neologism,1,1,1135,92808.53673760565,165.81999133795486,23.215114246831043,0.020288083806198166,19.0,2.0,0.2,19,9,2,72.8723238762826,1.8835570634102399,0.09778481012658227,0.05191397089530156,40
Phonemic_and_Neologism,Phonemic,Neologism,1,1,1135,92808.53673760565,165.81999133795486,23.215114246831043,0.020288083806198166,19.0,2.0,0.3,19,9,3,134.2438614894374,2.747890928445951,0.08180379746835442,0.02976866684577176,40
Phonemic_and_Neologism,Phonemic,Neologism,1,1,1135,92808.53673760565,165.81999133795486,23.215114246831043,0.020288083806198166,19.0,2.0,0.4,19,9,4,87.96481828533483,2.0578317293042945,0.047468354430379736,0.02306617004816895,40
Phonemic_and_Neologism,Phonemic,Neologism,1,1,1135,92808.53673760565,165.81999133795486,23.215114246831043,0.020288083806198166,20.0,1.1,1.0,20,0,10,33.74242765365211,1.3780255274139876,0.06265822784810128,0.04546856975875922,30
Phonemic_and_Neologism,Phonemic,Neologism,1,1,1135,92808.53673760565,165.81999133795486,23.215114246831043,0.020288083806198166,20.0,1.2,0.8,20,1,8,27.159280829451586,1.270041368479915,0.046202531645569624,0.03637776119017165,40
Phonemic_and_Neologism,Phonemic,Neologism,1,1,1135,92808.53673760565,165.81999133795486,23.215114246831043,0.020288083806198166,20.0,1.2,0.9,20,1,9,121.2115139234097,2.4231545435947144,0.10110759493670884,0.041724607309683685,40
Phonemic_and_Neologism,Phonemic,Neologism,1,1,1135,92808.53673760565,165.81999133795486,23.215114246831043,0.020288083806198166,20.0,1.2,1.0,20,1,10,145.3911057825722,3.3481045524951702,0.12616033755274259,0.03768012243051722,30
Phonemic_and_Neologism,Phonemic,Neologism,1,1,1135,92808.53673760565,165.81999133795486,23.215114246831043,0.020288083806198166,20.0,1.3,0.7,20,2,7,98.04111601235383,2.1689990715873564,0.08797468354430378,0.040559037436954985,40
Phonemic_and_Neologism,Phonemic,Neologism,1,1,1135,92808.53673760565,165.81999133795486,23.215114246831043,0.020288083806198166,20.0,1.3,0.8,20,2,8,139.31953829593067,2.9573869620931355,0.11645569620253164,0.039376902755109314,40
Phonemic_and_Neologism,Phonemic,Neologism,1,1,1135,92808.53673760565,165.81999133795486,23.215114246831043,0.020288083806198166,20.0,1.3,0.9,20,2,9,134.28187798884815,2.5735909164106743,0.1052215189873418,0.04088409883850994,40
Phonemic_and_Neologism,Phonemic,Neologism,1,1,1135,92808.53673760565,165.81999133795486,23.215114246831043,0.020288083806198166,20.0,1.3,1.0,20,2,10,139.25442013807324,2.804914345371302,0.101484068092536,0.0361798082517764,29
Phonemic_and_Neologism,Phonemic,Neologism,1,1,1135,92808.53673760565,165.81999133795486,23.215114246831043,0.020288083806198166,20.0,1.4,0.6,20,3,6,80.62507404959419,1.9748149230828407,0.0985759493670886,0.049915550768820316,40
Phonemic_and_Neologism,Phonemic,Neologism,1,1,1135,92808.53673760565,165.81999133795486,23.215114246831043,0.020288083806198166,20.0,1.4,0.7,20,3,7,147.08978427886416,3.0737943014787246,0.12056962025316453,0.039224012615568175,40
Phonemic_and_Neologism,Phonemic,Neologism,1,1,1135,92808.53673760565,165.81999133795486,23.215114246831043,0.020288083806198166,20.0,1.4,0.8,20,3,8,120.39286650022666,2.41422609450463,0.09556962025316457,0.039585027369476465,40
Phonemic_and_Neologism,Phonemic,Neologism,1,1,1135,92808.53673760565,165.81999133795486,23.215114246831043,0.020288083806198166,20.0,1.4,0.9,20,3,9,134.1094876330862,2.571341822483192,0.08386075949367089,0.03261261782413083,40
Phonemic_and_Neologism,Phonemic,Neologism,1,1,1135,92808.53673760565,165.81999133795486,23.215114246831043,0.020288083806198166,20.0,1.4,1.0,20,3,10,110.94278301846357,2.3114109431462935,0.07071147970318639,0.030591344434838533,29
Phonemic_and_Neologism,Phonemic,Neologism,1,1,1135,92808.53673760565,165.81999133795486,23.215114246831043,0.020288083806198166,20.0,1.5,0.5,20,4,5,139.2770852421044,2.72553934849087,0.1134493670886076,0.041623556677717555,40
Phonemic_and_Neologism,Phonemic,Neologism,1,1,1135,92808.53673760565,165.81999133795486,23.215114246831043,0.020288083806198166,20.0,1.5,0.6,20,4,6,145.32832263422043,2.983146255806013,0.11930379746835444,0.039991607548542696,40
Phonemic_and_Neologism,Phonemic,Neologism,1,1,1135,92808.53673760565,165.81999133795486,23.215114246831043,0.020288083806198166,20.0,1.5,0.7,20,4,7,147.82785928463886,3.149839551017778,0.0897151898734177,0.028481463446250417,40
Phonemic_and_Neologism,Phonemic,Neologism,1,1,1135,92808.53673760565,165.81999133795486,23.215114246831043,0.020288083806198166,20.0,1.5,0.8,20,4,8,73.79311931534482,1.8946151175595538,0.06376582278481015,0.033655346449376296,40
Phonemic_and_Neologism,Phonemic,Neologism,1,1,1135,92808.53673760565,165.81999133795486,23.215114246831043,0.020288083806198166,20.0,1.5,0.9,20,4,9,63.691987319334544,1.7764243695113844,0.04984177215189875,0.0280563566808296,40
Phonemic_and_Neologism,Phonemic,Neologism,1,1,1135,92808.53673760565,165.81999133795486,23.215114246831043,0.020288083806198166,20.0,1.5,1.0,20,4,10,32.63784319504614,1.3607374031159587,0.03077258838934963,0.022613641384063774,29
Phonemic_and_Neologism,Phonemic,Neologism,1,1,1135,92808.53673760565,165.81999133795486,23.215114246831043,0.020288083806198166,20.0,1.6,0.4,20,5,4,110.16250616013377,2.3028902438526537,0.08908227848101266,0.03868181552662326,40
Phonemic_and_Neologism,Phonemic,Neologism,1,1,1135,92808.53673760565,165.81999133795486,23.215114246831043,0.020288083806198166,20.0,1.6,0.5,20,5,5,144.12222261172252,3.0497450368960726,0.125,0.0409860328462673,40
Phonemic_and_Neologism,Phonemic,Neologism,1,1,1135,92808.53673760565,165.81999133795486,23.215114246831043,0.020288083806198166,20.0,1.6,0.6,20,5,6,142.28609234971344,2.838628228538292,0.08908227848101266,0.03138115761592852,40
Phonemic_and_Neologism,Phonemic,Neologism,1,1,1135,92808.53673760565,165.81999133795486,23.215114246831043,0.020288083806198166,20.0,1.6,0.7,20,5,7,104.54857197811396,2.2411993215778203,0.06281645569620253,0.028027054038486546,40
Phonemic_and_Neologism,Phonemic,Neologism,1,1,1135,92808.53673760565,165.81999133795486,23.215114246831043,0.020288083806198166,20.0,1.6,0.8,20,5,8,38.59066025223528,1.4508440895580814,0.03354430379746836,0.023119543440119576,40
Phonemic_and_Neologism,Phonemic,Neologism,1,1,1135,92808.53673760565,165.81999133795486,23.215114246831043,0.020288083806198166,20.0,1.7,0.4,20,6,4,134.11489268501515,2.9231289321885336,0.12753164556962024,0.043627470905023634,40
Phonemic_and_Neologism,Phonemic,Neologism,1,1,1135,92808.53673760565,165.81999133795486,23.215114246831043,0.020288083806198166,20.0,1.7,0.5,20,6,5,131.21548795860934,2.535410537942391,0.09699367088607598,0.038254607695308813,40
Phonemic_and_Neologism,Phonemic,Neologism,1,1,1135,92808.53673760565,165.81999133795486,23.215114246831043,0.020288083806198166,20.0,1.7,0.6,20,6,6,110.34683421390247,2.3049047580744024,0.06598101265822784,0.028625351013892075,40
Phonemic_and_Neologism,Phonemic,Neologism,1,1,1135,92808.53673760565,165.81999133795486,23.215114246831043,0.020288083806198166,20.0,1.7,0.7,20,6,7,31.621140098790303,1.3445452386505876,0.028322784810126584,0.021063954897725785,40
Phonemic_and_Neologism,Phonemic,Neologism,1,1,1135,92808.53673760565,165.81999133795486,23.215114246831043,0.020288083806198166,20.0,1.8,0.3,20,7,3,115.16518174004132,2.357304928563615,0.09889240506329114,0.04195046918203306,40
Phonemic_and_Neologism,Phonemic,Neologism,1,1,1135,92808.53673760565,165.81999133795486,23.215114246831043,0.020288083806198166,20.0,1.8,0.4,20,7,4,114.94888306466319,2.3549638552539793,0.102373417721519,0.043470332900979146,40
Phonemic_and_Neologism,Phonemic,Neologism,1,1,1135,92808.53673760565,165.81999133795486,23.215114246831043,0.020288083806198166,20.0,1.8,0.5,20,7,5,120.02147289825757,2.410188754210494,0.06898734177215188,0.028622211211833108,40
Phonemic_and_Neologism,Phonemic,Neologism,1,1,1135,92808.53673760565,165.81999133795486,23.215114246831043,0.020288083806198166,20.0,1.8,0.6,20,7,6,23.680252187057214,1.206721175795834,0.026582278481012668,0.02202751745224544,40
Phonemic_and_Neologism,Phonemic,Neologism,1,1,1135,92808.53673760565,165.81999133795486,23.215114246831043,0.020288083806198166,20.0,1.9,0.3,20,8,3,144.16385774054763,3.3576471788694007,0.128006329113924,0.03812281774937615,40
Phonemic_and_Neologism,Phonemic,Neologism,1,1,1135,92808.53673760565,165.81999133795486,23.215114246831043,0.020288083806198166,20.0,1.9,0.4,20,8,4,103.23576309912646,2.226677060900322,0.07958860759493672,0.03574221979261613,40
Phonemic_and_Neologism,Phonemic,Neologism,1,1,1135,92808.53673760565,165.81999133795486,23.215114246831043,0.020288083806198166,20.0,1.9,0.5,20,8,5,47.22158739321194,1.5708836664679213,0.0375,0.02387091413372925,40
Phonemic_and_Neologism,Phonemic,Neologism,1,1,1135,92808.53673760565,165.81999133795486,23.215114246831043,0.020288083806198166,20.0,2.0,0.2,20,9,2,55.37244804332584,1.6756344673597885,0.06867088607594937,0.04098102049051341,40
Phonemic_and_Neologism,Phonemic,Neologism,1,1,1135,92808.53673760565,165.81999133795486,23.215114246831043,0.020288083806198166,20.0,2.0,0.3,20,9,3,141.6231036628288,3.1168570315272937,0.10348101265822782,0.03319943608401281,40
Phonemic_and_Neologism,Phonemic,Neologism,1,1,1135,92808.53673760565,165.81999133795486,23.215114246831043,0.020288083806198166,20.0,2.0,0.4,20,9,4,68.11195508339802,1.8284387859988425,0.05094936708860759,0.027863956420061328,40
Phonemic_and_Neologism,Phonemic,Neologism,1,1,1135,92808.53673760565,165.81999133795486,23.215114246831043,0.020288083806198166,21.0,1.1,1.0,21,0,10,45.375102427440716,1.546066411709856,0.02721518987341772,0.017601859532611775,30
Phonemic_and_Neologism,Phonemic,Neologism,1,1,1135,92808.53673760565,165.81999133795486,23.215114246831043,0.020288083806198166,21.0,1.2,0.9,21,1,9,70.22530693308532,1.852947212194053,0.07167721518987341,0.03868181552662327,40
Phonemic_and_Neologism,Phonemic,Neologism,1,1,1135,92808.53673760565,165.81999133795486,23.215114246831043,0.020288083806198166,21.0,1.2,1.0,21,1,10,142.52726109535504,3.071984678709905,0.11054852320675104,0.03598502687470968,30
Phonemic_and_Neologism,Phonemic,Neologism,1,1,1135,92808.53673760565,165.81999133795486,23.215114246831043,0.020288083806198166,21.0,1.3,0.7,21,2,7,49.84653653894292,1.6052849131530658,0.05110759493670887,0.0318360866865773,40
Phonemic_and_Neologism,Phonemic,Neologism,1,1,1135,92808.53673760565,165.81999133795486,23.215114246831043,0.020288083806198166,21.0,1.3,0.8,21,2,8,129.27497924169802,2.5124837079160844,0.10901898734177214,0.043389923092669584,40
Phonemic_and_Neologism,Phonemic,Neologism,1,1,1135,92808.53673760565,165.81999133795486,23.215114246831043,0.020288083806198166,21.0,1.3,0.9,21,2,9,137.30520202842686,2.6551538071537606,0.1207278481012658,0.04546824843901309,40
Phonemic_and_Neologism,Phonemic,Neologism,1,1,1135,92808.53673760565,165.81999133795486,23.215114246831043,0.020288083806198166,21.0,1.3,1.0,21,2,10,137.38734878688163,2.6609576343976653,0.12068965517241381,0.04535472217020026,29
Phonemic_and_Neologism,Phonemic,Neologism,1,1,1135,92808.53673760565,165.81999133795486,23.215114246831043,0.020288083806198166,21.0,1.4,0.6,21,3,6,50.025023697080805,1.6075964088956762,0.057278481012658214,0.03562888863106826,40
Phonemic_and_Neologism,Phonemic,Neologism,1,1,1135,92808.53673760565,165.81999133795486,23.215114246831043,0.020288083806198166,21.0,1.4,0.7,21,3,7,149.88089992224727,3.268869586524721,0.12484177215189873,0.03819011434317682,40
Phonemic_and_Neologism,Phonemic,Neologism,1,1,1135,92808.53673760565,165.81999133795486,23.215114246831043,0.020288083806198166,21.0,1.4,0.8,21,3,8,150.81170944578818,3.3532342581185484,0.13053797468354428,0.0389279756203276,40
Phonemic_and_Neologism,Phonemic,Neologism,1,1,1135,92808.53673760565,165.81999133795486,23.215114246831043,0.020288083806198166,21.0,1.4,0.9,21,3,9,146.19714664031704,3.0259617971103077,0.09414556962025318,0.03111161011628073,40
Phonemic_and_Neologism,Phonemic,Neologism,1,1,1135,92808.53673760565,165.81999133795486,23.215114246831043,0.020288083806198166,21.0,1.4,1.0,21,3,10,134.9644613413925,2.5898052982710116,0.07420340462680054,0.028651117082446206,29
Phonemic_and_Neologism,Phonemic,Neologism,1,1,1135,92808.53673760565,165.81999133795486,23.215114246831043,0.020288083806198166,21.0,1.5,0.5,21,4,5,87.18749653535139,2.049181285587415,0.07072784810126581,0.034514173742176295,40
Phonemic_and_Neologism,Phonemic,Neologism,1,1,1135,92808.53673760565,165.81999133795486,23.215114246831043,0.020288083806198166,21.0,1.5,0.6,21,4,6,107.21490236944265,2.2706639262177784,0.11661392405063294,0.0513557519632355,40
Phonemic_and_Neologism,Phonemic,Neologism,1,1,1135,92808.53673760565,165.81999133795486,23.215114246831043,0.020288083806198166,21.0,1.5,0.7,21,4,7,116.03528423687598,2.36676348939519,0.1167721518987342,0.04933732739179804,40
Phonemic_and_Neologism,Phonemic,Neologism,1,1,1135,92808.53673760565,165.81999133795486,23.215114246831043,0.020288083806198166,21.0,1.5,0.8,21,4,8,142.76187899957907,2.8607037127072363,0.08860759493670886,0.030973055279864957,40
Phonemic_and_Neologism,Phonemic,Neologism,1,1,1135,92808.53673760565,165.81999133795486,23.215114246831043,0.020288083806198166,21.0,1.5,0.9,21,4,9,98.72500162088674,2.1765603125752766,0.05617088607594937,0.02580618106060141,40
Phonemic_and_Neologism,Phonemic,Neologism,1,1,1135,92808.53673760565,165.81999133795486,23.215114246831043,0.020288083806198166,21.0,1.6,0.4,21,5,4,29.64417286806157,1.3123165532316707,0.05664556962025319,0.043163562300734176,40
Phonemic_and_Neologism,Phonemic,Neologism,1,1,1135,92808.53673760565,165.81999133795486,23.215114246831043,0.020288083806198166,21.0,1.6,0.5,21,5,5,102.49785148435097,2.2184962084401496,0.10901898734177214,0.04913993922135871,40
Phonemic_and_Neologism,Phonemic,Neologism,1,1,1135,92808.53673760565,165.81999133795486,23.215114246831043,0.020288083806198166,21.0,1.6,0.6,21,5,6,89.45293134393278,2.074400477129862,0.0992088607594937,0.04782431717152271,40
Phonemic_and_Neologism,Phonemic,Neologism,1,1,1135,92808.53673760565,165.81999133795486,23.215114246831043,0.020288083806198166,21.0,1.6,0.7,21,5,7,116.79303888756223,2.3750178069747028,0.07405063291139241,0.031177980087613782,40
Phonemic_and_Neologism,Phonemic,Neologism,1,1,1135,92808.53673760565,165.81999133795486,23.215114246831043,0.020288083806198166,21.0,1.6,0.8,21,5,8,32.53335068075003,1.3590840083514415,0.03623417721518988,0.026659733988873623,40
Phonemic_and_Neologism,Phonemic,Neologism,1,1,1135,92808.53673760565,165.81999133795486,23.215114246831043,0.020288083806198166,21.0,1.7,0.4,21,6,4,116.34426200961883,2.3701297023878367,0.11281645569620255,0.047598275087158,40
Phonemic_and_Neologism,Phonemic,Neologism,1,1,1135,92808.53673760565,165.81999133795486,23.215114246831043,0.020288083806198166,21.0,1.7,0.5,21,6,5,86.19291417305347,2.038088258789632,0.0973101265822785,0.04774478635768623,40
Phonemic_and_Neologism,Phonemic,Neologism,1,1,1135,92808.53673760565,165.81999133795486,23.215114246831043,0.020288083806198166,21.0,1.7,0.6,21,6,6,91.93790939028936,2.1020569160057287,0.07136075949367089,0.03394706246696148,40
Phonemic_and_Neologism,Phonemic,Neologism,1,1,1135,92808.53673760565,165.81999133795486,23.215114246831043,0.020288083806198166,21.0,1.7,0.7,21,6,7,31.700431570947956,1.3458169238085158,0.02325949367088607,0.017281806642871027,40
Phonemic_and_Neologism,Phonemic,Neologism,1,1,1135,92808.53673760565,165.81999133795486,23.215114246831043,0.020288083806198166,21.0,1.8,0.3,21,7,3,42.90113026397917,1.5119992449029969,0.07278481012658229,0.04813712597588423,40
Phonemic_and_Neologism,Phonemic,Neologism,1,1,1135,92808.53673760565,165.81999133795486,23.215114246831043,0.020288083806198166,21.0,1.8,0.4,21,7,4,99.24927602926141,2.1823389020083077,0.12294303797468356,0.05633444719454189,40
Phonemic_and_Neologism,Phonemic,Neologism,1,1,1135,92808.53673760565,165.81999133795486,23.215114246831043,0.020288083806198166,21.0,1.8,0.5,21,7,5,76.39647150741725,1.9255502475841568,0.06724683544303797,0.03492243839243225,40
Phonemic_and_Neologism,Phonemic,Neologism,1,1,1135,92808.53673760565,165.81999133795486,23.215114246831043,0.020288083806198166,21.0,1.8,0.6,21,7,6,31.67282046133625,1.3453739707296575,0.03132911392405064,0.023285546793423866,40
Phonemic_and_Neologism,Phonemic,Neologism,1,1,1135,92808.53673760565,165.81999133795486,23.215114246831043,0.020288083806198166,21.0,1.9,0.3,21,8,3,138.638943751472,2.9670185438269736,0.12658227848101267,0.04266212347267706,40
Phonemic_and_Neologism,Phonemic,Neologism,1,1,1135,92808.53673760565,165.81999133795486,23.215114246831043,0.020288083806198166,21.0,1.9,0.4,21,8,4,124.6807612238878,2.461306805210278,0.09414556962025318,0.03824923740273208,40
Phonemic_and_Neologism,Phonemic,Neologism,1,1,1135,92808.53673760565,165.81999133795486,23.215114246831043,0.020288083806198166,21.0,2.0,0.2,21,9,2,27.395391245066847,1.2741572197011821,0.03512658227848102,0.027567483492734888,40
Phonemic_and_Neologism,Phonemic,Neologism,1,1,1135,92808.53673760565,165.81999133795486,23.215114246831043,0.020288083806198166,21.0,2.0,0.3,21,9,3,143.61094541969433,3.3081694185492734,0.1223101265822785,0.03697114716286053,40
Phonemic_and_Neologism,Phonemic,Neologism,1,1,1135,92808.53673760565,165.81999133795486,23.215114246831043,0.020288083806198166,21.0,2.0,0.4,21,9,4,60.97779994614044,1.744114410392922,0.05490506329113924,0.03147919588850824,40
Phonemic_and_Neologism,Phonemic,Neologism,1,1,1135,92808.53673760565,165.81999133795486,23.215114246831043,0.020288083806198166,22.0,1.2,0.9,22,1,9,64.16697959035432,1.7820419152241536,0.04272151898734179,0.02397235249096432,40
Phonemic_and_Neologism,Phonemic,Neologism,1,1,1135,92808.53673760565,165.81999133795486,23.215114246831043,0.020288083806198166,22.0,1.2,1.0,22,1,10,78.95593059924384,1.9555125235530377,0.07151898734177214,0.0365720142253586,30
Phonemic_and_Neologism,Phonemic,Neologism,1,1,1135,92808.53673760565,165.81999133795486,23.215114246831043,0.020288083806198166,22.0,1.3,0.7,22,2,7,31.6930829239078,1.3456990113847516,0.040822784810126585,0.030334747046524998,40
Phonemic_and_Neologism,Phonemic,Neologism,1,1,1135,92808.53673760565,165.81999133795486,23.215114246831043,0.020288083806198166,22.0,1.3,0.8,22,2,8,86.6510076558641,2.043202525906327,0.08022151898734174,0.039261636948707254,40
Phonemic_and_Neologism,Phonemic,Neologism,1,1,1135,92808.53673760565,165.81999133795486,23.215114246831043,0.020288083806198166,22.0,1.3,0.9,22,2,9,114.15756094837644,2.346397991590703,0.11329113924050634,0.048282002136266926,40
Phonemic_and_Neologism,Phonemic,Neologism,1,1,1135,92808.53673760565,165.81999133795486,23.215114246831043,0.020288083806198166,22.0,1.3,1.0,22,2,10,122.33274268889136,2.435502732591291,0.12287210824967262,0.05044940870019511,29
Phonemic_and_Neologism,Phonemic,Neologism,1,1,1135,92808.53673760565,165.81999133795486,23.215114246831043,0.020288083806198166,22.0,1.4,0.6,22,3,6,40.151110918583726,1.4733355533570973,0.05601265822784809,0.03801658404609144,40
Phonemic_and_Neologism,Phonemic,Neologism,1,1,1135,92808.53673760565,165.81999133795486,23.215114246831043,0.020288083806198166,22.0,1.4,0.7,22,3,7,93.59694462173266,2.1203200762553647,0.0966772151898734,0.04559457600407775,40
Phonemic_and_Neologism,Phonemic,Neologism,1,1,1135,92808.53673760565,165.81999133795486,23.215114246831043,0.020288083806198166,22.0,1.4,0.8,22,3,8,142.0850994421101,2.83030161379079,0.11835443037974683,0.04181589675865596,40
Phonemic_and_Neologism,Phonemic,Neologism,1,1,1135,92808.53673760565,165.81999133795486,23.215114246831043,0.020288083806198166,22.0,1.4,0.9,22,3,9,139.14596184652882,2.720821855573861,0.12294303797468353,0.04518499324054351,40
Phonemic_and_Neologism,Phonemic,Neologism,1,1,1135,92808.53673760565,165.81999133795486,23.215114246831043,0.020288083806198166,22.0,1.4,1.0,22,3,10,126.6342981632573,2.482921826035959,0.09668267132256657,0.03893807182608429,29
Phonemic_and_Neologism,Phonemic,Neologism,1,1,1135,92808.53673760565,165.81999133795486,23.215114246831043,0.020288083806198166,22.0,1.5,0.5,22,4,5,56.43602312462177,1.688831236536402,0.05174050632911392,0.030635871944190072,40
Phonemic_and_Neologism,Phonemic,Neologism,1,1,1135,92808.53673760565,165.81999133795486,23.215114246831043,0.020288083806198166,22.0,1.5,0.6,22,4,6,131.24850251760478,2.631964455350994,0.11724683544303796,0.04454627160340854,40
Phonemic_and_Neologism,Phonemic,Neologism,1,1,1135,92808.53673760565,165.81999133795486,23.215114246831043,0.020288083806198166,22.0,1.5,0.7,22,4,7,131.39673128635377,2.6531653605143632,0.12104430379746836,0.04562160068629939,40
Phonemic_and_Neologism,Phonemic,Neologism,1,1,1135,92808.53673760565,165.81999133795486,23.215114246831043,0.020288083806198166,22.0,1.5,0.8,22,4,8,109.229796398539,2.2927115624760126,0.10063291139240507,0.0438915301548733,40
Phonemic_and_Neologism,Phonemic,Neologism,1,1,1135,92808.53673760565,165.81999133795486,23.215114246831043,0.020288083806198166,22.0,1.5,0.9,22,4,9,59.35957370418096,1.72457038958869,0.0661392405063291,0.0383501400321,40
Phonemic_and_Neologism,Phonemic,Neologism,1,1,1135,92808.53673760565,165.81999133795486,23.215114246831043,0.020288083806198166,22.0,1.6,0.4,22,5,4,50.344101389965985,1.6117206736856469,0.03449367088607595,0.021400767346693265,40
Phonemic_and_Neologism,Phonemic,Neologism,1,1,1135,92808.53673760565,165.81999133795486,23.215114246831043,0.020288083806198166,22.0,1.6,0.5,22,5,5,139.02775050245546,2.8241242538694076,0.10348101265822782,0.03664080586829554,40
Phonemic_and_Neologism,Phonemic,Neologism,1,1,1135,92808.53673760565,165.81999133795486,23.215114246831043,0.020288083806198166,22.0,1.6,0.6,22,5,6,118.76378582508794,2.3964802875817663,0.11360759493670884,0.047405021040693676,40
Phonemic_and_Neologism,Phonemic,Neologism,1,1,1135,92808.53673760565,165.81999133795486,23.215114246831043,0.020288083806198166,22.0,1.6,0.7,22,5,7,130.22756504119076,2.5235512036990118,0.09018987341772154,0.03573826825242205,40
Phonemic_and_Neologism,Phonemic,Neologism,1,1,1135,92808.53673760565,165.81999133795486,23.215114246831043,0.020288083806198166,22.0,1.6,0.8,22,5,8,42.556380224759515,1.507187636942411,0.03449367088607596,0.02288511586282136,40
Phonemic_and_Neologism,Phonemic,Neologism,1,1,1135,92808.53673760565,165.81999133795486,23.215114246831043,0.020288083806198166,22.0,1.7,0.4,22,6,4,132.21787200252734,2.5475664786177417,0.08955696202531647,0.03515292543314837,40
Phonemic_and_Neologism,Phonemic,Neologism,1,1,1135,92808.53673760565,165.81999133795486,23.215114246831043,0.020288083806198166,22.0,1.7,0.5,22,6,5,134.99276790981554,2.6249935362035113,0.1224683544303797,0.046653726094108346,40
Phonemic_and_Neologism,Phonemic,Neologism,1,1,1135,92808.53673760565,165.81999133795486,23.215114246831043,0.020288083806198166,22.0,1.7,0.6,22,6,6,66.56232246866226,1.810288771101058,0.07373417721518988,0.040729616237730464,40
Phonemic_and_Neologism,Phonemic,Neologism,1,1,1135,92808.53673760565,165.81999133795486,23.215114246831043,0.020288083806198166,22.0,1.7,0.7,22,6,7,31.008964845043234,1.3346834607831097,0.022626582278481015,0.016951770408352204,40
Phonemic_and_Neologism,Phonemic,Neologism,1,1,1135,92808.53673760565,165.81999133795486,23.215114246831043,0.020288083806198166,22.0,1.8,0.3,22,7,3,53.0904351722636,1.646906062649712,0.055854430379746835,0.033913763960418286,40
Phonemic_and_Neologism,Phonemic,Neologism,1,1,1135,92808.53673760565,165.81999133795486,23.215114246831043,0.020288083806198166,22.0,1.8,0.4,22,7,4,91.69080006259527,2.099318293519521,0.10949367088607594,0.05215577452250896,40
Phonemic_and_Neologism,Phonemic,Neologism,1,1,1135,92808.53673760565,165.81999133795486,23.215114246831043,0.020288083806198166,22.0,1.8,0.5,22,7,5,83.12909260292868,2.003507822423572,0.08781645569620254,0.04383035154919141,40
Phonemic_and_Neologism,Phonemic,Neologism,1,1,1135,92808.53673760565,165.81999133795486,23.215114246831043,0.020288083806198166,22.0,1.9,0.3,22,8,3,112.63498311294683,2.329856563979429,0.1129746835443038,0.048488973713807254,40
Phonemic_and_Neologism,Phonemic,Neologism,1,1,1135,92808.53673760565,165.81999133795486,23.215114246831043,0.020288083806198166,22.0,1.9,0.4,22,8,4,130.42426381422544,3.0940740431432068,0.10237341772151905,0.033085932081793355,40
Phonemic_and_Neologism,Phonemic,Neologism,1,1,1135,92808.53673760565,165.81999133795486,23.215114246831043,0.020288083806198166,22.0,2.0,0.3,22,9,3,141.0610605903519,3.0848925034648276,0.14224683544303798,0.04610979163480479,40
Phonemic_and_Neologism,Phonemic,Neologism,1,1,1135,92808.53673760565,165.81999133795486,23.215114246831043,0.020288083806198166,22.0,2.0,0.4,22,9,4,64.21213293897051,1.7825752072199845,0.055696202531645575,0.031243798147118064,40
Phonemic_and_Neologism,Phonemic,Neologism,1,1,1135,92808.53673760565,165.81999133795486,23.215114246831043,0.020288083806198166,23.0,1.2,0.9,23,1,9,46.307688085671295,1.5586763482473862,0.02325949367088607,0.014921593582073414,40
Phonemic_and_Neologism,Phonemic,Neologism,1,1,1135,92808.53673760565,165.81999133795486,23.215114246831043,0.020288083806198166,23.0,1.2,1.0,23,1,10,71.46309359562495,1.8672190557929298,0.061814345991561194,0.03310403167787736,30
Phonemic_and_Neologism,Phonemic,Neologism,1,1,1135,92808.53673760565,165.81999133795486,23.215114246831043,0.020288083806198166,23.0,1.3,0.8,23,2,8,74.71369418007714,1.905606817545544,0.06645569620253164,0.03487277122638959,40
Phonemic_and_Neologism,Phonemic,Neologism,1,1,1135,92808.53673760565,165.81999133795486,23.215114246831043,0.020288083806198166,23.0,1.3,0.9,23,2,9,138.1506558007336,2.704591099749057,0.09556962025316458,0.035335069937533964,40
Phonemic_and_Neologism,Phonemic,Neologism,1,1,1135,92808.53673760565,165.81999133795486,23.215114246831043,0.020288083806198166,23.0,1.3,1.0,23,2,10,149.18793676126893,3.582985732618474,0.1243998254037538,0.034718598314683054,29
Phonemic_and_Neologism,Phonemic,Neologism,1,1,1135,92808.53673760565,165.81999133795486,23.215114246831043,0.020288083806198166,23.0,1.4,0.7,23,3,7,122.69908371868513,2.439537430831865,0.07468354430379745,0.030612813651685146,40
Phonemic_and_Neologism,Phonemic,Neologism,1,1,1135,92808.53673760565,165.81999133795486,23.215114246831043,0.020288083806198166,23.0,1.4,0.8,23,3,8,148.5285156202326,3.452303548150872,0.1159810126582278,0.033594253441821396,40
Phonemic_and_Neologism,Phonemic,Neologism,1,1,1135,92808.53673760565,165.81999133795486,23.215114246831043,0.020288083806198166,23.0,1.4,0.9,23,3,9,137.07121925099645,2.647719456601697,0.13544303797468354,0.051153603119668274,40
Phonemic_and_Neologism,Phonemic,Neologism,1,1,1135,92808.53673760565,165.81999133795486,23.215114246831043,0.020288083806198166,23.0,1.4,1.0,23,3,10,130.4358062053509,2.5260396143150823,0.10737669140113489,0.04250692061717105,29
Phonemic_and_Neologism,Phonemic,Neologism,1,1,1135,92808.53673760565,165.81999133795486,23.215114246831043,0.020288083806198166,23.0,1.5,0.5,23,4,5,24.404215892932193,1.2203308665840285,0.03417721518987342,0.028005515385079848,40
Phonemic_and_Neologism,Phonemic,Neologism,1,1,1135,92808.53673760565,165.81999133795486,23.215114246831043,0.020288083806198166,23.0,1.5,0.6,23,4,6,127.8034126885836,2.4959672663418977,0.10237341772151898,0.04101452897028092,40
Phonemic_and_Neologism,Phonemic,Neologism,1,1,1135,92808.53673760565,165.81999133795486,23.215114246831043,0.020288083806198166,23.0,1.5,0.7,23,4,7,127.62072788328737,2.493921670869934,0.1218354430379747,0.04885195495085691,40
Phonemic_and_Neologism,Phonemic,Neologism,1,1,1135,92808.53673760565,165.81999133795486,23.215114246831043,0.020288083806198166,23.0,1.5,0.8,23,4,8,142.94640646983044,2.904187022021155,0.11060126582278482,0.03808238271059844,40
Phonemic_and_Neologism,Phonemic,Neologism,1,1,1135,92808.53673760565,165.81999133795486,23.215114246831043,0.020288083806198166,23.0,1.5,0.9,23,4,9,81.64076205747308,1.98648319836783,0.07183544303797469,0.03616111961772313,40
Phonemic_and_Neologism,Phonemic,Neologism,1,1,1135,92808.53673760565,165.81999133795486,23.215114246831043,0.020288083806198166,23.0,1.5,1.0,23,4,10,25.745378084818118,1.2449136150156002,0.024443474465299,0.01963367518587038,29
Phonemic_and_Neologism,Phonemic,Neologism,1,1,1135,92808.53673760565,165.81999133795486,23.215114246831043,0.020288083806198166,23.0,1.6,0.4,23,5,4,29.881899102121285,1.316251446623759,0.021835443037974682,0.01658811228092742,40
Phonemic_and_Neologism,Phonemic,Neologism,1,1,1135,92808.53673760565,165.81999133795486,23.215114246831043,0.020288083806198166,23.0,1.6,0.5,23,5,5,140.90885710021786,2.9474506942922036,0.08876582278481013,0.03011513492185192,40
Phonemic_and_Neologism,Phonemic,Neologism,1,1,1135,92808.53673760565,165.81999133795486,23.215114246831043,0.020288083806198166,23.0,1.6,0.6,23,5,6,146.2990841075877,3.467218511375147,0.12167721518987344,0.03509261027886718,40
Phonemic_and_Neologism,Phonemic,Neologism,1,1,1135,92808.53673760565,165.81999133795486,23.215114246831043,0.020288083806198166,23.0,1.6,0.7,23,5,7,139.46127397276106,2.848194510762558,0.10348101265822784,0.036331143843126246,40
Phonemic_and_Neologism,Phonemic,Neologism,1,1,1135,92808.53673760565,165.81999133795486,23.215114246831043,0.020288083806198166,23.0,1.6,0.8,23,5,8,25.93674844204567,1.2483611134474546,0.03955696202531646,0.03168611488943818,40
Phonemic_and_Neologism,Phonemic,Neologism,1,1,1135,92808.53673760565,165.81999133795486,23.215114246831043,0.020288083806198166,23.0,1.7,0.4,23,6,4,136.83129883312256,2.7101737932788597,0.07104430379746834,0.026212929148623543,40
Phonemic_and_Neologism,Phonemic,Neologism,1,1,1135,92808.53673760565,165.81999133795486,23.215114246831043,0.020288083806198166,23.0,1.7,0.5,23,6,5,142.69687252563074,3.1398327213666684,0.12373417721518987,0.03940688831620697,40
Phonemic_and_Neologism,Phonemic,Neologism,1,1,1135,92808.53673760565,165.81999133795486,23.215114246831043,0.020288083806198166,23.0,1.7,0.6,23,6,6,109.74013537434033,2.298282936264558,0.08132911392405065,0.0353859023873259,40
Phonemic_and_Neologism,Phonemic,Neologism,1,1,1135,92808.53673760565,165.81999133795486,23.215114246831043,0.020288083806198166,23.0,1.8,0.3,23,7,3,58.394787785094266,1.7128538781889937,0.031487341772151886,0.018381970183915256,40
Phonemic_and_Neologism,Phonemic,Neologism,1,1,1135,92808.53673760565,165.81999133795486,23.215114246831043,0.020288083806198166,23.0,1.8,0.4,23,7,4,113.96571724756018,2.3443155867168057,0.11424050632911391,0.04872985644970981,40
Phonemic_and_Neologism,Phonemic,Neologism,1,1,1135,92808.53673760565,165.81999133795486,23.215114246831043,0.020288083806198166,23.0,1.8,0.5,23,7,5,137.55317595954395,2.7467256569250003,0.1,0.03640598507616937,40
Phonemic_and_Neologism,Phonemic,Neologism,1,1,1135,92808.53673760565,165.81999133795486,23.215114246831043,0.020288083806198166,23.0,1.9,0.3,23,8,3,107.83998385240542,2.2775248376167054,0.08085443037974684,0.03550000927301245,40
Phonemic_and_Neologism,Phonemic,Neologism,1,1,1135,92808.53673760565,165.81999133795486,23.215114246831043,0.020288083806198166,23.0,1.9,0.4,23,8,4,126.99008402714006,2.6844758273273124,0.11344936708860758,0.042260273479805835,40
Phonemic_and_Neologism,Phonemic,Neologism,1,1,1135,92808.53673760565,165.81999133795486,23.215114246831043,0.020288083806198166,23.0,2.0,0.3,23,9,3,130.31607271127746,2.5468323596264377,0.1215189873417721,0.04771277546011555,40
Phonemic_and_Neologism,Phonemic,Neologism,1,1,1135,92808.53673760565,165.81999133795486,23.215114246831043,0.020288083806198166,23.0,2.0,0.4,23,9,4,76.0945765721619,1.9219865483725507,0.05965189873417722,0.03103558492547083,40
Phonemic_and_Neologism,Phonemic,Neologism,1,1,1135,92808.53673760565,165.81999133795486,23.215114246831043,0.020288083806198166,24.0,1.2,1.0,24,1,10,60.57226285242301,1.7392392383997126,0.03375527426160339,0.019407068491291556,30
Phonemic_and_Neologism,Phonemic,Neologism,1,1,1135,92808.53673760565,165.81999133795486,23.215114246831043,0.020288083806198166,24.0,1.3,0.8,24,2,8,54.67242015827521,1.6668827297738005,0.040822784810126585,0.02448949599048058,40
Phonemic_and_Neologism,Phonemic,Neologism,1,1,1135,92808.53673760565,165.81999133795486,23.215114246831043,0.020288083806198166,24.0,1.3,0.9,24,2,9,144.5836894740287,3.1854144194654155,0.0735759493670886,0.023096763643399437,40
Phonemic_and_Neologism,Phonemic,Neologism,1,1,1135,92808.53673760565,165.81999133795486,23.215114246831043,0.020288083806198166,24.0,1.3,1.0,24,2,10,142.567060798426,2.9736503715490734,0.10235704932343953,0.034420346336731016,29
Phonemic_and_Neologism,Phonemic,Neologism,1,1,1135,92808.53673760565,165.81999133795486,23.215114246831043,0.020288083806198166,24.0,1.4,0.6,24,3,6,52.390923285026865,1.6380101069351216,0.021202531645569622,0.012943078645058942,40
Phonemic_and_Neologism,Phonemic,Neologism,1,1,1135,92808.53673760565,165.81999133795486,23.215114246831043,0.020288083806198166,24.0,1.4,0.7,24,3,7,107.44078224350422,2.273146726301535,0.05601265822784809,0.024640021883784002,40
Phonemic_and_Neologism,Phonemic,Neologism,1,1,1135,92808.53673760565,165.81999133795486,23.215114246831043,0.020288083806198166,24.0,1.4,0.8,24,3,8,125.73908267044203,2.4729975138529707,0.09841772151898734,0.03979593508290306,40
Phonemic_and_Neologism,Phonemic,Neologism,1,1,1135,92808.53673760565,165.81999133795486,23.215114246831043,0.020288083806198166,24.0,1.4,0.9,24,3,9,132.73971451750927,2.5538878250934482,0.11297468354430382,0.04423535307481447,40
Phonemic_and_Neologism,Phonemic,Neologism,1,1,1135,92808.53673760565,165.81999133795486,23.215114246831043,0.020288083806198166,24.0,1.4,1.0,24,3,10,141.9953140308371,2.935910537357152,0.12570929725010915,0.04281682283572923,29
Phonemic_and_Neologism,Phonemic,Neologism,1,1,1135,92808.53673760565,165.81999133795486,23.215114246831043,0.020288083806198166,24.0,1.5,0.5,24,4,5,57.889698825330754,1.7066916443780198,0.026740506329113935,0.015667036119588047,40
Phonemic_and_Neologism,Phonemic,Neologism,1,1,1135,92808.53673760565,165.81999133795486,23.215114246831043,0.020288083806198166,24.0,1.5,0.6,24,4,6,138.53505068077837,3.0173208937807874,0.06772151898734177,0.022443254811255694,40
Phonemic_and_Neologism,Phonemic,Neologism,1,1,1135,92808.53673760565,165.81999133795486,23.215114246831043,0.020288083806198166,24.0,1.5,0.7,24,4,7,135.5556965873364,2.6474342077201327,0.11075949367088607,0.04183554247116034,40
Phonemic_and_Neologism,Phonemic,Neologism,1,1,1135,92808.53673760565,165.81999133795486,23.215114246831043,0.020288083806198166,24.0,1.5,0.8,24,4,8,120.22819536040852,2.4124352537399383,0.1110759493670886,0.046042079993500476,40
Phonemic_and_Neologism,Phonemic,Neologism,1,1,1135,92808.53673760565,165.81999133795486,23.215114246831043,0.020288083806198166,24.0,1.5,0.9,24,4,9,78.74098423241931,1.953013711183527,0.07056962025316456,0.03613270446354897,40
Phonemic_and_Neologism,Phonemic,Neologism,1,1,1135,92808.53673760565,165.81999133795486,23.215114246831043,0.020288083806198166,24.0,1.6,0.5,24,5,5,121.87842449761388,2.4305064274634307,0.07120253164556961,0.02929434801513744,40
Phonemic_and_Neologism,Phonemic,Neologism,1,1,1135,92808.53673760565,165.81999133795486,23.215114246831043,0.020288083806198166,24.0,1.6,0.6,24,5,6,134.72788575073903,2.614710719333577,0.10981012658227847,0.04199604608633198,40
Phonemic_and_Neologism,Phonemic,Neologism,1,1,1135,92808.53673760565,165.81999133795486,23.215114246831043,0.020288083806198166,24.0,1.6,0.7,24,5,7,145.39608726400107,3.4429168484426658,0.1137658227848101,0.033042441881632946,40
Phonemic_and_Neologism,Phonemic,Neologism,1,1,1135,92808.53673760565,165.81999133795486,23.215114246831043,0.020288083806198166,24.0,1.6,0.8,24,5,8,49.009246516546625,1.5944061025096197,0.0360759493670886,0.022625575067860376,40
Phonemic_and_Neologism,Phonemic,Neologism,1,1,1135,92808.53673760565,165.81999133795486,23.215114246831043,0.020288083806198166,24.0,1.7,0.4,24,6,4,75.88160793128345,1.9194704053708778,0.0509493670886076,0.026542450186075272,40
Phonemic_and_Neologism,Phonemic,Neologism,1,1,1135,92808.53673760565,165.81999133795486,23.215114246831043,0.020288083806198166,24.0,1.7,0.5,24,6,5,99.27496001421942,2.182621879625605,0.10806962025316455,0.04951267035306282,40
Phonemic_and_Neologism,Phonemic,Neologism,1,1,1135,92808.53673760565,165.81999133795486,23.215114246831043,0.020288083806198166,24.0,1.7,0.6,24,6,6,140.45165107525762,3.270602280982241,0.10664556962025318,0.032606318303534276,40
Phonemic_and_Neologism,Phonemic,Neologism,1,1,1135,92808.53673760565,165.81999133795486,23.215114246831043,0.020288083806198166,24.0,1.7,0.7,24,6,7,32.861285320786266,1.364260010787463,0.022626582278481,0.016584241889059503,40
Phonemic_and_Neologism,Phonemic,Neologism,1,1,1135,92808.53673760565,165.81999133795486,23.215114246831043,0.020288083806198166,24.0,1.8,0.3,24,7,3,30.92991016724942,1.3334010182087073,0.02436708860759494,0.018273388780900828,40
Phonemic_and_Neologism,Phonemic,Neologism,1,1,1135,92808.53673760565,165.81999133795486,23.215114246831043,0.020288083806198166,24.0,1.8,0.4,24,7,4,106.85664939149714,2.266719680965791,0.08876582278481011,0.03915947649393915,40
Phonemic_and_Neologism,Phonemic,Neologism,1,1,1135,92808.53673760565,165.81999133795486,23.215114246831043,0.020288083806198166,24.0,1.8,0.5,24,7,5,104.64838726417295,2.2423056383638413,0.09572784810126583,0.042690703781789636,40
Phonemic_and_Neologism,Phonemic,Neologism,1,1,1135,92808.53673760565,165.81999133795486,23.215114246831043,0.020288083806198166,24.0,1.9,0.3,24,8,3,80.6053885351602,1.9745882744365435,0.06661392405063292,0.03373460195461075,40
Phonemic_and_Neologism,Phonemic,Neologism,1,1,1135,92808.53673760565,165.81999133795486,23.215114246831043,0.020288083806198166,24.0,1.9,0.4,24,8,4,125.85425529292804,2.5682764962472184,0.0995253164556962,0.03875079195118719,40
Phonemic_and_Neologism,Phonemic,Neologism,1,1,1135,92808.53673760565,165.81999133795486,23.215114246831043,0.020288083806198166,24.0,2.0,0.3,24,9,3,129.762919943955,2.5219516198471617,0.10348101265822784,0.04103111649416935,40
Phonemic_and_Neologism,Phonemic,Neologism,1,1,1135,92808.53673760565,165.81999133795486,23.215114246831043,0.020288083806198166,24.0,2.0,0.4,24,9,4,47.43628790120202,1.5737324913632469,0.05458860759493671,0.034686348640587124,40
Phonemic_and_Neologism,Phonemic,Neologism,1,1,1135,92808.53673760565,165.81999133795486,23.215114246831043,0.020288083806198166,25.0,1.2,0.9,25,1,9,26.63194453963132,1.2607606979827202,0.021518987341772156,0.01706725678830535,40
Phonemic_and_Neologism,Phonemic,Neologism,1,1,1135,92808.53673760565,165.81999133795486,23.215114246831043,0.020288083806198166,25.0,1.2,1.0,25,1,10,49.80804953290979,1.604785964476661,0.04050632911392406,0.025239954252197508,30
Phonemic_and_Neologism,Phonemic,Neologism,1,1,1135,92808.53673760565,165.81999133795486,23.215114246831043,0.020288083806198166,25.0,1.3,0.8,25,2,8,71.63013519320404,1.869136168121593,0.04098101265822785,0.02192410816342082,40
Phonemic_and_Neologism,Phonemic,Neologism,1,1,1135,92808.53673760565,165.81999133795486,23.215114246831043,0.020288083806198166,25.0,1.3,0.9,25,2,9,130.5950347957263,2.527949854170554,0.06439873417721517,0.025473688143426425,40
Phonemic_and_Neologism,Phonemic,Neologism,1,1,1135,92808.53673760565,165.81999133795486,23.215114246831043,0.020288083806198166,25.0,1.3,1.0,25,2,10,138.9889552851484,2.7504799685915695,0.08882584024443474,0.03229366902459193,29
Phonemic_and_Neologism,Phonemic,Neologism,1,1,1135,92808.53673760565,165.81999133795486,23.215114246831043,0.020288083806198166,25.0,1.4,0.7,25,3,7,136.0760305388351,2.6895559272935077,0.05996835443037975,0.022295749371085107,40
Phonemic_and_Neologism,Phonemic,Neologism,1,1,1135,92808.53673760565,165.81999133795486,23.215114246831043,0.020288083806198166,25.0,1.4,0.8,25,3,8,136.27323751427724,2.716501900514467,0.08939873417721521,0.03290850547845534,40
Phonemic_and_Neologism,Phonemic,Neologism,1,1,1135,92808.53673760565,165.81999133795486,23.215114246831043,0.020288083806198166,25.0,1.4,0.9,25,3,9,121.07560679758177,2.4216580007784465,0.09620253164556962,0.03972489507463281,40
Phonemic_and_Neologism,Phonemic,Neologism,1,1,1135,92808.53673760565,165.81999133795486,23.215114246831043,0.020288083806198166,25.0,1.4,1.0,25,3,10,96.7800398238419,2.1551930973894606,0.09406372762985596,0.04364415074950515,29
Phonemic_and_Neologism,Phonemic,Neologism,1,1,1135,92808.53673760565,165.81999133795486,23.215114246831043,0.020288083806198166,25.0,1.5,0.5,25,4,5,25.30181462230615,1.236874772602016,0.02262658227848101,0.018292349318525934,40
Phonemic_and_Neologism,Phonemic,Neologism,1,1,1135,92808.53673760565,165.81999133795486,23.215114246831043,0.020288083806198166,25.0,1.5,0.6,25,4,6,112.42699169603843,2.3275948061857297,0.07199367088607592,0.03092949988543891,40
Phonemic_and_Neologism,Phonemic,Neologism,1,1,1135,92808.53673760565,165.81999133795486,23.215114246831043,0.020288083806198166,25.0,1.5,0.7,25,4,7,144.49877530822806,3.5453455621907706,0.11234177215189874,0.03168611488943818,40
Phonemic_and_Neologism,Phonemic,Neologism,1,1,1135,92808.53673760565,165.81999133795486,23.215114246831043,0.020288083806198166,25.0,1.5,0.8,25,4,8,108.9031406113604,2.2891473594369645,0.09604430379746834,0.041955365719108295,40
Phonemic_and_Neologism,Phonemic,Neologism,1,1,1135,92808.53673760565,165.81999133795486,23.215114246831043,0.020288083806198166,25.0,1.5,0.9,25,4,9,122.01330909521697,2.571814907408573,0.0504746835443038,0.019625094941320406,40
Phonemic_and_Neologism,Phonemic,Neologism,1,1,1135,92808.53673760565,165.81999133795486,23.215114246831043,0.020288083806198166,25.0,1.6,0.5,25,5,5,135.00485827719598,2.642996481574929,0.06155063291139242,0.023287200850995896,40
Phonemic_and_Neologism,Phonemic,Neologism,1,1,1135,92808.53673760565,165.81999133795486,23.215114246831043,0.020288083806198166,25.0,1.6,0.6,25,5,6,137.68454941278276,2.9807627722259378,0.10696202531645571,0.035883112051151224,40
Phonemic_and_Neologism,Phonemic,Neologism,1,1,1135,92808.53673760565,165.81999133795486,23.215114246831043,0.020288083806198166,25.0,1.6,0.7,25,5,7,116.38041938358204,2.3705242207927566,0.08607594936708862,0.03630993435455508,40
Phonemic_and_Neologism,Phonemic,Neologism,1,1,1135,92808.53673760565,165.81999133795486,23.215114246831043,0.020288083806198166,25.0,1.7,0.4,25,6,4,100.33454494290092,2.194351332015138,0.0569620253164557,0.025957480068980465,40
Phonemic_and_Neologism,Phonemic,Neologism,1,1,1135,92808.53673760565,165.81999133795486,23.215114246831043,0.020288083806198166,25.0,1.7,0.5,25,6,5,125.14784982237904,2.4664495744819677,0.10253164556962024,0.04156954197678261,40
Phonemic_and_Neologism,Phonemic,Neologism,1,1,1135,92808.53673760565,165.81999133795486,23.215114246831043,0.020288083806198166,25.0,1.7,0.6,25,6,6,79.1139070887585,1.9573512377120315,0.0731012658227848,0.0373460353273098,40
Phonemic_and_Neologism,Phonemic,Neologism,1,1,1135,92808.53673760565,165.81999133795486,23.215114246831043,0.020288083806198166,25.0,1.8,0.3,25,7,3,28.57999074931241,1.2944773664651061,0.022784810126582282,0.017600551573514103,40
Phonemic_and_Neologism,Phonemic,Neologism,1,1,1135,92808.53673760565,165.81999133795486,23.215114246831043,0.020288083806198166,25.0,1.8,0.4,25,7,4,105.94046298392841,2.2566086540294505,0.09794303797468354,0.04340175740757897,40
Phonemic_and_Neologism,Phonemic,Neologism,1,1,1135,92808.53673760565,165.81999133795486,23.215114246831043,0.020288083806198166,25.0,1.8,0.5,25,7,5,84.38784996492203,2.017779551927837,0.08449367088607594,0.041873579809944335,40
Phonemic_and_Neologism,Phonemic,Neologism,1,1,1135,92808.53673760565,165.81999133795486,23.215114246831043,0.020288083806198166,25.0,1.9,0.3,25,8,3,95.19500847690965,2.137857079111836,0.057120253164556975,0.02671746201631371,40
Phonemic_and_Neologism,Phonemic,Neologism,1,1,1135,92808.53673760565,165.81999133795486,23.215114246831043,0.020288083806198166,25.0,1.9,0.4,25,8,4,87.70022597234775,2.054888924497941,0.09873417721518987,0.0480474254102995,40
Phonemic_and_Neologism,Phonemic,Neologism,1,1,1135,92808.53673760565,165.81999133795486,23.215114246831043,0.020288083806198166,25.0,2.0,0.3,25,9,3,131.91118868124815,2.7660321274273474,0.0916139240506329,0.03312006289085004,40
Phonemic_and_Neologism,Phonemic,Neologism,1,1,1135,92808.53673760565,165.81999133795486,23.215114246831043,0.020288083806198166,25.0,2.0,0.4,25,9,4,28.59241383725961,1.2946883088492736,0.04430379746835443,0.03421866288374991,40
Phonemic_and_Neologism,Phonemic,Neologism,1,1,1135,92808.53673760565,165.81999133795486,23.215114246831043,0.020288083806198166,26.0,1.2,1.0,26,1,10,75.5370630988978,1.9153906621839243,0.03143459915611815,0.016410586302857133,30
Phonemic_and_Neologism,Phonemic,Neologism,1,1,1135,92808.53673760565,165.81999133795486,23.215114246831043,0.020288083806198166,26.0,1.3,0.8,26,2,8,63.782336408611116,1.7774932475870922,0.03465189873417722,0.019493813148357332,40
Phonemic_and_Neologism,Phonemic,Neologism,1,1,1135,92808.53673760565,165.81999133795486,23.215114246831043,0.020288083806198166,26.0,1.3,0.9,26,2,9,122.36581946709988,2.4358671575159185,0.0509493670886076,0.020915315954013452,40
Phonemic_and_Neologism,Phonemic,Neologism,1,1,1135,92808.53673760565,165.81999133795486,23.215114246831043,0.020288083806198166,26.0,1.3,1.0,26,2,10,148.24853892388046,3.643797910091721,0.06656481885639459,0.018266977670232276,29
Phonemic_and_Neologism,Phonemic,Neologism,1,1,1135,92808.53673760565,165.81999133795486,23.215114246831043,0.020288083806198166,26.0,1.4,0.7,26,3,7,113.0738339365721,2.3346266884298372,0.04224683544303797,0.018094756230496643,40
Phonemic_and_Neologism,Phonemic,Neologism,1,1,1135,92808.53673760565,165.81999133795486,23.215114246831043,0.020288083806198166,26.0,1.4,0.8,26,3,8,115.09728075191641,2.3565694161195334,0.07784810126582278,0.033033503772017914,40
Phonemic_and_Neologism,Phonemic,Neologism,1,1,1135,92808.53673760565,165.81999133795486,23.215114246831043,0.020288083806198166,26.0,1.4,0.9,26,3,9,142.6620998451671,3.0944914311057503,0.07246835443037976,0.02341750221394368,40
Phonemic_and_Neologism,Phonemic,Neologism,1,1,1135,92808.53673760565,165.81999133795486,23.215114246831043,0.020288083806198166,26.0,1.4,1.0,26,3,10,129.9560385888258,2.52032607999084,0.06612832824094282,0.026237004981158295,29
Phonemic_and_Neologism,Phonemic,Neologism,1,1,1135,92808.53673760565,165.81999133795486,23.215114246831043,0.020288083806198166,26.0,1.5,0.6,26,4,6,100.95587378548962,2.2013068542399274,0.052531645569620256,0.023862845001181583,40
Phonemic_and_Neologism,Phonemic,Neologism,1,1,1135,92808.53673760565,165.81999133795486,23.215114246831043,0.020288083806198166,26.0,1.5,0.7,26,4,7,113.7904961787016,2.342413628310662,0.08354430379746833,0.035664905793811534,40
Phonemic_and_Neologism,Phonemic,Neologism,1,1,1135,92808.53673760565,165.81999133795486,23.215114246831043,0.020288083806198166,26.0,1.5,0.8,26,4,8,117.91060256372366,2.4722309845529615,0.07579113924050632,0.030655981371913013,40
Phonemic_and_Neologism,Phonemic,Neologism,1,1,1135,92808.53673760565,165.81999133795486,23.215114246831043,0.020288083806198166,26.0,1.5,0.9,26,4,9,25.241738777489626,1.2357776027678653,0.04272151898734177,0.034569556135388056,40
Phonemic_and_Neologism,Phonemic,Neologism,1,1,1135,92808.53673760565,165.81999133795486,23.215114246831043,0.020288083806198166,26.0,1.6,0.5,26,5,5,133.13434321509126,2.5587012942168244,0.045094936708860764,0.017623150505877462,40
Phonemic_and_Neologism,Phonemic,Neologism,1,1,1135,92808.53673760565,165.81999133795486,23.215114246831043,0.020288083806198166,26.0,1.6,0.6,26,5,6,101.1070073031007,2.202998201002664,0.08227848101265825,0.03734741044137501,40
Phonemic_and_Neologism,Phonemic,Neologism,1,1,1135,92808.53673760565,165.81999133795486,23.215114246831043,0.020288083806198166,26.0,1.6,0.7,26,5,7,72.41127160890858,1.878085710432448,0.06898734177215192,0.036731797331313966,40
Phonemic_and_Neologism,Phonemic,Neologism,1,1,1135,92808.53673760565,165.81999133795486,23.215114246831043,0.020288083806198166,26.0,1.6,0.8,26,5,8,25.592432147932193,1.2421461170668398,0.024208860759493675,0.019488543481937237,40
Phonemic_and_Neologism,Phonemic,Neologism,1,1,1135,92808.53673760565,165.81999133795486,23.215114246831043,0.020288083806198166,26.0,1.7,0.4,26,6,4,60.23846090977917,1.7352122900175195,0.039715189873417725,0.022886798860055756,40
Phonemic_and_Neologism,Phonemic,Neologism,1,1,1135,92808.53673760565,165.81999133795486,23.215114246831043,0.020288083806198166,26.0,1.7,0.5,26,6,5,147.98193893369736,2.8795045537272657,0.07278481012658225,0.02527585189188838,40
Phonemic_and_Neologism,Phonemic,Neologism,1,1,1135,92808.53673760565,165.81999133795486,23.215114246831043,0.020288083806198166,26.0,1.7,0.6,26,6,6,81.8499904994378,1.988883634707987,0.05838607594936708,0.029355205124559473,40
Phonemic_and_Neologism,Phonemic,Neologism,1,1,1135,92808.53673760565,165.81999133795486,23.215114246831043,0.020288083806198166,26.0,1.8,0.4,26,7,4,104.74094275925964,2.2433325248023657,0.0680379746835443,0.030327974385791667,40
Phonemic_and_Neologism,Phonemic,Neologism,1,1,1135,92808.53673760565,165.81999133795486,23.215114246831043,0.020288083806198166,26.0,1.8,0.5,26,7,5,77.72418994669216,1.9411424519133558,0.057120253164556975,0.02942510064926166,40
Phonemic_and_Neologism,Phonemic,Neologism,1,1,1135,92808.53673760565,165.81999133795486,23.215114246831043,0.020288083806198166,26.0,1.9,0.3,26,8,3,94.19840206957218,2.1269263473811755,0.0454113924050633,0.02134971224303421,40
Phonemic_and_Neologism,Phonemic,Neologism,1,1,1135,92808.53673760565,165.81999133795486,23.215114246831043,0.020288083806198166,26.0,1.9,0.4,26,8,4,131.00640940876838,2.69881986251852,0.07879746835443037,0.029196009199753375,40
Phonemic_and_Neologism,Phonemic,Neologism,1,1,1135,92808.53673760565,165.81999133795486,23.215114246831043,0.020288083806198166,26.0,2.0,0.3,26,9,3,131.25658805061937,2.677870860162976,0.07151898734177216,0.02670640714412923,40
Phonemic_and_Neologism,Phonemic,Neologism,1,1,1135,92808.53673760565,165.81999133795486,23.215114246831043,0.020288083806198166,26.0,2.0,0.4,26,9,4,67.81097423442469,1.8249291258407847,0.037341772151898725,0.020461039661235914,40
Phonemic_and_Neologism,Phonemic,Neologism,1,1,1135,92808.53673760565,165.81999133795486,23.215114246831043,0.020288083806198166,27.0,1.2,1.0,27,1,10,76.68994865592951,1.9290090446202215,0.02827004219409283,0.014654214952430961,30
Phonemic_and_Neologism,Phonemic,Neologism,1,1,1135,92808.53673760565,165.81999133795486,23.215114246831043,0.020288083806198166,27.0,1.3,0.8,27,2,8,57.71250725004836,1.7045259635943515,0.02610759493670886,0.015315630837148124,40
Phonemic_and_Neologism,Phonemic,Neologism,1,1,1135,92808.53673760565,165.81999133795486,23.215114246831043,0.020288083806198166,27.0,1.3,0.9,27,2,9,127.97384060294753,2.4978833302805943,0.04825949367088608,0.01931915522336864,40
Phonemic_and_Neologism,Phonemic,Neologism,1,1,1135,92808.53673760565,165.81999133795486,23.215114246831043,0.020288083806198166,27.0,1.3,1.0,27,2,10,134.47364327824587,2.576154952750727,0.06307289393278045,0.02448234633964213,29
Phonemic_and_Neologism,Phonemic,Neologism,1,1,1135,92808.53673760565,165.81999133795486,23.215114246831043,0.020288083806198166,27.0,1.4,0.7,27,3,7,113.3988907220713,2.338160336865697,0.04715189873417722,0.020165238384397675,40
Phonemic_and_Neologism,Phonemic,Neologism,1,1,1135,92808.53673760565,165.81999133795486,23.215114246831043,0.020288083806198166,27.0,1.4,0.8,27,3,8,148.17614292976754,3.238638528953204,0.06693037974683544,0.02066520870112008,40
Phonemic_and_Neologism,Phonemic,Neologism,1,1,1135,92808.53673760565,165.81999133795486,23.215114246831043,0.020288083806198166,27.0,1.4,0.9,27,3,9,138.9458625435032,2.645385603635602,0.06819620253164557,0.025778305080485158,40
Phonemic_and_Neologism,Phonemic,Neologism,1,1,1135,92808.53673760565,165.81999133795486,23.215114246831043,0.020288083806198166,27.0,1.4,1.0,27,3,10,93.92188855570751,2.123887236292102,0.06350938454823223,0.02990142771038418,29
Phonemic_and_Neologism,Phonemic,Neologism,1,1,1135,92808.53673760565,165.81999133795486,23.215114246831043,0.020288083806198166,27.0,1.5,0.6,27,4,6,103.66762652923936,2.231455521046663,0.052689873417721536,0.023611334156231522,40
Phonemic_and_Neologism,Phonemic,Neologism,1,1,1135,92808.53673760565,165.81999133795486,23.215114246831043,0.020288083806198166,27.0,1.5,0.7,27,4,7,143.34815479365247,2.7286633565007654,0.07784810126582278,0.028528756549248746,40
Phonemic_and_Neologism,Phonemic,Neologism,1,1,1135,92808.53673760565,165.81999133795486,23.215114246831043,0.020288083806198166,27.0,1.5,0.8,27,4,8,117.3744478375787,2.3813473326665284,0.0647151898734177,0.02717487182082862,40
Phonemic_and_Neologism,Phonemic,Neologism,1,1,1135,92808.53673760565,165.81999133795486,23.215114246831043,0.020288083806198166,27.0,1.5,0.9,27,4,9,71.8903796188575,1.8721243326138461,0.03765822784810126,0.0201142387114819,40
Phonemic_and_Neologism,Phonemic,Neologism,1,1,1135,92808.53673760565,165.81999133795486,23.215114246831043,0.020288083806198166,27.0,1.6,0.5,27,5,5,84.60385913086856,2.020223784955912,0.05031645569620252,0.024905377239440626,40
Phonemic_and_Neologism,Phonemic,Neologism,1,1,1135,92808.53673760565,165.81999133795486,23.215114246831043,0.020288083806198166,27.0,1.6,0.6,27,5,6,159.17471548359865,3.6637740667968415,0.0772151898734177,0.021074314270381655,40
Phonemic_and_Neologism,Phonemic,Neologism,1,1,1135,92808.53673760565,165.81999133795486,23.215114246831043,0.020288083806198166,27.0,1.6,0.7,27,5,7,107.99328906259774,2.279206404877778,0.048892405063291136,0.02145050389129105,40
Phonemic_and_Neologism,Phonemic,Neologism,1,1,1135,92808.53673760565,165.81999133795486,23.215114246831043,0.020288083806198166,27.0,1.6,0.8,27,5,8,73.02762547894163,1.8854258750470398,0.02120253164556963,0.01124448672327977,40
Phonemic_and_Neologism,Phonemic,Neologism,1,1,1135,92808.53673760565,165.81999133795486,23.215114246831043,0.020288083806198166,27.0,1.7,0.4,27,6,4,146.75914481277454,2.805840094606494,0.04414556962025317,0.015732458832921972,40
Phonemic_and_Neologism,Phonemic,Neologism,1,1,1135,92808.53673760565,165.81999133795486,23.215114246831043,0.020288083806198166,27.0,1.7,0.5,27,6,5,148.57149323448579,2.9487415156561103,0.07895569620253165,0.026775065580289966,40
Phonemic_and_Neologism,Phonemic,Neologism,1,1,1135,92808.53673760565,165.81999133795486,23.215114246831043,0.020288083806198166,27.0,1.7,0.6,27,6,6,142.1881633145036,2.696984932753572,0.0504746835443038,0.01871422637420524,40
Phonemic_and_Neologism,Phonemic,Neologism,1,1,1135,92808.53673760565,165.81999133795486,23.215114246831043,0.020288083806198166,27.0,1.8,0.4,27,7,4,152.41483593288817,3.3906719093088844,0.07911392405063293,0.023331816080916126,40
Phonemic_and_Neologism,Phonemic,Neologism,1,1,1135,92808.53673760565,165.81999133795486,23.215114246831043,0.020288083806198166,27.0,1.8,0.5,27,7,5,126.31336377158843,2.4793509607831483,0.05063291139240507,0.020420841116197498,40
Phonemic_and_Neologism,Phonemic,Neologism,1,1,1135,92808.53673760565,165.81999133795486,23.215114246831043,0.020288083806198166,27.0,1.9,0.3,27,8,3,127.17688310872022,2.4889729642634766,0.049841772151898736,0.020024035573918998,40
Phonemic_and_Neologism,Phonemic,Neologism,1,1,1135,92808.53673760565,165.81999133795486,23.215114246831043,0.020288083806198166,27.0,1.9,0.4,27,8,4,129.77459039654957,2.5181773987419596,0.07848101265822781,0.031164799795294663,40
Phonemic_and_Neologism,Phonemic,Neologism,1,1,1135,92808.53673760565,165.81999133795486,23.215114246831043,0.020288083806198166,27.0,2.0,0.3,27,9,3,129.62759694230033,2.5164496161274785,0.07294303797468353,0.02898548854608674,40
Phonemic_and_Neologism,Phonemic,Neologism,1,1,1135,92808.53673760565,165.81999133795486,23.215114246831043,0.020288083806198166,27.0,2.0,0.4,27,9,4,88.53806709221807,2.0642100400351953,0.03243670886075949,0.015712860620601593,40
Phonemic_and_Neologism,Phonemic,Neologism,1,1,1135,92808.53673760565,165.81999133795486,23.215114246831043,0.020288083806198166,28.0,1.2,1.0,28,1,10,50.75832095012523,1.6170721617416313,0.027004219409282704,0.01669845228677885,30
Phonemic_and_Neologism,Phonemic,Neologism,1,1,1135,92808.53673760565,165.81999133795486,23.215114246831043,0.020288083806198166,28.0,1.3,0.8,28,2,8,52.63580877427868,1.641129202345392,0.025000000000000005,0.015232413654617612,40
Phonemic_and_Neologism,Phonemic,Neologism,1,1,1135,92808.53673760565,165.81999133795486,23.215114246831043,0.020288083806198166,28.0,1.3,0.9,28,2,9,91.08451180792805,2.0925817224134136,0.04651898734177215,0.022229428013163056,40
Phonemic_and_Neologism,Phonemic,Neologism,1,1,1135,92808.53673760565,165.81999133795486,23.215114246831043,0.020288083806198166,28.0,1.3,1.0,28,2,10,138.0849872745534,2.631878224470103,0.06547359231776517,0.024876135921038857,29
Phonemic_and_Neologism,Phonemic,Neologism,1,1,1135,92808.53673760565,165.81999133795486,23.215114246831043,0.020288083806198166,28.0,1.4,0.7,28,3,7,135.1213742510711,2.5861037529718134,0.04367088607594937,0.016885749429818932,40
Phonemic_and_Neologism,Phonemic,Neologism,1,1,1135,92808.53673760565,165.81999133795486,23.215114246831043,0.020288083806198166,28.0,1.4,0.8,28,3,8,143.7284507649984,2.7446482469167557,0.058069620253164554,0.02115639979372511,40
Phonemic_and_Neologism,Phonemic,Neologism,1,1,1135,92808.53673760565,165.81999133795486,23.215114246831043,0.020288083806198166,28.0,1.4,0.9,28,3,9,146.98049287019927,3.118528124671961,0.06424050632911392,0.020598623848469024,40
Phonemic_and_Neologism,Phonemic,Neologism,1,1,1135,92808.53673760565,165.81999133795486,23.215114246831043,0.020288083806198166,28.0,1.4,1.0,28,3,10,142.22663823307713,2.6976037465206426,0.052160628546486246,0.019334911960295426,29
Phonemic_and_Neologism,Phonemic,Neologism,1,1,1135,92808.53673760565,165.81999133795486,23.215114246831043,0.020288083806198166,28.0,1.5,0.6,28,4,6,105.78557631599523,2.254893155278295,0.03987341772151899,0.017682062999318866,40
Phonemic_and_Neologism,Phonemic,Neologism,1,1,1135,92808.53673760565,165.81999133795486,23.215114246831043,0.020288083806198166,28.0,1.5,0.7,28,4,7,153.05671505890493,3.3939596730854507,0.06882911392405063,0.020278885606736758,40
Phonemic_and_Neologism,Phonemic,Neologism,1,1,1135,92808.53673760565,165.81999133795486,23.215114246831043,0.020288083806198166,28.0,1.5,0.8,28,4,8,145.77586989490544,2.873314191800611,0.05458860759493671,0.018997481875289744,40
Phonemic_and_Neologism,Phonemic,Neologism,1,1,1135,92808.53673760565,165.81999133795486,23.215114246831043,0.020288083806198166,28.0,1.5,0.9,28,4,9,62.37504358512826,1.7608030033125497,0.03401898734177215,0.019319155223368644,40
Phonemic_and_Neologism,Phonemic,Neologism,1,1,1135,92808.53673760565,165.81999133795486,23.215114246831043,0.020288083806198166,28.0,1.5,1.0,28,4,10,41.803375619657125,1.496675727036193,0.020515058926233086,0.013706083341866068,29
Phonemic_and_Neologism,Phonemic,Neologism,1,1,1135,92808.53673760565,165.81999133795486,23.215114246831043,0.020288083806198166,28.0,1.6,0.5,28,5,5,115.43925818808252,2.360277346823411,0.050632911392405056,0.021451102423704387,40
Phonemic_and_Neologism,Phonemic,Neologism,1,1,1135,92808.53673760565,165.81999133795486,23.215114246831043,0.020288083806198166,28.0,1.6,0.6,28,5,6,152.93736024916745,3.1295990053307405,0.06787974683544301,0.021688598801578536,40
Phonemic_and_Neologism,Phonemic,Neologism,1,1,1135,92808.53673760565,165.81999133795486,23.215114246831043,0.020288083806198166,28.0,1.6,0.7,28,5,7,92.70319663402977,2.110499774837442,0.05268987341772152,0.024964590636833817,40
Phonemic_and_Neologism,Phonemic,Neologism,1,1,1135,92808.53673760565,165.81999133795486,23.215114246831043,0.020288083806198166,28.0,1.7,0.4,28,6,4,82.08947171054722,1.9916327023645404,0.037816455696202525,0.018986665572726047,40
Phonemic_and_Neologism,Phonemic,Neologism,1,1,1135,92808.53673760565,165.81999133795486,23.215114246831043,0.020288083806198166,28.0,1.7,0.5,28,6,5,147.4546906904387,2.833921120078698,0.07167721518987342,0.025291593601858245,40
Phonemic_and_Neologism,Phonemic,Neologism,1,1,1135,92808.53673760565,165.81999133795486,23.215114246831043,0.020288083806198166,28.0,1.7,0.6,28,6,6,152.23943312084654,3.078478653869348,0.0463607594936709,0.015058633249494824,40
Phonemic_and_Neologism,Phonemic,Neologism,1,1,1135,92808.53673760565,165.81999133795486,23.215114246831043,0.020288083806198166,28.0,1.7,0.7,28,6,7,60.08831940705801,1.7333987187337472,0.020411392405063296,0.011774359116437953,40
Phonemic_and_Neologism,Phonemic,Neologism,1,1,1135,92808.53673760565,165.81999133795486,23.215114246831043,0.020288083806198166,28.0,1.8,0.4,28,7,4,125.28164432035494,2.467927146935961,0.06503164556962025,0.02634971527551365,40
Phonemic_and_Neologism,Phonemic,Neologism,1,1,1135,92808.53673760565,165.81999133795486,23.215114246831043,0.020288083806198166,28.0,1.8,0.5,28,7,5,134.67407374282948,2.5792171769487164,0.0454113924050633,0.01760565709383426,40
Phonemic_and_Neologism,Phonemic,Neologism,1,1,1135,92808.53673760565,165.81999133795486,23.215114246831043,0.020288083806198166,28.0,1.9,0.3,28,8,3,117.90654186877642,2.3871450498955142,0.04335443037974684,0.01816062381152518,40
Phonemic_and_Neologism,Phonemic,Neologism,1,1,1135,92808.53673760565,165.81999133795486,23.215114246831043,0.020288083806198166,28.0,1.9,0.4,28,8,4,131.58330619907233,2.7756469847091747,0.06234177215189871,0.022459266919869394,40
Phonemic_and_Neologism,Phonemic,Neologism,1,1,1135,92808.53673760565,165.81999133795486,23.215114246831043,0.020288083806198166,28.0,2.0,0.3,28,9,3,148.8691522217901,2.9807348330265917,0.07136075949367088,0.02393966010266746,40
Phonemic_and_Neologism,Phonemic,Neologism,1,1,1135,92808.53673760565,165.81999133795486,23.215114246831043,0.020288083806198166,28.0,2.0,0.4,28,9,4,66.13392199389838,1.805243566451255,0.03085443037974684,0.01709056091352284,40
Phonemic_and_Neologism,Phonemic,Neologism,1,1,1135,92808.53673760565,165.81999133795486,23.215114246831043,0.020288083806198166,29.0,1.2,1.0,29,1,10,65.93449054904237,1.8028922290214895,0.029957805907172994,0.016615526171080364,30
Phonemic_and_Neologism,Phonemic,Neologism,1,1,1135,92808.53673760565,165.81999133795486,23.215114246831043,0.020288083806198166,29.0,1.3,0.8,29,2,8,88.32320988393059,2.0618170299453933,0.028797468354430377,0.013966033900769104,40
Phonemic_and_Neologism,Phonemic,Neologism,1,1,1135,92808.53673760565,165.81999133795486,23.215114246831043,0.020288083806198166,29.0,1.3,0.9,29,2,9,84.45252354140486,2.018511030205681,0.04335443037974685,0.02147742133680545,40
Phonemic_and_Neologism,Phonemic,Neologism,1,1,1135,92808.53673760565,165.81999133795486,23.215114246831043,0.020288083806198166,29.0,1.3,1.0,29,2,10,132.55990414501295,2.5517064045906928,0.05718027062418159,0.022407640163817594,29
Phonemic_and_Neologism,Phonemic,Neologism,1,1,1135,92808.53673760565,165.81999133795486,23.215114246831043,0.020288083806198166,29.0,1.4,0.7,29,3,7,73.67008734326761,1.8931411231930049,0.038132911392405065,0.020141667086587517,40
Phonemic_and_Neologism,Phonemic,Neologism,1,1,1135,92808.53673760565,165.81999133795486,23.215114246831043,0.020288083806198166,29.0,1.4,0.8,29,3,8,150.24609405075736,3.364791049134956,0.0606012658227848,0.018009409840564868,40
Phonemic_and_Neologism,Phonemic,Neologism,1,1,1135,92808.53673760565,165.81999133795486,23.215114246831043,0.020288083806198166,29.0,1.4,0.9,29,3,9,143.76845646058703,2.746523285728243,0.056962025316455694,0.020738684098965197,39
Phonemic_and_Neologism,Phonemic,Neologism,1,1,1135,92808.53673760565,165.81999133795486,23.215114246831043,0.020288083806198166,29.0,1.4,1.0,29,3,10,105.54997975134951,2.252288155135744,0.040593627237014415,0.018022283186235052,29
Phonemic_and_Neologism,Phonemic,Neologism,1,1,1135,92808.53673760565,165.81999133795486,23.215114246831043,0.020288083806198166,29.0,1.5,0.5,29,4,5,43.89816443452717,1.5258157664248269,0.020886075949367085,0.013687465153499966,40
Phonemic_and_Neologism,Phonemic,Neologism,1,1,1135,92808.53673760565,165.81999133795486,23.215114246831043,0.020288083806198166,29.0,1.5,0.6,29,4,6,99.72541010516703,2.187595484985231,0.04382911392405063,0.020034291819203277,40
Phonemic_and_Neologism,Phonemic,Neologism,1,1,1135,92808.53673760565,165.81999133795486,23.215114246831043,0.020288083806198166,29.0,1.5,0.7,29,4,7,154.87294376148282,3.5427414196460743,0.06835443037974684,0.019293219442799627,40
Phonemic_and_Neologism,Phonemic,Neologism,1,1,1135,92808.53673760565,165.81999133795486,23.215114246831043,0.020288083806198166,29.0,1.5,0.8,29,4,8,144.9628006726111,2.815423757362989,0.0582278481012658,0.020680735013774182,40
Phonemic_and_Neologism,Phonemic,Neologism,1,1,1135,92808.53673760565,165.81999133795486,23.215114246831043,0.020288083806198166,29.0,1.5,0.9,29,4,9,64.76974385664391,1.7891519011475043,0.03259493670886077,0.018217093549214813,40
Phonemic_and_Neologism,Phonemic,Neologism,1,1,1135,92808.53673760565,165.81999133795486,23.215114246831043,0.020288083806198166,29.0,1.6,0.5,29,5,5,147.23650196353805,2.8248459808241417,0.04683544303797467,0.016578821822466422,40
Phonemic_and_Neologism,Phonemic,Neologism,1,1,1135,92808.53673760565,165.81999133795486,23.215114246831043,0.020288083806198166,29.0,1.6,0.6,29,5,6,142.39672788251622,2.700354291397937,0.06455696202531644,0.023905848901629192,40
Phonemic_and_Neologism,Phonemic,Neologism,1,1,1135,92808.53673760565,165.81999133795486,23.215114246831043,0.020288083806198166,29.0,1.6,0.7,29,5,7,115.5862079746614,2.36187458925956,0.04604430379746836,0.019493813148357336,40
Phonemic_and_Neologism,Phonemic,Neologism,1,1,1135,92808.53673760565,165.81999133795486,23.215114246831043,0.020288083806198166,29.0,1.6,0.8,29,5,8,58.10528283463144,1.7093229158880252,0.022943037974683545,0.013421295905255684,40
Phonemic_and_Neologism,Phonemic,Neologism,1,1,1135,92808.53673760565,165.81999133795486,23.215114246831043,0.020288083806198166,29.0,1.7,0.4,29,6,4,109.82759359368497,2.2992380874375993,0.04556962025316456,0.019818443885408977,40
Phonemic_and_Neologism,Phonemic,Neologism,1,1,1135,92808.53673760565,165.81999133795486,23.215114246831043,0.020288083806198166,29.0,1.7,0.5,29,6,5,150.15331150222775,2.964644972042347,0.06424050632911392,0.02166786994393078,40
Phonemic_and_Neologism,Phonemic,Neologism,1,1,1135,92808.53673760565,165.81999133795486,23.215114246831043,0.020288083806198166,29.0,1.7,0.6,29,6,6,153.4944938096926,3.2051064027783402,0.04430379746835443,0.01382187883795364,40
Phonemic_and_Neologism,Phonemic,Neologism,1,1,1135,92808.53673760565,165.81999133795486,23.215114246831043,0.020288083806198166,29.0,1.8,0.4,29,7,4,152.03322569888837,3.180379538543656,0.0685126582278481,0.021541289968077547,40
Phonemic_and_Neologism,Phonemic,Neologism,1,1,1135,92808.53673760565,165.81999133795486,23.215114246831043,0.020288083806198166,29.0,1.8,0.5,29,7,5,122.66721168842464,2.43918582929517,0.038291139240506325,0.015697328016103216,40
Phonemic_and_Neologism,Phonemic,Neologism,1,1,1135,92808.53673760565,165.81999133795486,23.215114246831043,0.020288083806198166,29.0,1.9,0.3,29,8,3,119.03261109344156,2.399421763093883,0.04098101265822784,0.017078536948679564,40
Phonemic_and_Neologism,Phonemic,Neologism,1,1,1135,92808.53673760565,165.81999133795486,23.215114246831043,0.020288083806198166,29.0,1.9,0.4,29,8,4,112.93533139615907,2.333121466914065,0.0560126582278481,0.02400660484276629,40
Phonemic_and_Neologism,Phonemic,Neologism,1,1,1135,92808.53673760565,165.81999133795486,23.215114246831043,0.020288083806198166,29.0,2.0,0.3,29,9,3,147.68810886367424,2.8417339275800724,0.06977848101265823,0.02455389598636678,40
Phonemic_and_Neologism,Phonemic,Neologism,1,1,1135,92808.53673760565,165.81999133795486,23.215114246831043,0.020288083806198166,29.0,2.0,0.4,29,9,4,47.00303268653712,1.5679736916606932,0.024367088607594935,0.015539495824127598,40
Phonemic_and_Neologism,Phonemic,Neologism,1,1,1135,92808.53673760565,165.81999133795486,23.215114246831043,0.020288083806198166,30.0,1.2,1.0,30,1,10,100.16141675874975,2.5116214011157094,0.03122362869198312,0.012430662143869693,30
Phonemic_and_Neologism,Phonemic,Neologism,1,1,1135,92808.53673760565,165.81999133795486,23.215114246831043,0.020288083806198166,30.0,1.3,0.8,30,2,8,102.0527647036378,2.213549825948725,0.03148734177215189,0.014223817260960664,40
Phonemic_and_Neologism,Phonemic,Neologism,1,1,1135,92808.53673760565,165.81999133795486,23.215114246831043,0.020288083806198166,30.0,1.3,0.9,30,2,9,109.0532914547494,2.290785717876692,0.047468354430379736,0.020720429359345628,40
Phonemic_and_Neologism,Phonemic,Neologism,1,1,1135,92808.53673760565,165.81999133795486,23.215114246831043,0.020288083806198166,30.0,1.3,1.0,30,2,10,98.29204633892421,2.1717741433823403,0.055216062854648626,0.025423403832644693,29
Phonemic_and_Neologism,Phonemic,Neologism,1,1,1135,92808.53673760565,165.81999133795486,23.215114246831043,0.020288083806198166,30.0,1.4,0.6,30,3,6,48.671816463735986,1.5899959103896781,0.02120253164556962,0.013333959861861077,40
Phonemic_and_Neologism,Phonemic,Neologism,1,1,1135,92808.53673760565,165.81999133795486,23.215114246831043,0.020288083806198166,30.0,1.4,0.7,30,3,7,118.37441989047929,2.392235686403748,0.04382911392405064,0.018320402934147773,40
Phonemic_and_Neologism,Phonemic,Neologism,1,1,1135,92808.53673760565,165.81999133795486,23.215114246831043,0.020288083806198166,30.0,1.4,0.8,30,3,8,139.8745290392771,2.6601372514033352,0.05838607594936709,0.02194752010683507,40
Phonemic_and_Neologism,Phonemic,Neologism,1,1,1135,92808.53673760565,165.81999133795486,23.215114246831043,0.020288083806198166,30.0,1.4,0.9,30,3,9,147.32603308915307,3.1535719859872526,0.0625,0.01981779604388794,40
Phonemic_and_Neologism,Phonemic,Neologism,1,1,1135,92808.53673760565,165.81999133795486,23.215114246831043,0.020288083806198166,30.0,1.4,1.0,30,3,10,104.4313596442842,2.239901823226618,0.03993889131383675,0.017829643691473974,29
Phonemic_and_Neologism,Phonemic,Neologism,1,1,1135,92808.53673760565,165.81999133795486,23.215114246831043,0.020288083806198166,30.0,1.5,0.6,30,4,6,121.4076100702596,2.4253184245255555,0.04778481012658228,0.019701489225071558,40
Phonemic_and_Neologism,Phonemic,Neologism,1,1,1135,92808.53673760565,165.81999133795486,23.215114246831043,0.020288083806198166,30.0,1.5,0.7,30,4,7,142.97484936380073,2.7134838401023007,0.06882911392405064,0.02536458829163903,40
Phonemic_and_Neologism,Phonemic,Neologism,1,1,1135,92808.53673760565,165.81999133795486,23.215114246831043,0.020288083806198166,30.0,1.5,0.8,30,4,8,74.01064960244186,1.8972225268992473,0.04256329113924051,0.022433527597985267,40
Phonemic_and_Neologism,Phonemic,Neologism,1,1,1135,92808.53673760565,165.81999133795486,23.215114246831043,0.020288083806198166,30.0,1.5,0.9,30,4,9,48.47207806522859,1.5873810765534808,0.024525316455696205,0.01544917564965908,40
Phonemic_and_Neologism,Phonemic,Neologism,1,1,1135,92808.53673760565,165.81999133795486,23.215114246831043,0.020288083806198166,30.0,1.6,0.5,30,5,5,141.51566007040213,2.686289629372261,0.04873417721518988,0.01814081787485745,40
Phonemic_and_Neologism,Phonemic,Neologism,1,1,1135,92808.53673760565,165.81999133795486,23.215114246831043,0.020288083806198166,30.0,1.6,0.6,30,5,6,144.9731293001833,2.8274457546036,0.06392405063291139,0.02260740920779163,40
Phonemic_and_Neologism,Phonemic,Neologism,1,1,1135,92808.53673760565,165.81999133795486,23.215114246831043,0.020288083806198166,30.0,1.6,0.7,30,5,7,129.9246236461285,2.5199532880877813,0.038765822784810125,0.015382548166572103,40
Phonemic_and_Neologism,Phonemic,Neologism,1,1,1135,92808.53673760565,165.81999133795486,23.215114246831043,0.020288083806198166,30.0,1.7,0.4,30,6,4,146.4071261684635,2.7929234931501945,0.04873417721518987,0.017448162977329398,40
Phonemic_and_Neologism,Phonemic,Neologism,1,1,1135,92808.53673760565,165.81999133795486,23.215114246831043,0.020288083806198166,30.0,1.7,0.5,30,6,5,150.60304098834388,3.0147288499181135,0.059177215189873414,0.019628365735986766,40
Phonemic_and_Neologism,Phonemic,Neologism,1,1,1135,92808.53673760565,165.81999133795486,23.215114246831043,0.020288083806198166,30.0,1.7,0.6,30,6,6,109.50205469372018,2.295684967517143,0.03607594936708859,0.01571367770079354,40
Phonemic_and_Neologism,Phonemic,Neologism,1,1,1135,92808.53673760565,165.81999133795486,23.215114246831043,0.020288083806198166,30.0,1.8,0.3,30,7,3,72.10282497446771,1.8745582552862603,0.023575949367088605,0.012575802721710223,40
Phonemic_and_Neologism,Phonemic,Neologism,1,1,1135,92808.53673760565,165.81999133795486,23.215114246831043,0.020288083806198166,30.0,1.8,0.4,30,7,4,156.0915028691828,3.5362790597436353,0.06930379746835443,0.01959694357218478,40
Phonemic_and_Neologism,Phonemic,Neologism,1,1,1135,92808.53673760565,165.81999133795486,23.215114246831043,0.020288083806198166,30.0,1.8,0.5,30,7,5,94.16710778161878,2.126582180172474,0.03196202531645569,0.015028762599564082,40
Phonemic_and_Neologism,Phonemic,Neologism,1,1,1135,92808.53673760565,165.81999133795486,23.215114246831043,0.020288083806198166,30.0,1.9,0.3,30,8,3,151.13011066754888,2.982617857837927,0.05126582278481012,0.017187196821825592,40
Phonemic_and_Neologism,Phonemic,Neologism,1,1,1135,92808.53673760565,165.81999133795486,23.215114246831043,0.020288083806198166,30.0,1.9,0.4,30,8,4,130.4716092505172,2.526468551915283,0.0509493670886076,0.02016523838439768,40
Phonemic_and_Neologism,Phonemic,Neologism,1,1,1135,92808.53673760565,165.81999133795486,23.215114246831043,0.020288083806198166,30.0,2.0,0.3,30,9,3,156.73997698830402,3.3725028303985867,0.06503164556962025,0.019281903184972075,40
Phonemic_and_Neologism,Phonemic,Neologism,1,1,1135,92808.53673760565,165.81999133795486,23.215114246831043,0.020288083806198166,30.0,2.0,0.4,30,9,4,110.28769190862472,2.304257695286982,0.0254746835443038,0.011054483766598023,40
Phonemic_and_Neologism,Phonemic,Neologism,1,1,1135,92808.53673760565,165.81999133795486,23.215114246831043,0.020288083806198166,31.0,1.2,1.0,31,1,10,96.31010947900903,2.1500578996407973,0.024261603375527425,0.011283162803048573,30
Phonemic_and_Neologism,Phonemic,Neologism,1,1,1135,92808.53673760565,165.81999133795486,23.215114246831043,0.020288083806198166,31.0,1.3,0.8,31,2,8,89.36633960138694,2.0734348200395396,0.0278481012658228,0.013429902672547839,40
Phonemic_and_Neologism,Phonemic,Neologism,1,1,1135,92808.53673760565,165.81999133795486,23.215114246831043,0.020288083806198166,31.0,1.3,0.9,31,2,9,96.31599470174139,2.1501222792307892,0.043670886075949385,0.02030988487282348,40
Phonemic_and_Neologism,Phonemic,Neologism,1,1,1135,92808.53673760565,165.81999133795486,23.215114246831043,0.020288083806198166,31.0,1.3,1.0,31,2,10,119.84805961070558,2.5884950949428567,0.05892623308598865,0.022763668629704123,29
Phonemic_and_Neologism,Phonemic,Neologism,1,1,1135,92808.53673760565,165.81999133795486,23.215114246831043,0.020288083806198166,31.0,1.4,0.7,31,3,7,105.87673615821,2.255902425977966,0.03591772151898734,0.015920664476874034,40
Phonemic_and_Neologism,Phonemic,Neologism,1,1,1135,92808.53673760565,165.81999133795486,23.215114246831043,0.020288083806198166,31.0,1.4,0.8,31,3,8,153.28435264468916,3.088234100143506,0.06281645569620252,0.020339574470466318,40
Phonemic_and_Neologism,Phonemic,Neologism,1,1,1135,92808.53673760565,165.81999133795486,23.215114246831043,0.020288083806198166,31.0,1.4,0.9,31,3,9,140.5475092877268,2.6708417322538387,0.06028481012658229,0.02257046479275275,40
Phonemic_and_Neologism,Phonemic,Neologism,1,1,1135,92808.53673760565,165.81999133795486,23.215114246831043,0.020288083806198166,31.0,1.4,1.0,31,3,10,118.64544886463084,2.395187414689537,0.04474028808380621,0.018678243139562598,29
Phonemic_and_Neologism,Phonemic,Neologism,1,1,1135,92808.53673760565,165.81999133795486,23.215114246831043,0.020288083806198166,31.0,1.5,0.6,31,4,6,137.95435520852263,2.6298326808218357,0.04145569620253163,0.015762625003540726,40
Phonemic_and_Neologism,Phonemic,Neologism,1,1,1135,92808.53673760565,165.81999133795486,23.215114246831043,0.020288083806198166,31.0,1.5,0.7,31,4,7,150.3561184856929,2.9404258704774158,0.06408227848101265,0.021792536482049818,40
Phonemic_and_Neologism,Phonemic,Neologism,1,1,1135,92808.53673760565,165.81999133795486,23.215114246831043,0.020288083806198166,31.0,1.5,0.8,31,4,8,117.02855329682522,2.37758265775487,0.04968354430379747,0.020895663315467314,40
Phonemic_and_Neologism,Phonemic,Neologism,1,1,1135,92808.53673760565,165.81999133795486,23.215114246831043,0.020288083806198166,31.0,1.5,0.9,31,4,9,94.48226982579892,2.130048423215177,0.032911392405063286,0.015450006674949467,40
Phonemic_and_Neologism,Phonemic,Neologism,1,1,1135,92808.53673760565,165.81999133795486,23.215114246831043,0.020288083806198166,31.0,1.6,0.5,31,5,5,126.14745541484918,2.477513937464002,0.04825949367088609,0.019477999872059164,40
Phonemic_and_Neologism,Phonemic,Neologism,1,1,1135,92808.53673760565,165.81999133795486,23.215114246831043,0.020288083806198166,31.0,1.6,0.6,31,5,6,145.2789971328906,2.8651090290825474,0.06265822784810125,0.021868404344506008,40
Phonemic_and_Neologism,Phonemic,Neologism,1,1,1135,92808.53673760565,165.81999133795486,23.215114246831043,0.020288083806198166,31.0,1.6,0.7,31,5,7,129.12391641183473,2.510786749525551,0.0435126582278481,0.01732928829950231,40
Phonemic_and_Neologism,Phonemic,Neologism,1,1,1135,92808.53673760565,165.81999133795486,23.215114246831043,0.020288083806198166,31.0,1.6,0.8,31,5,8,46.31887062116165,1.558826929549186,0.020569620253164562,0.013194576662967528,40
Phonemic_and_Neologism,Phonemic,Neologism,1,1,1135,92808.53673760565,165.81999133795486,23.215114246831043,0.020288083806198166,31.0,1.7,0.4,31,6,4,90.15888697792589,2.082278741568262,0.03575949367088608,0.017172250130745668,40
Phonemic_and_Neologism,Phonemic,Neologism,1,1,1135,92808.53673760565,165.81999133795486,23.215114246831043,0.020288083806198166,31.0,1.7,0.5,31,6,5,131.22174984527905,2.535486598698862,0.0666139240506329,0.02627163898173125,40
Phonemic_and_Neologism,Phonemic,Neologism,1,1,1135,92808.53673760565,165.81999133795486,23.215114246831043,0.020288083806198166,31.0,1.7,0.6,31,6,6,115.79933568792597,2.3641944798528693,0.03860759493670885,0.01632912650427621,40
Phonemic_and_Neologism,Phonemic,Neologism,1,1,1135,92808.53673760565,165.81999133795486,23.215114246831043,0.020288083806198166,31.0,1.7,0.7,31,6,7,52.65966151939862,1.6414328588989282,0.021677215189873412,0.013205275890208796,40
Phonemic_and_Neologism,Phonemic,Neologism,1,1,1135,92808.53673760565,165.81999133795486,23.215114246831043,0.020288083806198166,31.0,1.8,0.4,31,7,4,150.30850268125553,3.0554328281307472,0.06360759493670884,0.02081686722689063,40
Phonemic_and_Neologism,Phonemic,Neologism,1,1,1135,92808.53673760565,165.81999133795486,23.215114246831043,0.020288083806198166,31.0,1.8,0.5,31,7,5,54.0001146985651,1.6584266966561543,0.046360759493670876,0.027953663047300768,40
Phonemic_and_Neologism,Phonemic,Neologism,1,1,1135,92808.53673760565,165.81999133795486,23.215114246831043,0.020288083806198166,31.0,1.9,0.3,31,8,3,105.71835656541303,2.254149449049679,0.041613924050632925,0.01846003152928783,40
Phonemic_and_Neologism,Phonemic,Neologism,1,1,1135,92808.53673760565,165.81999133795486,23.215114246831043,0.020288083806198166,31.0,1.9,0.4,31,8,4,109.32661377267354,2.293768703045206,0.05458860759493671,0.02379765394556343,40
Phonemic_and_Neologism,Phonemic,Neologism,1,1,1135,92808.53673760565,165.81999133795486,23.215114246831043,0.020288083806198166,31.0,1.9,0.5,31,8,5,41.16704383262459,1.4877386402864106,0.021044303797468356,0.01414416180974975,40
Phonemic_and_Neologism,Phonemic,Neologism,1,1,1135,92808.53673760565,165.81999133795486,23.215114246831043,0.020288083806198166,31.0,2.0,0.3,31,9,3,153.85471192932806,3.0986910990730894,0.06993670886075949,0.02256875820586945,40
Phonemic_and_Neologism,Phonemic,Neologism,1,1,1135,92808.53673760565,165.81999133795486,23.215114246831043,0.020288083806198166,31.0,2.0,0.4,31,9,4,73.2020265311894,1.8875249474204885,0.029113924050632917,0.015423391656608467,40
Phonemic_and_Neologism,Phonemic,Neologism,1,1,1135,92808.53673760565,165.81999133795486,23.215114246831043,0.020288083806198166,32.0,1.2,1.0,32,1,10,68.63514472311466,1.8345039028240182,0.02932489451476793,0.01598419058456374,30
Phonemic_and_Neologism,Phonemic,Neologism,1,1,1135,92808.53673760565,165.81999133795486,23.215114246831043,0.020288083806198166,32.0,1.3,0.8,32,2,8,76.74348663040261,1.9296407929656765,0.02911392405063291,0.015086742836265161,40
Phonemic_and_Neologism,Phonemic,Neologism,1,1,1135,92808.53673760565,165.81999133795486,23.215114246831043,0.020288083806198166,32.0,1.3,0.9,32,2,9,144.62033455885322,2.7593134415201552,0.0509493670886076,0.01846350871508772,40
Phonemic_and_Neologism,Phonemic,Neologism,1,1,1135,92808.53673760565,165.81999133795486,23.215114246831043,0.020288083806198166,32.0,1.3,1.0,32,2,10,111.75976574924799,2.320329251343454,0.05390659100829334,0.02323130247478103,29
Phonemic_and_Neologism,Phonemic,Neologism,1,1,1135,92808.53673760565,165.81999133795486,23.215114246831043,0.020288083806198166,32.0,1.4,0.7,32,3,7,152.5534236736434,3.0332268708752053,0.04050632911392406,0.01335320357206462,40
Phonemic_and_Neologism,Phonemic,Neologism,1,1,1135,92808.53673760565,165.81999133795486,23.215114246831043,0.020288083806198166,32.0,1.4,0.8,32,3,8,156.0611092913863,3.3540903808652622,0.06392405063291137,0.0190575355116223,40
Phonemic_and_Neologism,Phonemic,Neologism,1,1,1135,92808.53673760565,165.81999133795486,23.215114246831043,0.020288083806198166,32.0,1.4,0.9,32,3,9,151.6904814891738,2.9909049402496533,0.06598101265822785,0.02205955156427685,40
Phonemic_and_Neologism,Phonemic,Neologism,1,1,1135,92808.53673760565,165.81999133795486,23.215114246831043,0.020288083806198166,32.0,1.4,1.0,32,3,10,93.25820788835199,2.1166019869456143,0.0392841553906591,0.01855901063636368,29
Phonemic_and_Neologism,Phonemic,Neologism,1,1,1135,92808.53673760565,165.81999133795486,23.215114246831043,0.020288083806198166,32.0,1.5,0.6,32,4,6,112.0749654163517,2.323762879085374,0.04572784810126583,0.01967736241504304,40
Phonemic_and_Neologism,Phonemic,Neologism,1,1,1135,92808.53673760565,165.81999133795486,23.215114246831043,0.020288083806198166,32.0,1.5,0.7,32,4,7,156.42759423875876,3.3043924131720117,0.06882911392405064,0.02082858236124836,40
Phonemic_and_Neologism,Phonemic,Neologism,1,1,1135,92808.53673760565,165.81999133795486,23.215114246831043,0.020288083806198166,32.0,1.5,0.8,32,4,8,90.56558379463695,2.0868058232082203,0.05221518987341771,0.025020585282497895,40
Phonemic_and_Neologism,Phonemic,Neologism,1,1,1135,92808.53673760565,165.81999133795486,23.215114246831043,0.020288083806198166,32.0,1.5,0.9,32,4,9,103.65873876428553,2.2313571158253187,0.03132911392405064,0.0140393854236765,40
Phonemic_and_Neologism,Phonemic,Neologism,1,1,1135,92808.53673760565,165.81999133795486,23.215114246831043,0.020288083806198166,32.0,1.6,0.5,32,5,5,99.99620100020753,2.1905863360932596,0.044778481012658244,0.020440322158759183,40
Phonemic_and_Neologism,Phonemic,Neologism,1,1,1135,92808.53673760565,165.81999133795486,23.215114246831043,0.020288083806198166,32.0,1.6,0.6,32,5,6,144.0404425832587,2.742616855505562,0.06693037974683544,0.024402838841899695,40
Phonemic_and_Neologism,Phonemic,Neologism,1,1,1135,92808.53673760565,165.81999133795486,23.215114246831043,0.020288083806198166,32.0,1.6,0.7,32,5,7,126.41398932131638,2.480466339517766,0.04050632911392406,0.016329126504276207,40
Phonemic_and_Neologism,Phonemic,Neologism,1,1,1135,92808.53673760565,165.81999133795486,23.215114246831043,0.020288083806198166,32.0,1.6,0.8,32,5,8,61.90168021573793,1.755169063263575,0.022626582278481005,0.012890397616369197,40
Phonemic_and_Neologism,Phonemic,Neologism,1,1,1135,92808.53673760565,165.81999133795486,23.215114246831043,0.020288083806198166,32.0,1.7,0.4,32,6,4,125.15567114202663,2.4665358581662375,0.03987341772151899,0.016164756353999714,40
Phonemic_and_Neologism,Phonemic,Neologism,1,1,1135,92808.53673760565,165.81999133795486,23.215114246831043,0.020288083806198166,32.0,1.7,0.5,32,6,5,158.3334186638671,3.8782125761913844,0.06598101265822785,0.01701225323508305,40
Phonemic_and_Neologism,Phonemic,Neologism,1,1,1135,92808.53673760565,165.81999133795486,23.215114246831043,0.020288083806198166,32.0,1.7,0.6,32,6,6,104.46841273560027,2.2403113346433665,0.03955696202531647,0.017655903937243846,40
Phonemic_and_Neologism,Phonemic,Neologism,1,1,1135,92808.53673760565,165.81999133795486,23.215114246831043,0.020288083806198166,32.0,1.8,0.3,32,7,3,60.08831940705799,1.733398718733747,0.020411392405063292,0.011774359116437953,40
Phonemic_and_Neologism,Phonemic,Neologism,1,1,1135,92808.53673760565,165.81999133795486,23.215114246831043,0.020288083806198166,32.0,1.8,0.4,32,7,4,146.2943399774944,2.789308746531527,0.06629746835443036,0.02376742235083172,40
Phonemic_and_Neologism,Phonemic,Neologism,1,1,1135,92808.53673760565,165.81999133795486,23.215114246831043,0.020288083806198166,32.0,1.8,0.5,32,7,5,104.04389228748016,2.235619401561378,0.03892405063291139,0.017409857414158444,40
Phonemic_and_Neologism,Phonemic,Neologism,1,1,1135,92808.53673760565,165.81999133795486,23.215114246831043,0.020288083806198166,32.0,1.9,0.3,32,8,3,137.00235608091228,2.6150591097460856,0.053797468354430375,0.020571180626408076,40
Phonemic_and_Neologism,Phonemic,Neologism,1,1,1135,92808.53673760565,165.81999133795486,23.215114246831043,0.020288083806198166,32.0,1.9,0.4,32,8,4,97.63478236437062,2.164532834962318,0.054430379746835435,0.02514547912365026,40
Phonemic_and_Neologism,Phonemic,Neologism,1,1,1135,92808.53673760565,165.81999133795486,23.215114246831043,0.020288083806198166,32.0,2.0,0.3,32,9,3,165.81999133795486,3.7611208535169895,0.07499999999999998,0.01993986415220297,40
Phonemic_and_Neologism,Phonemic,Neologism,1,1,1135,92808.53673760565,165.81999133795486,23.215114246831043,0.020288083806198166,32.0,2.0,0.4,32,9,4,60.52647763966589,1.7386868879947175,0.0254746835443038,0.014650679793642754,40
Phonemic_and_Neologism,Phonemic,Neologism,1,1,1135,92808.53673760565,165.81999133795486,23.215114246831043,0.020288083806198166,33.0,1.2,1.0,33,1,10,61.80888411489234,1.7540624835265797,0.030590717299578064,0.017438924510599405,30
Phonemic_and_Neologism,Phonemic,Neologism,1,1,1135,92808.53673760565,165.81999133795486,23.215114246831043,0.020288083806198166,33.0,1.3,0.8,33,2,8,61.619839831563105,1.7518068347534752,0.025949367088607588,0.014811915770053688,40
Phonemic_and_Neologism,Phonemic,Neologism,1,1,1135,92808.53673760565,165.81999133795486,23.215114246831043,0.020288083806198166,33.0,1.3,0.9,33,2,9,140.6117642816409,2.6718674590538765,0.048892405063291136,0.01829796348249408,40
Phonemic_and_Neologism,Phonemic,Neologism,1,1,1135,92808.53673760565,165.81999133795486,23.215114246831043,0.020288083806198166,33.0,1.3,1.0,33,2,10,134.6463741467448,2.5787922033066453,0.06809253601047578,0.026403816922885223,29
Phonemic_and_Neologism,Phonemic,Neologism,1,1,1135,92808.53673760565,165.81999133795486,23.215114246831043,0.020288083806198166,33.0,1.4,0.7,33,3,7,118.50497564651052,2.393657051372331,0.037816455696202525,0.015797610613212783,40
Phonemic_and_Neologism,Phonemic,Neologism,1,1,1135,92808.53673760565,165.81999133795486,23.215114246831043,0.020288083806198166,33.0,1.4,0.8,33,3,8,134.98368441996706,2.5839802833551233,0.0634493670886076,0.024553895986366776,40
Phonemic_and_Neologism,Phonemic,Neologism,1,1,1135,92808.53673760565,165.81999133795486,23.215114246831043,0.020288083806198166,33.0,1.4,0.9,33,3,9,154.58156238350287,3.2419665441860115,0.0656645569620253,0.02025354490879463,40
Phonemic_and_Neologism,Phonemic,Neologism,1,1,1135,92808.53673760565,165.81999133795486,23.215114246831043,0.020288083806198166,33.0,1.4,1.0,33,3,10,127.86630741472064,2.4966737068130045,0.04714098646879091,0.018880516771755576,29
Phonemic_and_Neologism,Phonemic,Neologism,1,1,1135,92808.53673760565,165.81999133795486,23.215114246831043,0.020288083806198166,33.0,1.5,0.6,33,4,6,128.3234646710505,2.5018148325053065,0.04382911392405062,0.01751792800162206,40
Phonemic_and_Neologism,Phonemic,Neologism,1,1,1135,92808.53673760565,165.81999133795486,23.215114246831043,0.020288083806198166,33.0,1.5,0.7,33,4,7,156.59387388473107,3.319508253731991,0.06550632911392404,0.01973274491245138,40
Phonemic_and_Neologism,Phonemic,Neologism,1,1,1135,92808.53673760565,165.81999133795486,23.215114246831043,0.020288083806198166,33.0,1.5,0.8,33,4,8,149.01628206770698,2.89072562813808,0.0569620253164557,0.01970409575934573,40
Phonemic_and_Neologism,Phonemic,Neologism,1,1,1135,92808.53673760565,165.81999133795486,23.215114246831043,0.020288083806198166,33.0,1.5,0.9,33,4,9,90.74837615104299,2.0888383714607834,0.031170886075949367,0.014921593582073414,40
Phonemic_and_Neologism,Phonemic,Neologism,1,1,1135,92808.53673760565,165.81999133795486,23.215114246831043,0.020288083806198166,33.0,1.5,1.0,33,4,10,41.708999980294855,1.4953532913288632,0.020296813618507204,0.013572256391116914,29
Phonemic_and_Neologism,Phonemic,Neologism,1,1,1135,92808.53673760565,165.81999133795486,23.215114246831043,0.020288083806198166,33.0,1.6,0.5,33,5,5,139.33244338679853,2.6515023127235664,0.04746835443037974,0.017901437498393603,40
Phonemic_and_Neologism,Phonemic,Neologism,1,1,1135,92808.53673760565,165.81999133795486,23.215114246831043,0.020288083806198166,33.0,1.6,0.6,33,5,6,153.4650773042043,3.271906739940165,0.06914556962025314,0.021132111398376115,40
Phonemic_and_Neologism,Phonemic,Neologism,1,1,1135,92808.53673760565,165.81999133795486,23.215114246831043,0.020288083806198166,33.0,1.6,0.7,33,5,7,121.32195068671707,2.4243724852896693,0.046993670886075964,0.0193828492934641,40
Phonemic_and_Neologism,Phonemic,Neologism,1,1,1135,92808.53673760565,165.81999133795486,23.215114246831043,0.020288083806198166,33.0,1.6,0.8,33,5,8,53.89149421317195,1.65705670265077,0.024208860759493665,0.014608554833438769,40
Phonemic_and_Neologism,Phonemic,Neologism,1,1,1135,92808.53673760565,165.81999133795486,23.215114246831043,0.020288083806198166,33.0,1.7,0.4,33,6,4,138.58447713003662,2.6397105319047953,0.04825949367088609,0.018281115818230418,40
Phonemic_and_Neologism,Phonemic,Neologism,1,1,1135,92808.53673760565,165.81999133795486,23.215114246831043,0.020288083806198166,33.0,1.7,0.5,33,6,5,147.54303038557242,2.9766707464552895,0.06819620253164557,0.022909227008766655,40
Phonemic_and_Neologism,Phonemic,Neologism,1,1,1135,92808.53673760565,165.81999133795486,23.215114246831043,0.020288083806198166,33.0,1.7,0.6,33,6,6,139.3324433867985,2.651502312723566,0.04746835443037974,0.017901437498393607,40
Phonemic_and_Neologism,Phonemic,Neologism,1,1,1135,92808.53673760565,165.81999133795486,23.215114246831043,0.020288083806198166,33.0,1.8,0.4,33,7,4,149.35313335495752,3.088840658363931,0.07515822784810126,0.024331180309977656,40
Phonemic_and_Neologism,Phonemic,Neologism,1,1,1135,92808.53673760565,165.81999133795486,23.215114246831043,0.020288083806198166,33.0,1.8,0.5,33,7,5,145.00922133220064,2.7594687079323212,0.04636075949367088,0.016799610697415427,40
Phonemic_and_Neologism,Phonemic,Neologism,1,1,1135,92808.53673760565,165.81999133795486,23.215114246831043,0.020288083806198166,33.0,1.8,0.6,33,7,6,89.60636970692529,2.0761138413750206,0.024683544303797468,0.01188830193127051,40
Phonemic_and_Neologism,Phonemic,Neologism,1,1,1135,92808.53673760565,165.81999133795486,23.215114246831043,0.020288083806198166,33.0,1.9,0.3,33,8,3,154.000115761983,3.106232477599078,0.05094936708860759,0.0164013032583795,40
Phonemic_and_Neologism,Phonemic,Neologism,1,1,1135,92808.53673760565,165.81999133795486,23.215114246831043,0.020288083806198166,33.0,1.9,0.4,33,8,4,134.05643392238755,2.570653356608671,0.07041139240506329,0.027389465627755183,40
Phonemic_and_Neologism,Phonemic,Neologism,1,1,1135,92808.53673760565,165.81999133795486,23.215114246831043,0.020288083806198166,33.0,1.9,0.5,33,8,5,56.96380066380029,1.6953398895988643,0.02436708860759493,0.014371981345563955,40
Phonemic_and_Neologism,Phonemic,Neologism,1,1,1135,92808.53673760565,165.81999133795486,23.215114246831043,0.020288083806198166,33.0,2.0,0.3,33,9,3,163.4481913554317,3.5879070640160244,0.08259493670886077,0.023019366814186766,40
Phonemic_and_Neologism,Phonemic,Neologism,1,1,1135,92808.53673760565,165.81999133795486,23.215114246831043,0.020288083806198166,33.0,2.0,0.4,33,9,4,86.6828993068867,2.043558586491614,0.033702531645569626,0.01649107997673813,40
Phonemic_and_Neologism,Phonemic,Neologism,1,1,1135,92808.53673760565,165.81999133795486,23.215114246831043,0.020288083806198166,34.0,1.2,1.0,34,1,10,59.81736002154219,1.7301232560690476,0.024894514767932488,0.014387867776099631,30
Phonemic_and_Neologism,Phonemic,Neologism,1,1,1135,92808.53673760565,165.81999133795486,23.215114246831043,0.020288083806198166,34.0,1.3,0.8,34,2,8,103.69665615615635,2.2317773334714217,0.0259493670886076,0.01162622046658867,40
Phonemic_and_Neologism,Phonemic,Neologism,1,1,1135,92808.53673760565,165.81999133795486,23.215114246831043,0.020288083806198166,34.0,1.3,0.9,34,2,9,148.4148002860777,2.869353618753961,0.04825949367088609,0.016817942550497886,40
Phonemic_and_Neologism,Phonemic,Neologism,1,1,1135,92808.53673760565,165.81999133795486,23.215114246831043,0.020288083806198166,34.0,1.3,1.0,34,2,10,149.7539328378185,3.0231163162919295,0.06481885639458752,0.021440072592963454,29
Phonemic_and_Neologism,Phonemic,Neologism,1,1,1135,92808.53673760565,165.81999133795486,23.215114246831043,0.020288083806198166,34.0,1.4,0.7,34,3,7,86.72646137384511,2.044045401816296,0.037974683544303806,0.018577199638109946,40
Phonemic_and_Neologism,Phonemic,Neologism,1,1,1135,92808.53673760565,165.81999133795486,23.215114246831043,0.020288083806198166,34.0,1.4,0.8,34,3,8,153.36809090732734,3.122939058209098,0.07183544303797466,0.023001511960374244,40
Phonemic_and_Neologism,Phonemic,Neologism,1,1,1135,92808.53673760565,165.81999133795486,23.215114246831043,0.020288083806198166,34.0,1.4,0.9,34,3,9,152.73028686150067,3.0562983059733133,0.0656645569620253,0.021483996027281987,40
Phonemic_and_Neologism,Phonemic,Neologism,1,1,1135,92808.53673760565,165.81999133795486,23.215114246831043,0.020288083806198166,34.0,1.4,1.0,34,3,10,96.1123778202063,2.1478975061228254,0.049105194238323886,0.02286098205377303,29
Phonemic_and_Neologism,Phonemic,Neologism,1,1,1135,92808.53673760565,165.81999133795486,23.215114246831043,0.020288083806198166,34.0,1.5,0.6,34,4,6,152.73317718851206,3.202649534972227,0.05015822784810127,0.01566047881633144,40
Phonemic_and_Neologism,Phonemic,Neologism,1,1,1135,92808.53673760565,165.81999133795486,23.215114246831043,0.020288083806198166,34.0,1.5,0.7,34,4,7,148.48841875031715,2.871585562475734,0.06787974683544304,0.023637420433107553,40
Phonemic_and_Neologism,Phonemic,Neologism,1,1,1135,92808.53673760565,165.81999133795486,23.215114246831043,0.020288083806198166,34.0,1.5,0.8,34,4,8,131.46402380785125,2.538431576445481,0.054430379746835435,0.02144152390015306,40
Phonemic_and_Neologism,Phonemic,Neologism,1,1,1135,92808.53673760565,165.81999133795486,23.215114246831043,0.020288083806198166,34.0,1.5,0.9,34,4,9,81.27214332067106,1.9822540301848974,0.032753164556962026,0.016522192314512248,40
Phonemic_and_Neologism,Phonemic,Neologism,1,1,1135,92808.53673760565,165.81999133795486,23.215114246831043,0.020288083806198166,34.0,1.5,1.0,34,4,10,36.701568879352095,1.4230459118285708,0.02378873854212134,0.016715775154185666,29
Phonemic_and_Neologism,Phonemic,Neologism,1,1,1135,92808.53673760565,165.81999133795486,23.215114246831043,0.020288083806198166,34.0,1.6,0.5,34,5,5,133.09393351009817,2.5582071153113604,0.0504746835443038,0.01972949142198188,40
Phonemic_and_Neologism,Phonemic,Neologism,1,1,1135,92808.53673760565,165.81999133795486,23.215114246831043,0.020288083806198166,34.0,1.6,0.6,34,5,6,151.14417407678184,3.040232862117088,0.07452531645569617,0.024512029046005353,40
Phonemic_and_Neologism,Phonemic,Neologism,1,1,1135,92808.53673760565,165.81999133795486,23.215114246831043,0.020288083806198166,34.0,1.6,0.7,34,5,7,120.7525307934627,2.4181398597568617,0.04889240506329114,0.020218014572716714,40
Phonemic_and_Neologism,Phonemic,Neologism,1,1,1135,92808.53673760565,165.81999133795486,23.215114246831043,0.020288083806198166,34.0,1.6,0.8,34,5,8,70.10055893715152,1.851504780878168,0.025316455696202538,0.013672448730818267,40
Phonemic_and_Neologism,Phonemic,Neologism,1,1,1135,92808.53673760565,165.81999133795486,23.215114246831043,0.020288083806198166,34.0,1.7,0.4,34,6,4,97.09795305853892,2.1586699976666384,0.04161392405063292,0.01927657558849406,40
Phonemic_and_Neologism,Phonemic,Neologism,1,1,1135,92808.53673760565,165.81999133795486,23.215114246831043,0.020288083806198166,34.0,1.7,0.5,34,6,5,134.1019719369596,2.5712439900846955,0.07784810126582278,0.030275434895335816,40
Phonemic_and_Neologism,Phonemic,Neologism,1,1,1135,92808.53673760565,165.81999133795486,23.215114246831043,0.020288083806198166,34.0,1.7,0.6,34,6,6,104.72632235123075,2.2431701206242316,0.050632911392405056,0.022571033626372874,40
Phonemic_and_Neologism,Phonemic,Neologism,1,1,1135,92808.53673760565,165.81999133795486,23.215114246831043,0.020288083806198166,34.0,1.7,0.7,34,6,7,56.544792068055806,1.6901748794066942,0.02563291139240507,0.015164833846378695,40
Phonemic_and_Neologism,Phonemic,Neologism,1,1,1135,92808.53673760565,165.81999133795486,23.215114246831043,0.020288083806198166,34.0,1.8,0.4,34,7,4,147.70761092846735,2.9063148079243977,0.07199367088607593,0.024770463397487775,40
Phonemic_and_Neologism,Phonemic,Neologism,1,1,1135,92808.53673760565,165.81999133795486,23.215114246831043,0.020288083806198166,34.0,1.8,0.5,34,7,5,99.90451501162165,2.189572703345753,0.054430379746835456,0.024857904965185078,40
Phonemic_and_Neologism,Phonemic,Neologism,1,1,1135,92808.53673760565,165.81999133795486,23.215114246831043,0.020288083806198166,34.0,1.8,0.6,34,7,6,51.81813659075429,1.6306939135851068,0.023892405063291135,0.014650679793642755,40
Phonemic_and_Neologism,Phonemic,Neologism,1,1,1135,92808.53673760565,165.81999133795486,23.215114246831043,0.020288083806198166,34.0,1.9,0.3,34,8,3,148.6345430254893,2.880187594933964,0.05047468354430381,0.017523790271677102,40
Phonemic_and_Neologism,Phonemic,Neologism,1,1,1135,92808.53673760565,165.81999133795486,23.215114246831043,0.020288083806198166,34.0,1.9,0.4,34,8,4,146.40322967494973,2.793039560309288,0.0685126582278481,0.02452878439741875,40
Phonemic_and_Neologism,Phonemic,Neologism,1,1,1135,92808.53673760565,165.81999133795486,23.215114246831043,0.020288083806198166,34.0,1.9,0.5,34,8,5,63.644642068022364,1.7758640659232179,0.02705696202531646,0.015234942065898139,40
Phonemic_and_Neologism,Phonemic,Neologism,1,1,1135,92808.53673760565,165.81999133795486,23.215114246831043,0.020288083806198166,34.0,2.0,0.3,34,9,3,165.37683345724471,3.729793486166002,0.0791139240506329,0.02121034168528916,40
Phonemic_and_Neologism,Phonemic,Neologism,1,1,1135,92808.53673760565,165.81999133795486,23.215114246831043,0.020288083806198166,34.0,2.0,0.4,34,9,4,104.97831254052963,2.245968668244259,0.034968354430379746,0.015568386574620188,40
Phonemic_and_Neologism,Phonemic,Neologism,1,1,1135,92808.53673760565,165.81999133795486,23.215114246831043,0.020288083806198166,35.0,1.3,0.9,35,2,9,114.17117210525129,2.3465459824186454,0.029588607594936707,0.012608430122668626,40
Phonemic_and_Neologism,Phonemic,Neologism,1,1,1135,92808.53673760565,165.81999133795486,23.215114246831043,0.020288083806198166,35.0,1.3,1.0,35,2,10,142.1834366766864,2.6969093923283554,0.053906591008293335,0.01998728405642264,29
Phonemic_and_Neologism,Phonemic,Neologism,1,1,1135,92808.53673760565,165.81999133795486,23.215114246831043,0.020288083806198166,35.0,1.4,0.7,35,3,7,62.75248968401416,1.7652887197650329,0.024841772151898735,0.01407135647843786,40
Phonemic_and_Neologism,Phonemic,Neologism,1,1,1135,92808.53673760565,165.81999133795486,23.215114246831043,0.020288083806198166,35.0,1.4,0.8,35,3,8,89.76842040794847,2.0779257859196005,0.04272151898734177,0.02055869432442221,40
Phonemic_and_Neologism,Phonemic,Neologism,1,1,1135,92808.53673760565,165.81999133795486,23.215114246831043,0.020288083806198166,35.0,1.4,0.9,35,3,9,136.61143075675471,2.608998101788871,0.06471518987341772,0.024803613628904316,40
Phonemic_and_Neologism,Phonemic,Neologism,1,1,1135,92808.53673760565,165.81999133795486,23.215114246831043,0.020288083806198166,35.0,1.4,1.0,35,3,10,102.7014322861811,2.220754928027995,0.054124836316019206,0.02437126892211895,29
Phonemic_and_Neologism,Phonemic,Neologism,1,1,1135,92808.53673760565,165.81999133795486,23.215114246831043,0.020288083806198166,35.0,1.5,0.6,35,4,6,81.06432102023739,1.9798661658016348,0.029430379746835444,0.014863832914056734,40
Phonemic_and_Neologism,Phonemic,Neologism,1,1,1135,92808.53673760565,165.81999133795486,23.215114246831043,0.020288083806198166,35.0,1.5,0.7,35,4,7,137.6609450877765,2.625254067205302,0.05996835443037975,0.02284187649698556,40
Phonemic_and_Neologism,Phonemic,Neologism,1,1,1135,92808.53673760565,165.81999133795486,23.215114246831043,0.020288083806198166,35.0,1.5,0.8,35,4,8,122.87791737181085,2.4415113336584797,0.05316455696202531,0.021774265274874208,40
Phonemic_and_Neologism,Phonemic,Neologism,1,1,1135,92808.53673760565,165.81999133795486,23.215114246831043,0.020288083806198166,35.0,1.5,0.9,35,4,9,135.78898791547402,2.596401184295636,0.0449367088607595,0.017306305640037344,40
Phonemic_and_Neologism,Phonemic,Neologism,1,1,1135,92808.53673760565,165.81999133795486,23.215114246831043,0.020288083806198166,35.0,1.5,1.0,35,4,10,65.9891682483168,1.8035368519283228,0.029026625927542564,0.016093279358088856,29
Phonemic_and_Neologism,Phonemic,Neologism,1,1,1135,92808.53673760565,165.81999133795486,23.215114246831043,0.020288083806198166,35.0,1.6,0.5,35,5,5,95.32412355187336,2.139272849087456,0.0329113924050633,0.015383382791144302,40
Phonemic_and_Neologism,Phonemic,Neologism,1,1,1135,92808.53673760565,165.81999133795486,23.215114246831043,0.020288083806198166,35.0,1.6,0.6,35,5,6,149.19930397874364,2.9139434930934924,0.05696202531645571,0.019547088510111717,40
Phonemic_and_Neologism,Phonemic,Neologism,1,1,1135,92808.53673760565,165.81999133795486,23.215114246831043,0.020288083806198166,35.0,1.6,0.7,35,5,7,123.33203639736793,2.4465190670776633,0.055221518987341775,0.022570464792752747,40
Phonemic_and_Neologism,Phonemic,Neologism,1,1,1135,92808.53673760565,165.81999133795486,23.215114246831043,0.020288083806198166,35.0,1.6,0.8,35,5,8,79.0075602503744,1.9561131009120454,0.0319620253164557,0.016338558945519704,40
Phonemic_and_Neologism,Phonemic,Neologism,1,1,1135,92808.53673760565,165.81999133795486,23.215114246831043,0.020288083806198166,35.0,1.6,0.9,35,5,9,59.687708790689385,1.728550815184925,0.020727848101265815,0.011990460082733117,40
Phonemic_and_Neologism,Phonemic,Neologism,1,1,1135,92808.53673760565,165.81999133795486,23.215114246831043,0.020288083806198166,35.0,1.7,0.4,35,6,4,94.39222286091997,2.129057469517907,0.026107594936708868,0.012261513018317226,40
Phonemic_and_Neologism,Phonemic,Neologism,1,1,1135,92808.53673760565,165.81999133795486,23.215114246831043,0.020288083806198166,35.0,1.7,0.5,35,6,5,150.6877056041338,3.2770040102055726,0.06186708860759493,0.018878161702250675,40
Phonemic_and_Neologism,Phonemic,Neologism,1,1,1135,92808.53673760565,165.81999133795486,23.215114246831043,0.020288083806198166,35.0,1.7,0.6,35,6,6,146.32208867724916,2.8082866677807385,0.048101265822784824,0.017127331795555995,40
Phonemic_and_Neologism,Phonemic,Neologism,1,1,1135,92808.53673760565,165.81999133795486,23.215114246831043,0.020288083806198166,35.0,1.7,0.7,35,6,7,71.3395885317608,1.8658004213368906,0.028797468354430374,0.015433377667144216,40
Phonemic_and_Neologism,Phonemic,Neologism,1,1,1135,92808.53673760565,165.81999133795486,23.215114246831043,0.020288083806198166,35.0,1.8,0.4,35,7,4,128.94887075224497,2.5088233137831555,0.05822784810126582,0.02320822632589128,40
Phonemic_and_Neologism,Phonemic,Neologism,1,1,1135,92808.53673760565,165.81999133795486,23.215114246831043,0.020288083806198166,35.0,1.8,0.5,35,7,5,129.5221814626133,2.5152605667914587,0.06186708860759495,0.02459569166066339,40
Phonemic_and_Neologism,Phonemic,Neologism,1,1,1135,92808.53673760565,165.81999133795486,23.215114246831043,0.020288083806198166,35.0,1.8,0.6,35,7,6,85.24193836638739,2.02743074160972,0.028322784810126584,0.013968791534106429,40
Phonemic_and_Neologism,Phonemic,Neologism,1,1,1135,92808.53673760565,165.81999133795486,23.215114246831043,0.020288083806198166,35.0,1.9,0.3,35,8,3,118.79905384078157,2.3968662394683937,0.032753164556962026,0.01366399474089402,40
Phonemic_and_Neologism,Phonemic,Neologism,1,1,1135,92808.53673760565,165.81999133795486,23.215114246831043,0.020288083806198166,35.0,1.9,0.4,35,8,4,92.47809891517387,2.1080190623934496,0.0615506329113924,0.029197328425696337,40
Phonemic_and_Neologism,Phonemic,Neologism,1,1,1135,92808.53673760565,165.81999133795486,23.215114246831043,0.020288083806198166,35.0,1.9,0.5,35,8,5,67.41655571543214,1.8203200815474616,0.035284810126582286,0.019382849293464104,40
Phonemic_and_Neologism,Phonemic,Neologism,1,1,1135,92808.53673760565,165.81999133795486,23.215114246831043,0.020288083806198166,35.0,2.0,0.3,35,9,3,152.2943602473467,3.031055001942366,0.06170886075949367,0.02035787198350056,40
Phonemic_and_Neologism,Phonemic,Neologism,1,1,1135,92808.53673760565,165.81999133795486,23.215114246831043,0.020288083806198166,35.0,2.0,0.4,35,9,4,61.20451183506473,1.7468364326799197,0.042563291139240504,0.0243649282248549,40
Phonemic_and_Neologism,Phonemic,Neologism,1,1,1135,92808.53673760565,165.81999133795486,23.215114246831043,0.020288083806198166,36.0,1.3,0.9,36,2,9,73.8859318046332,1.8957275155890025,0.02911392405063292,0.015356652305630656,40
Phonemic_and_Neologism,Phonemic,Neologism,1,1,1135,92808.53673760565,165.81999133795486,23.215114246831043,0.020288083806198166,36.0,1.3,1.0,36,2,10,90.88204771955016,2.0903258163774,0.03862941946748145,0.018479094904261115,29
Phonemic_and_Neologism,Phonemic,Neologism,1,1,1135,92808.53673760565,165.81999133795486,23.215114246831043,0.020288083806198166,36.0,1.4,0.8,36,3,8,81.89506347494775,1.9894013470505754,0.039715189873417725,0.019962387444317473,40
Phonemic_and_Neologism,Phonemic,Neologism,1,1,1135,92808.53673760565,165.81999133795486,23.215114246831043,0.020288083806198166,36.0,1.4,0.9,36,3,9,139.6816251769872,2.9686286549522096,0.05901898734177215,0.019879892560717486,40
Phonemic_and_Neologism,Phonemic,Neologism,1,1,1135,92808.53673760565,165.81999133795486,23.215114246831043,0.020288083806198166,36.0,1.4,1.0,36,3,10,62.11827551287816,1.7577487328815522,0.05085115670013095,0.02892870749964273,29
Phonemic_and_Neologism,Phonemic,Neologism,1,1,1135,92808.53673760565,165.81999133795486,23.215114246831043,0.020288083806198166,36.0,1.5,0.6,36,4,6,66.72470873496245,1.8121976435666087,0.025949367088607594,0.014318280891203634,40
Phonemic_and_Neologism,Phonemic,Neologism,1,1,1135,92808.53673760565,165.81999133795486,23.215114246831043,0.020288083806198166,36.0,1.5,0.7,36,4,7,140.05411661966656,2.9339889442053435,0.048259493670886076,0.016447423831384585,40
Phonemic_and_Neologism,Phonemic,Neologism,1,1,1135,92808.53673760565,165.81999133795486,23.215114246831043,0.020288083806198166,36.0,1.5,0.8,36,4,8,110.22468808287921,2.3035691020968074,0.05727848101265824,0.02486410214107357,40
Phonemic_and_Neologism,Phonemic,Neologism,1,1,1135,92808.53673760565,165.81999133795486,23.215114246831043,0.020288083806198166,36.0,1.5,0.9,36,4,9,100.42606528886093,2.19537514573596,0.046518987341772164,0.021188539032600054,40
Phonemic_and_Neologism,Phonemic,Neologism,1,1,1135,92808.53673760565,165.81999133795486,23.215114246831043,0.020288083806198166,36.0,1.5,1.0,36,4,10,50.562585453357926,1.6145444826766202,0.029681361850720213,0.018382737437517935,29
Phonemic_and_Neologism,Phonemic,Neologism,1,1,1135,92808.53673760565,165.81999133795486,23.215114246831043,0.020288083806198166,36.0,1.6,0.5,36,5,5,50.427683377923564,1.6128008218099024,0.025632911392405068,0.015892414143749964,40
Phonemic_and_Neologism,Phonemic,Neologism,1,1,1135,92808.53673760565,165.81999133795486,23.215114246831043,0.020288083806198166,36.0,1.6,0.6,36,5,6,121.12258352794201,2.422174852757238,0.05443037974683544,0.022470697154677175,40
Phonemic_and_Neologism,Phonemic,Neologism,1,1,1135,92808.53673760565,165.81999133795486,23.215114246831043,0.020288083806198166,36.0,1.6,0.7,36,5,7,126.48727226454554,2.4812800023272246,0.059018987341772154,0.023784702253037738,40
Phonemic_and_Neologism,Phonemic,Neologism,1,1,1135,92808.53673760565,165.81999133795486,23.215114246831043,0.020288083806198166,36.0,1.6,0.8,36,5,8,83.4339296379528,2.0069755449345568,0.03386075949367088,0.01687053566924753,40
Phonemic_and_Neologism,Phonemic,Neologism,1,1,1135,92808.53673760565,165.81999133795486,23.215114246831043,0.020288083806198166,36.0,1.6,0.9,36,5,9,71.74487557958157,1.870454351974501,0.024999999999999994,0.013364736497984748,40
Phonemic_and_Neologism,Phonemic,Neologism,1,1,1135,92808.53673760565,165.81999133795486,23.215114246831043,0.020288083806198166,36.0,1.7,0.5,36,6,5,127.63234247959879,2.4940514509775324,0.049208860759493676,0.019729491421981882,40
Phonemic_and_Neologism,Phonemic,Neologism,1,1,1135,92808.53673760565,165.81999133795486,23.215114246831043,0.020288083806198166,36.0,1.7,0.6,36,6,6,132.80861785652448,2.554727715238745,0.046202531645569624,0.018084109959067358,40
Phonemic_and_Neologism,Phonemic,Neologism,1,1,1135,92808.53673760565,165.81999133795486,23.215114246831043,0.020288083806198166,36.0,1.7,0.7,36,6,7,101.53513265631912,2.207786177329421,0.03164556962025317,0.01433262068537463,40
Phonemic_and_Neologism,Phonemic,Neologism,1,1,1135,92808.53673760565,165.81999133795486,23.215114246831043,0.020288083806198166,36.0,1.8,0.4,36,7,4,87.52020645196322,2.05288586524458,0.04762658227848102,0.02319881986568299,40
Phonemic_and_Neologism,Phonemic,Neologism,1,1,1135,92808.53673760565,165.81999133795486,23.215114246831043,0.020288083806198166,36.0,1.8,0.5,36,7,5,131.37253558221315,2.778645660976588,0.0477848101265823,0.017196158600563612,40
Phonemic_and_Neologism,Phonemic,Neologism,1,1,1135,92808.53673760565,165.81999133795486,23.215114246831043,0.020288083806198166,36.0,1.8,0.6,36,7,6,65.38701875699098,1.7964421797520758,0.030379746835443033,0.016910062976508208,40
Phonemic_and_Neologism,Phonemic,Neologism,1,1,1135,92808.53673760565,165.81999133795486,23.215114246831043,0.020288083806198166,36.0,1.9,0.3,36,8,3,67.08317000016993,1.8164105578503322,0.026740506329113928,0.014720620183027631,40
Phonemic_and_Neologism,Phonemic,Neologism,1,1,1135,92808.53673760565,165.81999133795486,23.215114246831043,0.020288083806198166,36.0,1.9,0.4,36,8,4,126.3068320181942,2.9294219428475583,0.057753164556962014,0.0197138671934992,40
Phonemic_and_Neologism,Phonemic,Neologism,1,1,1135,92808.53673760565,165.81999133795486,23.215114246831043,0.020288083806198166,36.0,1.9,0.5,36,8,5,87.46882908672997,2.0523137094596327,0.028955696202531644,0.0141078061094498,40
Phonemic_and_Neologism,Phonemic,Neologism,1,1,1135,92808.53673760565,165.81999133795486,23.215114246831043,0.020288083806198166,36.0,2.0,0.3,36,9,3,145.21534704669003,2.7642374790961934,0.05553797468354432,0.02009060757841372,40
Phonemic_and_Neologism,Phonemic,Neologism,1,1,1135,92808.53673760565,165.81999133795486,23.215114246831043,0.020288083806198166,36.0,2.0,0.4,36,9,4,87.7441332800875,2.0553777842404912,0.041139240506329104,0.020014415570685944,40
Phonemic_and_Neologism,Phonemic,Neologism,1,1,1135,92808.53673760565,165.81999133795486,23.215114246831043,0.020288083806198166,37.0,1.3,1.0,37,2,10,77.7182908887753,1.9410731280500888,0.04910519423832388,0.025296962002932192,29
Phonemic_and_Neologism,Phonemic,Neologism,1,1,1135,92808.53673760565,165.81999133795486,23.215114246831043,0.020288083806198166,37.0,1.4,0.8,37,3,8,59.191126615587635,1.7225281112232131,0.038924050632911406,0.02259604812902612,40
Phonemic_and_Neologism,Phonemic,Neologism,1,1,1135,92808.53673760565,165.81999133795486,23.215114246831043,0.020288083806198166,37.0,1.4,0.9,37,3,9,137.5097350722803,2.699013569589139,0.0495253164556962,0.01834841365753684,40
Phonemic_and_Neologism,Phonemic,Neologism,1,1,1135,92808.53673760565,165.81999133795486,23.215114246831043,0.020288083806198166,37.0,1.4,1.0,37,3,10,90.95782401653226,2.0911696624731806,0.08358795285901353,0.03997086567834763,29
Phonemic_and_Neologism,Phonemic,Neologism,1,1,1135,92808.53673760565,165.81999133795486,23.215114246831043,0.020288083806198166,37.0,1.5,0.6,37,4,6,56.54479206805583,1.6901748794066944,0.025632911392405068,0.015164833846378692,40
Phonemic_and_Neologism,Phonemic,Neologism,1,1,1135,92808.53673760565,165.81999133795486,23.215114246831043,0.020288083806198166,37.0,1.5,0.7,37,4,7,70.81428335739054,1.8597570424488779,0.0560126582278481,0.030117266498989645,40
Phonemic_and_Neologism,Phonemic,Neologism,1,1,1135,92808.53673760565,165.81999133795486,23.215114246831043,0.020288083806198166,37.0,1.5,0.8,37,4,8,63.85148553288973,1.7783110188430735,0.0670886075949367,0.03772502592238502,40
Phonemic_and_Neologism,Phonemic,Neologism,1,1,1135,92808.53673760565,165.81999133795486,23.215114246831043,0.020288083806198166,37.0,1.5,0.9,37,4,9,58.27510052263576,1.7113934965818385,0.053797468354430375,0.03143389119356823,40
Phonemic_and_Neologism,Phonemic,Neologism,1,1,1135,92808.53673760565,165.81999133795486,23.215114246831043,0.020288083806198166,37.0,1.5,1.0,37,4,10,56.23052685369545,1.6862895946724958,0.048668703622872116,0.028860414893759307,29
Phonemic_and_Neologism,Phonemic,Neologism,1,1,1135,92808.53673760565,165.81999133795486,23.215114246831043,0.020288083806198166,37.0,1.6,0.5,37,5,5,62.248628525554665,1.7593000746538854,0.02610759493670886,0.014838762308226538,40
Phonemic_and_Neologism,Phonemic,Neologism,1,1,1135,92808.53673760565,165.81999133795486,23.215114246831043,0.020288083806198166,37.0,1.6,0.6,37,5,6,115.29729016494059,2.3587368038740864,0.06598101265822784,0.027972028847414388,40
Phonemic_and_Neologism,Phonemic,Neologism,1,1,1135,92808.53673760565,165.81999133795486,23.215114246831043,0.020288083806198166,37.0,1.6,0.7,37,5,7,128.00919851988914,2.644765740911112,0.07199367088607594,0.027220190055673662,40
Phonemic_and_Neologism,Phonemic,Neologism,1,1,1135,92808.53673760565,165.81999133795486,23.215114246831043,0.020288083806198166,37.0,1.6,0.8,37,5,8,48.444807962694235,1.5870234937403886,0.046360759493670876,0.02921139646201151,40
Phonemic_and_Neologism,Phonemic,Neologism,1,1,1135,92808.53673760565,165.81999133795486,23.215114246831043,0.020288083806198166,37.0,1.6,0.9,37,5,9,24.63843736057619,1.2246856242578124,0.025316455696202528,0.020670799517157622,40
Phonemic_and_Neologism,Phonemic,Neologism,1,1,1135,92808.53673760565,165.81999133795486,23.215114246831043,0.020288083806198166,37.0,1.7,0.5,37,6,5,113.3171714328922,2.3372717849975095,0.06283056518584212,0.026881010722560907,40
Phonemic_and_Neologism,Phonemic,Neologism,1,1,1135,92808.53673760565,165.81999133795486,23.215114246831043,0.020288083806198166,37.0,1.7,0.6,37,6,6,79.72448061827504,1.9644201137336603,0.07658227848101265,0.03898367438080601,40
Phonemic_and_Neologism,Phonemic,Neologism,1,1,1135,92808.53673760565,165.81999133795486,23.215114246831043,0.020288083806198166,37.0,1.7,0.7,37,6,7,128.490844322816,2.711799604981538,0.04873417721518987,0.017970157280820406,40
Phonemic_and_Neologism,Phonemic,Neologism,1,1,1135,92808.53673760565,165.81999133795486,23.215114246831043,0.020288083806198166,37.0,1.7,0.8,37,6,8,32.59045115666475,1.3599878412766744,0.02231012658227848,0.0164036515013951,40
Phonemic_and_Neologism,Phonemic,Neologism,1,1,1135,92808.53673760565,165.81999133795486,23.215114246831043,0.020288083806198166,37.0,1.8,0.4,37,7,4,121.62095017000938,2.4781859855130377,0.053006329113924056,0.02138816506823462,40
Phonemic_and_Neologism,Phonemic,Neologism,1,1,1135,92808.53673760565,165.81999133795486,23.215114246831043,0.020288083806198166,37.0,1.8,0.5,37,7,5,121.02684844887888,2.4211235401889226,0.07594936708860758,0.03136847199426312,40
Phonemic_and_Neologism,Phonemic,Neologism,1,1,1135,92808.53673760565,165.81999133795486,23.215114246831043,0.020288083806198166,37.0,1.8,0.6,37,7,6,73.053890797966,1.8857422608994674,0.046202531645569624,0.02449997905931842,40
Phonemic_and_Neologism,Phonemic,Neologism,1,1,1135,92808.53673760565,165.81999133795486,23.215114246831043,0.020288083806198166,37.0,1.8,0.7,37,7,7,81.47917177373074,1.9846294323957494,0.021202531645569615,0.01068237055748233,40
Phonemic_and_Neologism,Phonemic,Neologism,1,1,1135,92808.53673760565,165.81999133795486,23.215114246831043,0.020288083806198166,37.0,1.9,0.3,37,8,3,38.304948703606264,1.4466732819335544,0.021202531645569626,0.014655060846877144,40
Phonemic_and_Neologism,Phonemic,Neologism,1,1,1135,92808.53673760565,165.81999133795486,23.215114246831043,0.020288083806198166,37.0,1.9,0.4,37,8,4,127.86612788518102,3.1004224267520493,0.08212025316455694,0.02648579497863933,40
Phonemic_and_Neologism,Phonemic,Neologism,1,1,1135,92808.53673760565,165.81999133795486,23.215114246831043,0.020288083806198166,37.0,1.9,0.5,37,8,5,88.98274414000674,2.0691620231623373,0.05126582278481014,0.024775127829013442,40
Phonemic_and_Neologism,Phonemic,Neologism,1,1,1135,92808.53673760565,165.81999133795486,23.215114246831043,0.020288083806198166,37.0,1.9,0.6,37,8,6,59.343581671082724,1.7243763630126892,0.02136075949367089,0.012386527428380612,40
Phonemic_and_Neologism,Phonemic,Neologism,1,1,1135,92808.53673760565,165.81999133795486,23.215114246831043,0.020288083806198166,37.0,2.0,0.3,37,9,3,96.85127056894856,2.1559720380363085,0.0560126582278481,0.02597923408451311,40
Phonemic_and_Neologism,Phonemic,Neologism,1,1,1135,92808.53673760565,165.81999133795486,23.215114246831043,0.020288083806198166,37.0,2.0,0.4,37,9,4,90.73615884944097,2.0887023890634624,0.06408227848101265,0.03067942571146099,40
Phonemic_and_Neologism,Phonemic,Neologism,1,1,1135,92808.53673760565,165.81999133795486,23.215114246831043,0.020288083806198166,37.0,2.0,0.5,37,9,5,81.73862030169404,1.9876056625409284,0.02563291139240506,0.012895376718728147,40
Phonemic_and_Neologism,Phonemic,Neologism,1,1,1135,92808.53673760565,165.81999133795486,23.215114246831043,0.020288083806198166,38.0,1.3,1.0,38,2,10,37.13365448537097,1.4294434479972986,0.029899607158446095,0.020915957015918685,29
Phonemic_and_Neologism,Phonemic,Neologism,1,1,1135,92808.53673760565,165.81999133795486,23.215114246831043,0.020288083806198166,38.0,1.4,0.8,38,3,8,69.00094689022691,1.838747195144944,0.030221518987341774,0.016434929347513966,40
Phonemic_and_Neologism,Phonemic,Neologism,1,1,1135,92808.53673760565,165.81999133795486,23.215114246831043,0.020288083806198166,38.0,1.4,0.9,38,3,9,93.79646763716862,2.122507347617184,0.050632911392405056,0.023854234917913327,40
Phonemic_and_Neologism,Phonemic,Neologism,1,1,1135,92808.53673760565,165.81999133795486,23.215114246831043,0.020288083806198166,38.0,1.4,1.0,38,3,10,77.3897527841253,1.9372145383485613,0.06656481885639458,0.03436009813275499,29
Phonemic_and_Neologism,Phonemic,Neologism,1,1,1135,92808.53673760565,165.81999133795486,23.215114246831043,0.020288083806198166,38.0,1.5,0.7,38,4,7,74.84489594108388,1.9071697139256427,0.036867088607594946,0.019329785476720467,40
Phonemic_and_Neologism,Phonemic,Neologism,1,1,1135,92808.53673760565,165.81999133795486,23.215114246831043,0.020288083806198166,38.0,1.5,0.8,38,4,8,94.10784571255554,2.170238512137938,0.05949367088607595,0.027412425092833568,40
Phonemic_and_Neologism,Phonemic,Neologism,1,1,1135,92808.53673760565,165.81999133795486,23.215114246831043,0.020288083806198166,38.0,1.5,0.9,38,4,9,96.66638090348917,2.6151985370051385,0.06376582278481013,0.024381784665302386,40
Phonemic_and_Neologism,Phonemic,Neologism,1,1,1135,92808.53673760565,165.81999133795486,23.215114246831043,0.020288083806198166,38.0,1.5,1.0,38,4,10,52.07709231068655,1.63400446917005,0.05259711916193802,0.03218809137295895,29
Phonemic_and_Neologism,Phonemic,Neologism,1,1,1135,92808.53673760565,165.81999133795486,23.215114246831043,0.020288083806198166,38.0,1.6,0.6,38,5,6,99.95137789185142,2.190090581159501,0.04810126582278481,0.021962139897765562,40
Phonemic_and_Neologism,Phonemic,Neologism,1,1,1135,92808.53673760565,165.81999133795486,23.215114246831043,0.020288083806198166,38.0,1.6,0.7,38,5,7,108.27959672919354,2.282345012027896,0.0712025316455696,0.031196093896993748,40
Phonemic_and_Neologism,Phonemic,Neologism,1,1,1135,92808.53673760565,165.81999133795486,23.215114246831043,0.020288083806198166,38.0,1.6,0.8,38,5,8,69.13834743730233,1.8403407566965415,0.05443037974683544,0.029575250783327407,40
Phonemic_and_Neologism,Phonemic,Neologism,1,1,1135,92808.53673760565,165.81999133795486,23.215114246831043,0.020288083806198166,38.0,1.6,0.9,38,5,9,67.77431530235847,1.8245003353982232,0.03417721518987342,0.018731369913439207,40
Phonemic_and_Neologism,Phonemic,Neologism,1,1,1135,92808.53673760565,165.81999133795486,23.215114246831043,0.020288083806198166,38.0,1.6,1.0,38,5,10,39.23149195280709,1.4601323132767092,0.021606285464862502,0.014796484630947895,29
Phonemic_and_Neologism,Phonemic,Neologism,1,1,1135,92808.53673760565,165.81999133795486,23.215114246831043,0.020288083806198166,38.0,1.7,0.5,38,6,5,91.5168111594825,2.097387317729342,0.04762658227848101,0.02270657617150186,40
Phonemic_and_Neologism,Phonemic,Neologism,1,1,1135,92808.53673760565,165.81999133795486,23.215114246831043,0.020288083806198166,38.0,1.7,0.6,38,6,6,84.61929192420499,2.020398547162218,0.07088607594936709,0.03508419447756049,40
Phonemic_and_Neologism,Phonemic,Neologism,1,1,1135,92808.53673760565,165.81999133795486,23.215114246831043,0.020288083806198166,38.0,1.7,0.7,38,6,7,88.02011540377464,2.0584469301081896,0.05981012658227847,0.02905494781553825,40
Phonemic_and_Neologism,Phonemic,Neologism,1,1,1135,92808.53673760565,165.81999133795486,23.215114246831043,0.020288083806198166,38.0,1.7,0.8,38,6,8,66.95979532272042,1.8149615828898893,0.028955696202531644,0.015952889313969206,40
Phonemic_and_Neologism,Phonemic,Neologism,1,1,1135,92808.53673760565,165.81999133795486,23.215114246831043,0.020288083806198166,38.0,1.8,0.4,38,7,4,44.07690565963817,1.5282840018966983,0.03876582278481013,0.02536458829163903,40
Phonemic_and_Neologism,Phonemic,Neologism,1,1,1135,92808.53673760565,165.81999133795486,23.215114246831043,0.020288083806198166,38.0,1.8,0.5,38,7,5,111.5141280391683,2.31765010269094,0.07262658227848101,0.03133530145212899,40
Phonemic_and_Neologism,Phonemic,Neologism,1,1,1135,92808.53673760565,165.81999133795486,23.215114246831043,0.020288083806198166,38.0,1.8,0.6,38,7,6,89.29864149665775,2.072680679146926,0.05553797468354432,0.026794239248528452,40
Phonemic_and_Neologism,Phonemic,Neologism,1,1,1135,92808.53673760565,165.81999133795486,23.215114246831043,0.020288083806198166,38.0,1.8,0.7,38,7,7,59.23625298393554,1.7230747902091976,0.0305379746835443,0.017721953673901003,40
Phonemic_and_Neologism,Phonemic,Neologism,1,1,1135,92808.53673760565,165.81999133795486,23.215114246831043,0.020288083806198166,38.0,1.9,0.4,38,8,4,103.00732079526003,2.224144540290199,0.06851265822784809,0.030803049371228717,40
Phonemic_and_Neologism,Phonemic,Neologism,1,1,1135,92808.53673760565,165.81999133795486,23.215114246831043,0.020288083806198166,38.0,1.9,0.5,38,8,5,106.79175326730108,2.2660046154538627,0.057753164556962035,0.025485781519813688,40
Phonemic_and_Neologism,Phonemic,Neologism,1,1,1135,92808.53673760565,165.81999133795486,23.215114246831043,0.020288083806198166,38.0,1.9,0.6,38,8,6,62.86584886460832,1.7666354260470893,0.02658227848101266,0.015045838803912968,40
Phonemic_and_Neologism,Phonemic,Neologism,1,1,1135,92808.53673760565,165.81999133795486,23.215114246831043,0.020288083806198166,38.0,2.0,0.3,38,9,3,98.15672720230663,2.4062773372204593,0.03939873417721518,0.016372313901848682,40
Phonemic_and_Neologism,Phonemic,Neologism,1,1,1135,92808.53673760565,165.81999133795486,23.215114246831043,0.020288083806198166,38.0,2.0,0.4,38,9,4,92.86605289493956,2.1122936643711427,0.06392405063291139,0.030261861509809248,40
Phonemic_and_Neologism,Phonemic,Neologism,1,1,1135,92808.53673760565,165.81999133795486,23.215114246831043,0.020288083806198166,38.0,2.0,0.5,38,9,5,73.02790548095932,1.8854292459353326,0.03275316455696202,0.01737072828286838,40
Phonemic_and_Neologism,Phonemic,Neologism,1,1,1135,92808.53673760565,165.81999133795486,23.215114246831043,0.020288083806198166,39.0,1.5,0.8,39,4,8,31.86405067029847,1.3484361376499086,0.02420886075949367,0.01795228683617567,40
Phonemic_and_Neologism,Phonemic,Neologism,1,1,1135,92808.53673760565,165.81999133795486,23.215114246831043,0.020288083806198166,39.0,1.5,0.9,39,4,9,30.81796753531882,1.3315818467433351,0.03734177215189873,0.028042167037179072,40
Phonemic_and_Neologism,Phonemic,Neologism,1,1,1135,92808.53673760565,165.81999133795486,23.215114246831043,0.020288083806198166,39.0,1.5,1.0,39,4,10,38.04980016924185,1.4429344235228039,0.050196420776953306,0.03478673529735533,29
Phonemic_and_Neologism,Phonemic,Neologism,1,1,1135,92808.53673760565,165.81999133795486,23.215114246831043,0.020288083806198166,39.0,1.6,0.7,39,5,7,29.191083621493235,1.3047717502804947,0.02612788055826031,0.020023866841762505,39
Phonemic_and_Neologism,Phonemic,Neologism,1,1,1135,92808.53673760565,165.81999133795486,23.215114246831043,0.020288083806198166,39.0,1.6,0.8,39,5,8,51.10176090226527,1.6214999401775734,0.0545886075949367,0.03366450083804419,40
Phonemic_and_Neologism,Phonemic,Neologism,1,1,1135,92808.53673760565,165.81999133795486,23.215114246831043,0.020288083806198166,39.0,1.6,0.9,39,5,9,55.31060307845597,1.6748633851246677,0.05854430379746835,0.034953674105022974,40
Phonemic_and_Neologism,Phonemic,Neologism,1,1,1135,92808.53673760565,165.81999133795486,23.215114246831043,0.020288083806198166,39.0,1.7,0.6,39,6,6,25.679199804821216,1.243716920586723,0.037341772151898725,0.03002333394110515,40
Phonemic_and_Neologism,Phonemic,Neologism,1,1,1135,92808.53673760565,165.81999133795486,23.215114246831043,0.020288083806198166,39.0,1.7,0.7,39,6,7,45.99119206759991,1.554411430201997,0.05463024650233179,0.035144293865493864,38
Phonemic_and_Neologism,Phonemic,Neologism,1,1,1135,92808.53673760565,165.81999133795486,23.215114246831043,0.020288083806198166,39.0,1.7,0.8,39,6,8,53.102320228000515,1.6470572251973334,0.06471518987341775,0.03929040340929213,40
Phonemic_and_Neologism,Phonemic,Neologism,1,1,1135,92808.53673760565,165.81999133795486,23.215114246831043,0.020288083806198166,39.0,1.7,0.9,39,6,9,28.2796541846292,1.2893725533146119,0.049659201557935746,0.038513238131001,39
Phonemic_and_Neologism,Phonemic,Neologism,1,1,1135,92808.53673760565,165.81999133795486,23.215114246831043,0.020288083806198166,39.0,1.7,1.0,39,6,10,28.76001310986726,1.5301778361006662,0.030990833697075518,0.020252092788253347,29
Phonemic_and_Neologism,Phonemic,Neologism,1,1,1135,92808.53673760565,165.81999133795486,23.215114246831043,0.020288083806198166,39.0,1.8,0.5,39,7,5,50.86758872865876,1.618482609282541,0.036808794137241835,0.022741780136240602,38
Phonemic_and_Neologism,Phonemic,Neologism,1,1,1135,92808.53673760565,165.81999133795486,23.215114246831043,0.020288083806198166,39.0,1.8,0.6,39,7,6,51.56316303313573,1.6274279776413256,0.0721518987341772,0.044333925861818384,40
Phonemic_and_Neologism,Phonemic,Neologism,1,1,1135,92808.53673760565,165.81999133795486,23.215114246831043,0.020288083806198166,39.0,1.8,0.7,39,7,7,49.367921940135496,1.599071657209589,0.05512991339107262,0.03447519945142132,38
Phonemic_and_Neologism,Phonemic,Neologism,1,1,1135,92808.53673760565,165.81999133795486,23.215114246831043,0.020288083806198166,39.0,1.8,0.8,39,7,8,31.937788494219355,1.349614705378531,0.04636075949367088,0.03435010725224939,40
Phonemic_and_Neologism,Phonemic,Neologism,1,1,1135,92808.53673760565,165.81999133795486,23.215114246831043,0.020288083806198166,39.0,1.9,0.5,39,8,5,54.65186321931466,1.6666242024791769,0.059960026648900724,0.03597593262806789,38
Phonemic_and_Neologism,Phonemic,Neologism,1,1,1135,92808.53673760565,165.81999133795486,23.215114246831043,0.020288083806198166,39.0,1.9,0.6,39,8,6,62.96987608050556,1.7993159294057242,0.07658227848101265,0.04256088545293774,40
Phonemic_and_Neologism,Phonemic,Neologism,1,1,1135,92808.53673760565,165.81999133795486,23.215114246831043,0.020288083806198166,39.0,1.9,0.7,39,8,7,38.174173301589306,1.4447578635404796,0.03664754282707495,0.02536487185431031,38
Phonemic_and_Neologism,Phonemic,Neologism,1,1,1135,92808.53673760565,165.81999133795486,23.215114246831043,0.020288083806198166,39.0,1.9,0.8,39,8,8,28.918398963557856,1.3001926796047343,0.024525316455696205,0.01886183228663619,40
Phonemic_and_Neologism,Phonemic,Neologism,1,1,1135,92808.53673760565,165.81999133795486,23.215114246831043,0.020288083806198166,39.0,2.0,0.4,39,9,4,72.91139220891893,1.8840272391780812,0.061075949367088614,0.03241676344684559,40
Phonemic_and_Neologism,Phonemic,Neologism,1,1,1135,92808.53673760565,165.81999133795486,23.215114246831043,0.020288083806198166,39.0,2.0,0.5,39,9,5,46.576243371251046,1.5622791970632401,0.06688333903523777,0.042810386825712414,37
Phonemic_and_Neologism,Phonemic,Neologism,1,1,1135,92808.53673760565,165.81999133795486,23.215114246831043,0.020288083806198166,39.0,2.0,0.6,39,9,6,40.1609476155987,1.473476178954212,0.049010061668289535,0.03326052289959247,39
Semantic_and_Neologism,Semantic,Neologism,1,3,1019,24499.23502241208,85.98563859464149,1.5190647045691692,0.002056962025316456,9.0,1.2,0.8,9,1,8,2.086333565248593,0.6651593219796639,0.005063291139240506,0.007611147904912484,40
Semantic_and_Neologism,Semantic,Neologism,1,3,1019,24499.23502241208,85.98563859464149,1.5190647045691692,0.002056962025316456,10.0,1.1,0.8,10,0,8,2.085631054847597,0.6635698561933272,0.003006329113924052,0.004529539001832198,40
Semantic_and_Neologism,Semantic,Neologism,1,3,1019,24499.23502241208,85.98563859464149,1.5190647045691692,0.002056962025316456,10.0,1.1,0.9,10,0,9,2.0298675680893585,0.528443642426123,0.0022151898734177216,0.004190913187275042,40
Semantic_and_Neologism,Semantic,Neologism,1,3,1019,24499.23502241208,85.98563859464149,1.5190647045691692,0.002056962025316456,10.0,1.2,0.8,10,1,8,2.044052480313281,0.551888789686638,0.003164556962025317,0.0057330482741498505,40
Semantic_and_Neologism,Semantic,Neologism,1,3,1019,24499.23502241208,85.98563859464149,1.5190647045691692,0.002056962025316456,11.0,1.1,0.9,11,0,9,2.2198664900692293,0.5490902466482581,0.004588607594936711,0.008355745768016034,40
Semantic_and_Neologism,Semantic,Neologism,1,3,1019,24499.23502241208,85.98563859464149,1.5190647045691692,0.002056962025316456,11.0,1.1,1.0,11,0,10,2.240300073857142,0.6095736637707314,0.0021097046413502112,0.003459951098674267,30
Semantic_and_Neologism,Semantic,Neologism,1,3,1019,24499.23502241208,85.98563859464149,1.5190647045691692,0.002056962025316456,11.0,1.2,0.8,11,1,8,2.05894450568916,0.5967145588295829,0.0026898734177215194,0.004506805914770259,40
Semantic_and_Neologism,Semantic,Neologism,1,3,1019,24499.23502241208,85.98563859464149,1.5190647045691692,0.002056962025316456,11.0,1.2,0.9,11,1,9,1.5395352271894558,0.4683028553394338,0.002056962025316456,0.004391375578888015,40
Semantic_and_Neologism,Semantic,Neologism,1,3,1019,24499.23502241208,85.98563859464149,1.5190647045691692,0.002056962025316456,11.0,1.3,0.6,11,2,6,1.5750227859881887,0.520330930605203,0.003164556962025317,0.00608081596728179,40
Semantic_and_Neologism,Semantic,Neologism,1,3,1019,24499.23502241208,85.98563859464149,1.5190647045691692,0.002056962025316456,11.0,1.3,0.7,11,2,7,1.5797353501966669,0.5371194760495576,0.004113924050632911,0.007658234554088926,40
Semantic_and_Neologism,Semantic,Neologism,1,3,1019,24499.23502241208,85.98563859464149,1.5190647045691692,0.002056962025316456,12.0,1.1,0.9,12,0,9,2.3491028051051734,0.5623910004942686,0.0033227848101265835,0.005907317891300336,40
Semantic_and_Neologism,Semantic,Neologism,1,3,1019,24499.23502241208,85.98563859464149,1.5190647045691692,0.002056962025316456,12.0,1.3,0.6,12,2,6,1.5576781189057567,0.47076312821508287,0.002689873417721519,0.005712857472058784,40
Semantic_and_Neologism,Semantic,Neologism,1,3,1019,24499.23502241208,85.98563859464149,1.5190647045691692,0.002056962025316456,12.0,1.8,0.2,12,7,2,1.8605163144645906,0.5089015563289566,0.003639240506329115,0.007150167963763685,40
Semantic_and_Neologism,Semantic,Neologism,1,3,1019,24499.23502241208,85.98563859464149,1.5190647045691692,0.002056962025316456,12.0,1.9,0.2,12,8,2,1.8605163144645924,0.5089015563289568,0.0036392405063291147,0.0071501679637636815,40
Semantic_and_Neologism,Semantic,Neologism,1,3,1019,24499.23502241208,85.98563859464149,1.5190647045691692,0.002056962025316456,13.0,1.1,0.8,13,0,8,3.1706469803897854,0.6372490900500632,0.0031645569620253173,0.004964965446536306,40
Semantic_and_Neologism,Semantic,Neologism,1,3,1019,24499.23502241208,85.98563859464149,1.5190647045691692,0.002056962025316456,13.0,1.1,0.9,13,0,9,5.6519417485423,0.8598380386955834,0.005537974683544307,0.00643971840778955,40
Semantic_and_Neologism,Semantic,Neologism,1,3,1019,24499.23502241208,85.98563859464149,1.5190647045691692,0.002056962025316456,13.0,1.2,0.8,13,1,8,1.9947058782174631,0.5244992370106705,0.003006329113924052,0.005730808364599949,40
Semantic_and_Neologism,Semantic,Neologism,1,3,1019,24499.23502241208,85.98563859464149,1.5190647045691692,0.002056962025316456,13.0,1.3,0.5,13,2,5,2.7892610373087585,0.6043570385148624,0.0041139240506329125,0.0068061086931367675,40
Semantic_and_Neologism,Semantic,Neologism,1,3,1019,24499.23502241208,85.98563859464149,1.5190647045691692,0.002056962025316456,13.0,1.3,0.6,13,2,6,4.091900759171413,0.7071579256847541,0.003639240506329115,0.0051452910534519865,40
Semantic_and_Neologism,Semantic,Neologism,1,3,1019,24499.23502241208,85.98563859464149,1.5190647045691692,0.002056962025316456,13.0,1.3,0.7,13,2,7,3.505971606467237,0.6640748427854888,0.0028481012658227852,0.004287825720119601,40
Semantic_and_Neologism,Semantic,Neologism,1,3,1019,24499.23502241208,85.98563859464149,1.5190647045691692,0.002056962025316456,13.0,1.4,0.4,13,3,4,2.22631501274434,0.5497735799795822,0.004272151898734179,0.007769747912063801,40
Semantic_and_Neologism,Semantic,Neologism,1,3,1019,24499.23502241208,85.98563859464149,1.5190647045691692,0.002056962025316456,13.0,1.4,0.5,13,3,5,2.744989656848643,0.6003544073973215,0.004905063291139241,0.008169279472759852,40
Semantic_and_Neologism,Semantic,Neologism,1,3,1019,24499.23502241208,85.98563859464149,1.5190647045691692,0.002056962025316456,13.0,1.5,0.4,13,4,4,2.8865826233916074,0.6130355579139136,0.005063291139240507,0.00825837594300448,40
Semantic_and_Neologism,Semantic,Neologism,1,3,1019,24499.23502241208,85.98563859464149,1.5190647045691692,0.002056962025316456,13.0,1.6,0.3,13,5,3,1.7788069765886632,0.4989770190155395,0.0036392405063291147,0.0072924030378977815,40
Semantic_and_Neologism,Semantic,Neologism,1,3,1019,24499.23502241208,85.98563859464149,1.5190647045691692,0.002056962025316456,13.0,1.7,0.3,13,6,3,3.884728120306569,0.7031640165400403,0.005537974683544305,0.00787479363175356,40
Semantic_and_Neologism,Semantic,Neologism,1,3,1019,24499.23502241208,85.98563859464149,1.5190647045691692,0.002056962025316456,13.0,1.7,0.4,13,6,4,2.3328752527129897,0.5607378263027832,0.003006329113924052,0.0053603809750382625,40
Semantic_and_Neologism,Semantic,Neologism,1,3,1019,24499.23502241208,85.98563859464149,1.5190647045691692,0.002056962025316456,13.0,1.8,0.3,13,7,3,1.7872443635413404,0.5000179821819902,0.002215189873417722,0.004429220416775861,40
Semantic_and_Neologism,Semantic,Neologism,1,3,1019,24499.23502241208,85.98563859464149,1.5190647045691692,0.002056962025316456,13.0,1.9,0.2,13,8,2,3.5911097201428976,0.670633886916179,0.005537974683544305,0.008256821132495925,40
Semantic_and_Neologism,Semantic,Neologism,1,3,1019,24499.23502241208,85.98563859464149,1.5190647045691692,0.002056962025316456,13.0,2.0,0.2,13,9,2,1.978703540776591,0.5226819450713401,0.0026898734177215194,0.005145291053451985,40
Semantic_and_Neologism,Semantic,Neologism,1,3,1019,24499.23502241208,85.98563859464149,1.5190647045691692,0.002056962025316456,14.0,1.1,0.7,14,0,7,1.8599205951750382,0.5088299528281477,0.003006329113924051,0.005907317891300336,40
Semantic_and_Neologism,Semantic,Neologism,1,3,1019,24499.23502241208,85.98563859464149,1.5190647045691692,0.002056962025316456,14.0,1.1,0.8,14,0,8,4.692088666782095,0.7473281683592053,0.009018987341772153,0.012067309109201344,40
Semantic_and_Neologism,Semantic,Neologism,1,3,1019,24499.23502241208,85.98563859464149,1.5190647045691692,0.002056962025316456,14.0,1.1,0.9,14,0,9,5.612602599298003,0.8031882832219095,0.009493670886075951,0.011818981795542435,40
Semantic_and_Neologism,Semantic,Neologism,1,3,1019,24499.23502241208,85.98563859464149,1.5190647045691692,0.002056962025316456,14.0,1.1,1.0,14,0,10,5.0796170987466,0.7715813445988087,0.008649789029535867,0.011209469369283949,30
Semantic_and_Neologism,Semantic,Neologism,1,3,1019,24499.23502241208,85.98563859464149,1.5190647045691692,0.002056962025316456,14.0,1.2,0.6,14,1,6,1.544489088900196,0.4689752415172483,0.004272151898734178,0.009108546774607406,40
Semantic_and_Neologism,Semantic,Neologism,1,3,1019,24499.23502241208,85.98563859464149,1.5190647045691692,0.002056962025316456,14.0,1.2,0.7,14,1,7,4.989463416762011,0.7660517464874239,0.011075949367088608,0.014457487194729527,40
Semantic_and_Neologism,Semantic,Neologism,1,3,1019,24499.23502241208,85.98563859464149,1.5190647045691692,0.002056962025316456,14.0,1.2,0.8,14,1,8,3.082661501449654,0.6299212509807878,0.008544303797468355,0.01356308246930052,40
Semantic_and_Neologism,Semantic,Neologism,1,3,1019,24499.23502241208,85.98563859464149,1.5190647045691692,0.002056962025316456,14.0,1.2,0.9,14,1,9,1.7872443635413395,0.5000179821819901,0.0022151898734177216,0.004429220416775861,40
Semantic_and_Neologism,Semantic,Neologism,1,3,1019,24499.23502241208,85.98563859464149,1.5190647045691692,0.002056962025316456,14.0,1.2,1.0,14,1,10,1.8218536957526255,0.504246345011664,0.0021097046413502112,0.004182876912982702,30
Semantic_and_Neologism,Semantic,Neologism,1,3,1019,24499.23502241208,85.98563859464149,1.5190647045691692,0.002056962025316456,14.0,1.3,0.5,14,2,5,1.7034503689629004,0.489596408940807,0.004746835443037976,0.009694404942424477,40
Semantic_and_Neologism,Semantic,Neologism,1,3,1019,24499.23502241208,85.98563859464149,1.5190647045691692,0.002056962025316456,14.0,1.3,0.6,14,2,6,4.572633281401416,0.739581118222322,0.007753164556962028,0.01048218347498886,40
Semantic_and_Neologism,Semantic,Neologism,1,3,1019,24499.23502241208,85.98563859464149,1.5190647045691692,0.002056962025316456,14.0,1.3,0.7,14,2,7,2.4176336350500764,0.5692815549140442,0.0036392405063291147,0.006391690005349995,40
Semantic_and_Neologism,Semantic,Neologism,1,3,1019,24499.23502241208,85.98563859464149,1.5190647045691692,0.002056962025316456,14.0,1.4,0.4,14,3,4,2.6322076271153505,0.5899868291523976,0.0031645569620253173,0.005362775605926095,40
Semantic_and_Neologism,Semantic,Neologism,1,3,1019,24499.23502241208,85.98563859464149,1.5190647045691692,0.002056962025316456,14.0,1.4,0.5,14,3,5,5.673232449993156,0.8066614092317625,0.011708860759493673,0.014514211246618084,40
Semantic_and_Neologism,Semantic,Neologism,1,3,1019,24499.23502241208,85.98563859464149,1.5190647045691692,0.002056962025316456,14.0,1.4,0.6,14,3,6,2.5477662806206625,0.5820144067322058,0.004430379746835443,0.007611147904912484,40
Semantic_and_Neologism,Semantic,Neologism,1,3,1019,24499.23502241208,85.98563859464149,1.5190647045691692,0.002056962025316456,14.0,1.5,0.4,14,4,4,5.666845213479454,0.806295591975325,0.011550632911392402,0.014324556317497376,40
Semantic_and_Neologism,Semantic,Neologism,1,3,1019,24499.23502241208,85.98563859464149,1.5190647045691692,0.002056962025316456,14.0,1.5,0.5,14,4,5,2.2463893240775126,0.5518887896866381,0.003164556962025317,0.00573304827414985,40
Semantic_and_Neologism,Semantic,Neologism,1,3,1019,24499.23502241208,85.98563859464149,1.5190647045691692,0.002056962025316456,14.0,1.6,0.3,14,5,3,5.440347922478891,0.8144952004442185,0.004272151898734177,0.005244152944307324,40
Semantic_and_Neologism,Semantic,Neologism,1,3,1019,24499.23502241208,85.98563859464149,1.5190647045691692,0.002056962025316456,14.0,1.6,0.4,14,5,4,4.041950668862895,0.7036337546175488,0.005063291139240507,0.0071949184817570256,40
Semantic_and_Neologism,Semantic,Neologism,1,3,1019,24499.23502241208,85.98563859464149,1.5190647045691692,0.002056962025316456,14.0,1.7,0.3,14,6,3,3.87928154736356,0.6920061862667198,0.008860759493670886,0.012803451274451014,40
Semantic_and_Neologism,Semantic,Neologism,1,3,1019,24499.23502241208,85.98563859464149,1.5190647045691692,0.002056962025316456,14.0,1.8,0.2,14,7,2,5.288837014966775,0.7842088928850334,0.006645569620253167,0.008473233945249868,40
Semantic_and_Neologism,Semantic,Neologism,1,3,1019,24499.23502241208,85.98563859464149,1.5190647045691692,0.002056962025316456,14.0,1.8,0.3,14,7,3,4.5854968666374,0.7404212684639626,0.0037974683544303818,0.005127794263714765,40
Semantic_and_Neologism,Semantic,Neologism,1,3,1019,24499.23502241208,85.98563859464149,1.5190647045691692,0.002056962025316456,14.0,1.9,0.2,14,8,2,5.3589890020721835,0.7883890747641111,0.009177215189873418,0.011639464693932086,40
Semantic_and_Neologism,Semantic,Neologism,1,3,1019,24499.23502241208,85.98563859464149,1.5190647045691692,0.002056962025316456,14.0,2.0,0.2,14,9,2,5.905723976542547,0.8298055237050106,0.007753164556962027,0.009342351346162184,40
Semantic_and_Neologism,Semantic,Neologism,1,3,1019,24499.23502241208,85.98563859464149,1.5190647045691692,0.002056962025316456,15.0,1.1,0.7,15,0,7,1.7414562252007986,0.4943380807281848,0.0033227848101265826,0.006720684894742387,40
Semantic_and_Neologism,Semantic,Neologism,1,3,1019,24499.23502241208,85.98563859464149,1.5190647045691692,0.002056962025316456,15.0,1.1,0.8,15,0,8,2.9912529901411924,0.6221316527869036,0.0056962025316455705,0.0091549439326529,40
Semantic_and_Neologism,Semantic,Neologism,1,3,1019,24499.23502241208,85.98563859464149,1.5190647045691692,0.002056962025316456,15.0,1.1,0.9,15,0,9,11.798132710424873,1.0794739462803198,0.010443037974683548,0.00967319177708591,40
Semantic_and_Neologism,Semantic,Neologism,1,3,1019,24499.23502241208,85.98563859464149,1.5190647045691692,0.002056962025316456,15.0,1.1,1.0,15,0,10,4.96663756427587,0.7646389611160311,0.008860759493670888,0.011587161137823975,30
Semantic_and_Neologism,Semantic,Neologism,1,3,1019,24499.23502241208,85.98563859464149,1.5190647045691692,0.002056962025316456,15.0,1.2,0.6,15,1,6,1.9947058782174603,0.5244992370106701,0.003006329113924051,0.0057308083645999505,40
Semantic_and_Neologism,Semantic,Neologism,1,3,1019,24499.23502241208,85.98563859464149,1.5190647045691692,0.002056962025316456,15.0,1.2,0.7,15,1,7,5.2875051781467945,0.7841292283047642,0.009335443037974683,0.011904490448503365,40
Semantic_and_Neologism,Semantic,Neologism,1,3,1019,24499.23502241208,85.98563859464149,1.5190647045691692,0.002056962025316456,15.0,1.2,0.8,15,1,8,5.294379494162312,0.7951158713908036,0.01170886075949367,0.014724980427246062,40
Semantic_and_Neologism,Semantic,Neologism,1,3,1019,24499.23502241208,85.98563859464149,1.5190647045691692,0.002056962025316456,15.0,1.2,0.9,15,1,9,3.536580270567644,0.6664441936210735,0.00379746835443038,0.005697104043486561,40
Semantic_and_Neologism,Semantic,Neologism,1,3,1019,24499.23502241208,85.98563859464149,1.5190647045691692,0.002056962025316456,15.0,1.2,1.0,15,1,10,2.8474272455841407,0.6095736637707315,0.0021097046413502112,0.0034599510986742664,30
Semantic_and_Neologism,Semantic,Neologism,1,3,1019,24499.23502241208,85.98563859464149,1.5190647045691692,0.002056962025316456,15.0,1.3,0.5,15,2,5,4.025093128815973,0.7024386454770438,0.0034810126582278484,0.004954610971352245,40
Semantic_and_Neologism,Semantic,Neologism,1,3,1019,24499.23502241208,85.98563859464149,1.5190647045691692,0.002056962025316456,15.0,1.3,0.6,15,2,6,11.147739726529778,1.05550930459235,0.012658227848101267,0.011991530802928377,40
Semantic_and_Neologism,Semantic,Neologism,1,3,1019,24499.23502241208,85.98563859464149,1.5190647045691692,0.002056962025316456,15.0,1.3,0.7,15,2,7,3.430489116824305,0.6582121290580799,0.006329113924050634,0.009614614244465192,40
Semantic_and_Neologism,Semantic,Neologism,1,3,1019,24499.23502241208,85.98563859464149,1.5190647045691692,0.002056962025316456,15.0,1.3,0.8,15,2,8,3.328933507460719,0.6501473112097989,0.003481012658227848,0.0053531906552691175,40
Semantic_and_Neologism,Semantic,Neologism,1,3,1019,24499.23502241208,85.98563859464149,1.5190647045691692,0.002056962025316456,15.0,1.4,0.4,15,3,4,5.568406825904576,0.8006378813639835,0.006962025316455697,0.008694598195522606,40
Semantic_and_Neologism,Semantic,Neologism,1,3,1019,24499.23502241208,85.98563859464149,1.5190647045691692,0.002056962025316456,15.0,1.4,0.5,15,3,5,13.380302371422443,1.1861419028079285,0.021835443037974685,0.018407794922668277,40
Semantic_and_Neologism,Semantic,Neologism,1,3,1019,24499.23502241208,85.98563859464149,1.5190647045691692,0.002056962025316456,15.0,1.4,0.6,15,3,6,5.318386874745531,0.7859727238853097,0.004746835443037976,0.006038440426854611,40
Semantic_and_Neologism,Semantic,Neologism,1,3,1019,24499.23502241208,85.98563859464149,1.5190647045691692,0.002056962025316456,15.0,1.5,0.3,15,4,3,1.9043593240650523,0.5141005782320965,0.0025316455696202536,0.004923416888084715,40
Semantic_and_Neologism,Semantic,Neologism,1,3,1019,24499.23502241208,85.98563859464149,1.5190647045691692,0.002056962025316456,15.0,1.5,0.4,15,4,4,5.8137652707903245,0.8146438430540003,0.011708860759493669,0.014371981345563946,40
Semantic_and_Neologism,Semantic,Neologism,1,3,1019,24499.23502241208,85.98563859464149,1.5190647045691692,0.002056962025316456,15.0,1.5,0.5,15,4,5,5.741598808430092,0.8105670331242559,0.005854430379746837,0.007221635686503897,40
Semantic_and_Neologism,Semantic,Neologism,1,3,1019,24499.23502241208,85.98563859464149,1.5190647045691692,0.002056962025316456,15.0,1.6,0.3,15,5,3,5.426002961680391,0.7923398367485808,0.010443037974683546,0.013178998644946652,40
Semantic_and_Neologism,Semantic,Neologism,1,3,1019,24499.23502241208,85.98563859464149,1.5190647045691692,0.002056962025316456,15.0,1.6,0.4,15,5,4,4.425166522017494,0.7298715823362665,0.00917721518987342,0.01257273956182513,40
Semantic_and_Neologism,Semantic,Neologism,1,3,1019,24499.23502241208,85.98563859464149,1.5190647045691692,0.002056962025316456,15.0,1.6,0.5,15,5,5,2.4725275739658965,0.5747225281175813,0.0028481012658227852,0.004954610971352245,40
Semantic_and_Neologism,Semantic,Neologism,1,3,1019,24499.23502241208,85.98563859464149,1.5190647045691692,0.002056962025316456,15.0,1.7,0.3,15,6,3,9.019513593880404,0.9708244424218155,0.015031645569620255,0.015482381868839603,40
Semantic_and_Neologism,Semantic,Neologism,1,3,1019,24499.23502241208,85.98563859464149,1.5190647045691692,0.002056962025316456,15.0,1.7,0.4,15,6,4,2.782380506800433,0.6037349530010888,0.002215189873417722,0.003668142994630836,40
Semantic_and_Neologism,Semantic,Neologism,1,3,1019,24499.23502241208,85.98563859464149,1.5190647045691692,0.002056962025316456,15.0,1.7,0.5,15,6,5,2.803150069161801,0.6558586585575895,0.002215189873417722,0.0033765415548977023,40
Semantic_and_Neologism,Semantic,Neologism,1,3,1019,24499.23502241208,85.98563859464149,1.5190647045691692,0.002056962025316456,15.0,1.8,0.2,15,7,2,2.11092762312914,0.5374268003869935,0.005063291139240507,0.009420359589053807,40
Semantic_and_Neologism,Semantic,Neologism,1,3,1019,24499.23502241208,85.98563859464149,1.5190647045691692,0.002056962025316456,15.0,1.8,0.3,15,7,3,6.979252748147099,0.8766304937521113,0.007278481012658229,0.008301792413146877,40
Semantic_and_Neologism,Semantic,Neologism,1,3,1019,24499.23502241208,85.98563859464149,1.5190647045691692,0.002056962025316456,15.0,1.8,0.4,15,7,4,2.9448817986040687,0.6181252694315805,0.002056962025316456,0.003326742978713699,40
Semantic_and_Neologism,Semantic,Neologism,1,3,1019,24499.23502241208,85.98563859464149,1.5190647045691692,0.002056962025316456,15.0,1.9,0.2,15,8,2,10.209102000705444,1.0726366728092838,0.012816455696202536,0.011947552591098403,40
Semantic_and_Neologism,Semantic,Neologism,1,3,1019,24499.23502241208,85.98563859464149,1.5190647045691692,0.002056962025316456,15.0,1.9,0.3,15,8,3,3.400676568702812,0.6558586585575895,0.002215189873417722,0.0033765415548977023,40
Semantic_and_Neologism,Semantic,Neologism,1,3,1019,24499.23502241208,85.98563859464149,1.5190647045691692,0.002056962025316456,15.0,2.0,0.2,15,9,2,5.898604676569649,0.8194134809754652,0.011234177215189873,0.013709022444122134,40
Semantic_and_Neologism,Semantic,Neologism,1,3,1019,24499.23502241208,85.98563859464149,1.5190647045691692,0.002056962025316456,15.0,2.0,0.3,15,9,3,3.2061649397650953,0.6401761921450593,0.0023734177215189883,0.0037064445295541216,40
Semantic_and_Neologism,Semantic,Neologism,1,3,1019,24499.23502241208,85.98563859464149,1.5190647045691692,0.002056962025316456,16.0,1.1,0.7,16,0,7,1.6149215494073608,0.4783292645157981,0.006645569620253165,0.013892295086137632,40
Semantic_and_Neologism,Semantic,Neologism,1,3,1019,24499.23502241208,85.98563859464149,1.5190647045691692,0.002056962025316456,16.0,1.1,0.8,16,0,8,8.08784413913177,0.929618814054556,0.010759493670886076,0.011573091991488718,40
Semantic_and_Neologism,Semantic,Neologism,1,3,1019,24499.23502241208,85.98563859464149,1.5190647045691692,0.002056962025316456,16.0,1.1,0.9,16,0,9,14.18534674331249,1.1611628905059561,0.016772151898734173,0.0144432713730078,40
Semantic_and_Neologism,Semantic,Neologism,1,3,1019,24499.23502241208,85.98563859464149,1.5190647045691692,0.002056962025316456,16.0,1.1,1.0,16,0,10,11.668435108858008,1.0747705280108693,0.016244725738396623,0.015113599177241619,30
Semantic_and_Neologism,Semantic,Neologism,1,3,1019,24499.23502241208,85.98563859464149,1.5190647045691692,0.002056962025316456,16.0,1.2,0.6,16,1,6,2.804873749826814,0.6057631473204295,0.006012658227848103,0.009924757706530797,40
Semantic_and_Neologism,Semantic,Neologism,1,3,1019,24499.23502241208,85.98563859464149,1.5190647045691692,0.002056962025316456,16.0,1.2,0.7,16,1,7,14.29052057744336,1.3287334592392461,0.016772151898734176,0.012621660912247153,40
Semantic_and_Neologism,Semantic,Neologism,1,3,1019,24499.23502241208,85.98563859464149,1.5190647045691692,0.002056962025316456,16.0,1.2,0.8,16,1,8,4.433392675661095,0.7304184343322663,0.013765822784810122,0.01884548872176201,40
Semantic_and_Neologism,Semantic,Neologism,1,3,1019,24499.23502241208,85.98563859464149,1.5190647045691692,0.002056962025316456,16.0,1.2,0.9,16,1,9,6.695840431332895,0.8621913643608821,0.0047468354430379766,0.005504547421663949,40
Semantic_and_Neologism,Semantic,Neologism,1,3,1019,24499.23502241208,85.98563859464149,1.5190647045691692,0.002056962025316456,16.0,1.2,1.0,16,1,10,4.01357449921864,0.701620179191382,0.0037974683544303805,0.005411427502879074,30
Semantic_and_Neologism,Semantic,Neologism,1,3,1019,24499.23502241208,85.98563859464149,1.5190647045691692,0.002056962025316456,16.0,1.3,0.5,16,2,5,5.1380352843292085,0.7751383106250588,0.010284810126582278,0.01326735480275614,40
Semantic_and_Neologism,Semantic,Neologism,1,3,1019,24499.23502241208,85.98563859464149,1.5190647045691692,0.002056962025316456,16.0,1.3,0.6,16,2,6,13.905253531432066,1.4879635846276575,0.02151898734177215,0.014461038966603461,40
Semantic_and_Neologism,Semantic,Neologism,1,3,1019,24499.23502241208,85.98563859464149,1.5190647045691692,0.002056962025316456,16.0,1.3,0.7,16,2,7,6.352691044409451,0.8441369637754265,0.00791139240506329,0.009371166774547302,40
Semantic_and_Neologism,Semantic,Neologism,1,3,1019,24499.23502241208,85.98563859464149,1.5190647045691692,0.002056962025316456,16.0,1.3,0.8,16,2,8,2.9234836260417465,0.616263613581474,0.004272151898734177,0.006931344867655198,40
Semantic_and_Neologism,Semantic,Neologism,1,3,1019,24499.23502241208,85.98563859464149,1.5190647045691692,0.002056962025316456,16.0,1.3,0.9,16,2,9,2.0610335399226116,0.5319188399187949,0.0023734177215189874,0.004460992212724265,40
Semantic_and_Neologism,Semantic,Neologism,1,3,1019,24499.23502241208,85.98563859464149,1.5190647045691692,0.002056962025316456,16.0,1.4,0.4,16,3,4,4.699894173994804,0.7478317996004884,0.00759493670886076,0.01015494243641174,40
Semantic_and_Neologism,Semantic,Neologism,1,3,1019,24499.23502241208,85.98563859464149,1.5190647045691692,0.002056962025316456,16.0,1.4,0.5,16,3,5,13.30731362541803,1.1319835274013492,0.017246835443037976,0.01523494206589814,40
Semantic_and_Neologism,Semantic,Neologism,1,3,1019,24499.23502241208,85.98563859464149,1.5190647045691692,0.002056962025316456,16.0,1.4,0.6,16,3,6,6.164585494727802,0.8340341170613317,0.006803797468354429,0.008156696824594172,40
Semantic_and_Neologism,Semantic,Neologism,1,3,1019,24499.23502241208,85.98563859464149,1.5190647045691692,0.002056962025316456,16.0,1.5,0.4,16,4,4,13.98007271074882,1.1544196888947234,0.01882911392405063,0.016309458064066973,40
Semantic_and_Neologism,Semantic,Neologism,1,3,1019,24499.23502241208,85.98563859464149,1.5190647045691692,0.002056962025316456,16.0,1.5,0.5,16,4,5,3.0214023958666916,0.6247241560861557,0.006170886075949369,0.009876777281111478,40
Semantic_and_Neologism,Semantic,Neologism,1,3,1019,24499.23502241208,85.98563859464149,1.5190647045691692,0.002056962025316456,16.0,1.5,0.6,16,4,6,2.248311791461053,0.5520910936380833,0.0028481012658227857,0.005157752420827539,40
Semantic_and_Neologism,Semantic,Neologism,1,3,1019,24499.23502241208,85.98563859464149,1.5190647045691692,0.002056962025316456,16.0,1.6,0.3,16,5,3,5.682994681826556,0.8072205259801116,0.007911392405063293,0.009799782004963804,40
Semantic_and_Neologism,Semantic,Neologism,1,3,1019,24499.23502241208,85.98563859464149,1.5190647045691692,0.002056962025316456,16.0,1.6,0.4,16,5,4,2.494511346132531,0.5768737480656508,0.007436708860759492,0.012890397616369191,40
Semantic_and_Neologism,Semantic,Neologism,1,3,1019,24499.23502241208,85.98563859464149,1.5190647045691692,0.002056962025316456,16.0,1.7,0.3,16,6,3,13.129276746359897,1.1259671201419799,0.01977848101265823,0.017564771378976184,40
Semantic_and_Neologism,Semantic,Neologism,1,3,1019,24499.23502241208,85.98563859464149,1.5190647045691692,0.002056962025316456,16.0,1.8,0.2,16,7,2,6.270549633520122,0.8397455685179257,0.007753164556962025,0.00923175435754386,40
Semantic_and_Neologism,Semantic,Neologism,1,3,1019,24499.23502241208,85.98563859464149,1.5190647045691692,0.002056962025316456,16.0,1.8,0.3,16,7,3,6.836163902820237,0.8693960185865982,0.009651898734177215,0.011100843725795503,40
Semantic_and_Neologism,Semantic,Neologism,1,3,1019,24499.23502241208,85.98563859464149,1.5190647045691692,0.002056962025316456,16.0,1.9,0.2,16,8,2,10.148214902846332,1.017107891099621,0.021360759493670885,0.021000468654989227,40
Semantic_and_Neologism,Semantic,Neologism,1,3,1019,24499.23502241208,85.98563859464149,1.5190647045691692,0.002056962025316456,16.0,1.9,0.3,16,8,3,3.081564022667889,0.629828383898134,0.0028481012658227852,0.004521027489766841,40
Semantic_and_Neologism,Semantic,Neologism,1,3,1019,24499.23502241208,85.98563859464149,1.5190647045691692,0.002056962025316456,16.0,2.0,0.2,16,9,2,6.550607904667727,0.8546296617812156,0.011075949367088608,0.01295894026699724,40
Semantic_and_Neologism,Semantic,Neologism,1,3,1019,24499.23502241208,85.98563859464149,1.5190647045691692,0.002056962025316456,17.0,1.1,0.7,17,0,7,1.9251481547103855,0.5165307731213141,0.006012658227848103,0.01163946469393209,40
Semantic_and_Neologism,Semantic,Neologism,1,3,1019,24499.23502241208,85.98563859464149,1.5190647045691692,0.002056962025316456,17.0,1.1,0.8,17,0,8,5.3192825130445955,0.7860263039158202,0.010759493670886078,0.013687465153499966,40
Semantic_and_Neologism,Semantic,Neologism,1,3,1019,24499.23502241208,85.98563859464149,1.5190647045691692,0.002056962025316456,17.0,1.1,0.9,17,0,9,25.67091507359322,1.5295682292141177,0.024841772151898738,0.016240035657926994,40
Semantic_and_Neologism,Semantic,Neologism,1,3,1019,24499.23502241208,85.98563859464149,1.5190647045691692,0.002056962025316456,17.0,1.1,1.0,17,0,10,25.618172455894584,1.5067514406627605,0.025949367088607605,0.017221062238210638,30
Semantic_and_Neologism,Semantic,Neologism,1,3,1019,24499.23502241208,85.98563859464149,1.5190647045691692,0.002056962025316456,17.0,1.2,0.6,17,1,6,4.477507994607719,0.7333315931056247,0.005063291139240507,0.006903504301795738,40
Semantic_and_Neologism,Semantic,Neologism,1,3,1019,24499.23502241208,85.98563859464149,1.5190647045691692,0.002056962025316456,17.0,1.2,0.7,17,1,7,14.022042156822621,1.1558023090565042,0.0180379746835443,0.015605453233571511,40
Semantic_and_Neologism,Semantic,Neologism,1,3,1019,24499.23502241208,85.98563859464149,1.5190647045691692,0.002056962025316456,17.0,1.2,0.8,17,1,8,17.4599403688861,1.2618710605075711,0.022151898734177212,0.017553803678013583,40
Semantic_and_Neologism,Semantic,Neologism,1,3,1019,24499.23502241208,85.98563859464149,1.5190647045691692,0.002056962025316456,17.0,1.2,0.9,17,1,9,13.667769626893085,1.1440848612517214,0.010443037974683543,0.009126852599376251,40
Semantic_and_Neologism,Semantic,Neologism,1,3,1019,24499.23502241208,85.98563859464149,1.5190647045691692,0.002056962025316456,17.0,1.2,1.0,17,1,10,2.7271728276613802,0.5987273872787566,0.005274261603375529,0.008808120336631484,30
Semantic_and_Neologism,Semantic,Neologism,1,3,1019,24499.23502241208,85.98563859464149,1.5190647045691692,0.002056962025316456,17.0,1.3,0.5,17,2,5,3.8355558151923086,0.6888268289650195,0.00870253164556962,0.01263284537249428,40
Semantic_and_Neologism,Semantic,Neologism,1,3,1019,24499.23502241208,85.98563859464149,1.5190647045691692,0.002056962025316456,17.0,1.3,0.6,17,2,6,13.287675892348341,1.1313203335213464,0.02420886075949367,0.021397767477413933,40
Semantic_and_Neologism,Semantic,Neologism,1,3,1019,24499.23502241208,85.98563859464149,1.5190647045691692,0.002056962025316456,17.0,1.3,0.7,17,2,7,14.408400732091579,1.3922027361582123,0.014873417721518983,0.01068237055748233,40
Semantic_and_Neologism,Semantic,Neologism,1,3,1019,24499.23502241208,85.98563859464149,1.5190647045691692,0.002056962025316456,17.0,1.3,0.8,17,2,8,5.256537465076644,0.7822790024494247,0.010601265822784808,0.013550770902185493,40
Semantic_and_Neologism,Semantic,Neologism,1,3,1019,24499.23502241208,85.98563859464149,1.5190647045691692,0.002056962025316456,17.0,1.3,0.9,17,2,9,2.411381132322552,0.5686569211193433,0.0026898734177215203,0.0047292218927130585,40
Semantic_and_Neologism,Semantic,Neologism,1,3,1019,24499.23502241208,85.98563859464149,1.5190647045691692,0.002056962025316456,17.0,1.4,0.4,17,3,4,3.9726747776343103,0.6987077837432811,0.009810126582278478,0.014039385423676502,40
Semantic_and_Neologism,Semantic,Neologism,1,3,1019,24499.23502241208,85.98563859464149,1.5190647045691692,0.002056962025316456,17.0,1.4,0.5,17,3,5,18.083950383100728,1.3226299695661177,0.019462025316455692,0.014713641104677308,40
Semantic_and_Neologism,Semantic,Neologism,1,3,1019,24499.23502241208,85.98563859464149,1.5190647045691692,0.002056962025316456,17.0,1.4,0.6,17,3,6,10.565360526482285,1.0333692352299788,0.011867088607594934,0.011482880304365636,40
Semantic_and_Neologism,Semantic,Neologism,1,3,1019,24499.23502241208,85.98563859464149,1.5190647045691692,0.002056962025316456,17.0,1.4,0.7,17,3,7,4.066013897662084,0.7053352427342371,0.004430379746835444,0.006280239726035871,40
Semantic_and_Neologism,Semantic,Neologism,1,3,1019,24499.23502241208,85.98563859464149,1.5190647045691692,0.002056962025316456,17.0,1.4,0.8,17,3,8,2.1738939094266247,0.544218241791822,0.0026898734177215194,0.004941637367070227,40
Semantic_and_Neologism,Semantic,Neologism,1,3,1019,24499.23502241208,85.98563859464149,1.5190647045691692,0.002056962025316456,17.0,1.5,0.4,17,4,4,21.85266440390522,1.493882122664814,0.0245253164556962,0.016416169791112767,40
Semantic_and_Neologism,Semantic,Neologism,1,3,1019,24499.23502241208,85.98563859464149,1.5190647045691692,0.002056962025316456,17.0,1.5,0.5,17,4,5,5.213604268393796,0.779700996375121,0.01028481012658228,0.013189710508768117,40
Semantic_and_Neologism,Semantic,Neologism,1,3,1019,24499.23502241208,85.98563859464149,1.5190647045691692,0.002056962025316456,17.0,1.5,0.6,17,4,6,5.105123127221764,0.7731363545109425,0.0033227848101265835,0.004296799205456396,40
Semantic_and_Neologism,Semantic,Neologism,1,3,1019,24499.23502241208,85.98563859464149,1.5190647045691692,0.002056962025316456,17.0,1.6,0.3,17,5,3,5.673232449993158,0.8066614092317627,0.011708860759493673,0.014514211246618083,40
Semantic_and_Neologism,Semantic,Neologism,1,3,1019,24499.23502241208,85.98563859464149,1.5190647045691692,0.002056962025316456,17.0,1.6,0.4,17,5,4,11.053708323323109,1.0519759218631846,0.014556962025316455,0.01383673309139453,40
Semantic_and_Neologism,Semantic,Neologism,1,3,1019,24499.23502241208,85.98563859464149,1.5190647045691692,0.002056962025316456,17.0,1.6,0.5,17,5,5,1.7356832117960723,0.4936141789759745,0.002531645569620253,0.0051277942637147685,40
Semantic_and_Neologism,Semantic,Neologism,1,3,1019,24499.23502241208,85.98563859464149,1.5190647045691692,0.002056962025316456,17.0,1.7,0.2,17,6,2,2.0610335399226125,0.531918839918795,0.002373417721518988,0.004460992212724265,40
Semantic_and_Neologism,Semantic,Neologism,1,3,1019,24499.23502241208,85.98563859464149,1.5190647045691692,0.002056962025316456,17.0,1.7,0.3,17,6,3,18.397465926000937,1.8697455623587274,0.029746835443037974,0.01590856333412106,40
Semantic_and_Neologism,Semantic,Neologism,1,3,1019,24499.23502241208,85.98563859464149,1.5190647045691692,0.002056962025316456,17.0,1.7,0.4,17,6,4,2.21986649006923,0.5490902466482582,0.004588607594936711,0.008355745768016032,40
Semantic_and_Neologism,Semantic,Neologism,1,3,1019,24499.23502241208,85.98563859464149,1.5190647045691692,0.002056962025316456,17.0,1.8,0.2,17,7,2,3.2653265852376743,0.6450149491074625,0.009651898734177215,0.014962837268474166,40
Semantic_and_Neologism,Semantic,Neologism,1,3,1019,24499.23502241208,85.98563859464149,1.5190647045691692,0.002056962025316456,17.0,1.8,0.3,17,7,3,9.876599535872334,1.0062378383039157,0.013924050632911389,0.013836733091394526,40
Semantic_and_Neologism,Semantic,Neologism,1,3,1019,24499.23502241208,85.98563859464149,1.5190647045691692,0.002056962025316456,17.0,1.8,0.4,17,7,4,2.709415504857282,0.5970995396632934,0.0023734177215189883,0.003973911323591653,40
Semantic_and_Neologism,Semantic,Neologism,1,3,1019,24499.23502241208,85.98563859464149,1.5190647045691692,0.002056962025316456,17.0,1.9,0.2,17,8,2,11.239710057931486,1.0589483715228762,0.022151898734177212,0.02091777123558017,40
Semantic_and_Neologism,Semantic,Neologism,1,3,1019,24499.23502241208,85.98563859464149,1.5190647045691692,0.002056962025316456,17.0,1.9,0.3,17,8,3,4.278254158387221,0.720019610931186,0.003955696202531646,0.005492872864679099,40
Semantic_and_Neologism,Semantic,Neologism,1,3,1019,24499.23502241208,85.98563859464149,1.5190647045691692,0.002056962025316456,17.0,2.0,0.2,17,9,2,5.861788665581288,0.8173479450257594,0.014082278481012659,0.017228233359813296,40
Semantic_and_Neologism,Semantic,Neologism,1,3,1019,24499.23502241208,85.98563859464149,1.5190647045691692,0.002056962025316456,18.0,1.1,0.7,18,0,7,2.830511053409917,0.6080636939127969,0.005221518987341774,0.008586125065372836,40
Semantic_and_Neologism,Semantic,Neologism,1,3,1019,24499.23502241208,85.98563859464149,1.5190647045691692,0.002056962025316456,18.0,1.1,0.8,18,0,8,7.774385579122962,0.9150938836199585,0.009177215189873416,0.0100277143801791,40
Semantic_and_Neologism,Semantic,Neologism,1,3,1019,24499.23502241208,85.98563859464149,1.5190647045691692,0.002056962025316456,18.0,1.1,0.9,18,0,9,21.770226380268753,1.3794325195571706,0.023259493670886075,0.016860639363375965,40
Semantic_and_Neologism,Semantic,Neologism,1,3,1019,24499.23502241208,85.98563859464149,1.5190647045691692,0.002056962025316456,18.0,1.1,1.0,18,0,10,25.510599292591646,1.4725979634172102,0.027637130801687764,0.018766600857979543,30
Semantic_and_Neologism,Semantic,Neologism,1,3,1019,24499.23502241208,85.98563859464149,1.5190647045691692,0.002056962025316456,18.0,1.2,0.6,18,1,6,3.108716271489493,0.632111948338277,0.006803797468354432,0.010762595730535623,40
Semantic_and_Neologism,Semantic,Neologism,1,3,1019,24499.23502241208,85.98563859464149,1.5190647045691692,0.002056962025316456,18.0,1.2,0.7,18,1,7,22.747945738272428,1.4043006415041153,0.02436708860759493,0.0173507606468483,40
Semantic_and_Neologism,Semantic,Neologism,1,3,1019,24499.23502241208,85.98563859464149,1.5190647045691692,0.002056962025316456,18.0,1.2,0.8,18,1,8,26.846729282032804,1.5047235844937965,0.032436708860759486,0.021555589658738886,40
Semantic_and_Neologism,Semantic,Neologism,1,3,1019,24499.23502241208,85.98563859464149,1.5190647045691692,0.002056962025316456,18.0,1.2,0.9,18,1,9,8.718451297137248,0.9578331719274651,0.018670886075949366,0.019491837190403004,40
Semantic_and_Neologism,Semantic,Neologism,1,3,1019,24499.23502241208,85.98563859464149,1.5190647045691692,0.002056962025316456,18.0,1.2,1.0,18,1,10,4.007566325905266,0.7011929182134903,0.0065400843881856545,0.009326082773238183,30
Semantic_and_Neologism,Semantic,Neologism,1,3,1019,24499.23502241208,85.98563859464149,1.5190647045691692,0.002056962025316456,18.0,1.3,0.5,18,2,5,3.8521238097505623,0.6900351067193857,0.008227848101265822,0.011922810862875145,40
Semantic_and_Neologism,Semantic,Neologism,1,3,1019,24499.23502241208,85.98563859464149,1.5190647045691692,0.002056962025316456,18.0,1.3,0.6,18,2,6,11.435746962925476,1.0662201062040202,0.023575949367088612,0.022110709608463692,40
Semantic_and_Neologism,Semantic,Neologism,1,3,1019,24499.23502241208,85.98563859464149,1.5190647045691692,0.002056962025316456,18.0,1.3,0.7,18,2,7,12.895340448254808,1.117989407806042,0.02515822784810127,0.022502100362526804,40
Semantic_and_Neologism,Semantic,Neologism,1,3,1019,24499.23502241208,85.98563859464149,1.5190647045691692,0.002056962025316456,18.0,1.3,0.8,18,2,8,4.276423620817776,0.7198947734485426,0.006012658227848103,0.008351134853049997,40
Semantic_and_Neologism,Semantic,Neologism,1,3,1019,24499.23502241208,85.98563859464149,1.5190647045691692,0.002056962025316456,18.0,1.3,0.9,18,2,9,2.2463893240775126,0.5518887896866381,0.003164556962025317,0.00573304827414985,40
Semantic_and_Neologism,Semantic,Neologism,1,3,1019,24499.23502241208,85.98563859464149,1.5190647045691692,0.002056962025316456,18.0,1.4,0.4,18,3,4,2.3431120760746875,0.5617808072924194,0.007120253164556961,0.01267343293207899,40
Semantic_and_Neologism,Semantic,Neologism,1,3,1019,24499.23502241208,85.98563859464149,1.5190647045691692,0.002056962025316456,18.0,1.4,0.5,18,3,5,18.865880939865225,1.6598609354359968,0.030854430379746833,0.018587563488086597,40
Semantic_and_Neologism,Semantic,Neologism,1,3,1019,24499.23502241208,85.98563859464149,1.5190647045691692,0.002056962025316456,18.0,1.4,0.6,18,3,6,14.377200592742952,1.1674359003138643,0.021202531645569622,0.018160623811525185,40
Semantic_and_Neologism,Semantic,Neologism,1,3,1019,24499.23502241208,85.98563859464149,1.5190647045691692,0.002056962025316456,18.0,1.4,0.7,18,3,7,2.8500972446891,0.6098119376019413,0.004905063291139241,0.008042567186349594,40
Semantic_and_Neologism,Semantic,Neologism,1,3,1019,24499.23502241208,85.98563859464149,1.5190647045691692,0.002056962025316456,18.0,1.5,0.4,18,4,4,21.607820962453204,1.3752596020170251,0.024683544303797468,0.01794727992300169,40
Semantic_and_Neologism,Semantic,Neologism,1,3,1019,24499.23502241208,85.98563859464149,1.5190647045691692,0.002056962025316456,18.0,1.5,0.5,18,4,5,9.433396299643546,0.988230777909385,0.021518987341772156,0.021774265274874208,40
Semantic_and_Neologism,Semantic,Neologism,1,3,1019,24499.23502241208,85.98563859464149,1.5190647045691692,0.002056962025316456,18.0,1.5,0.6,18,4,6,4.522508139701353,0.7362952683065827,0.003639240506329115,0.004941637367070228,40
Semantic_and_Neologism,Semantic,Neologism,1,3,1019,24499.23502241208,85.98563859464149,1.5190647045691692,0.002056962025316456,18.0,1.5,0.7,18,4,7,2.401766938671472,0.567695345904142,0.002056962025316456,0.003622355449638975,40
Semantic_and_Neologism,Semantic,Neologism,1,3,1019,24499.23502241208,85.98563859464149,1.5190647045691692,0.002056962025316456,18.0,1.6,0.3,18,5,3,3.274301106458407,0.6457454633686643,0.012025316455696199,0.01862137853435881,40
Semantic_and_Neologism,Semantic,Neologism,1,3,1019,24499.23502241208,85.98563859464149,1.5190647045691692,0.002056962025316456,18.0,1.6,0.4,18,5,4,13.02794649776704,1.1225209984042304,0.02895569620253165,0.025794237900845424,40
Semantic_and_Neologism,Semantic,Neologism,1,3,1019,24499.23502241208,85.98563859464149,1.5190647045691692,0.002056962025316456,18.0,1.6,0.5,18,5,5,2.162787366892165,0.5430226824147506,0.0037974683544303813,0.006992203925743097,40
Semantic_and_Neologism,Semantic,Neologism,1,3,1019,24499.23502241208,85.98563859464149,1.5190647045691692,0.002056962025316456,18.0,1.7,0.3,18,6,3,17.63167371451245,1.6195656994922385,0.030221518987341767,0.018659261202627796,40
Semantic_and_Neologism,Semantic,Neologism,1,3,1019,24499.23502241208,85.98563859464149,1.5190647045691692,0.002056962025316456,18.0,1.7,0.4,18,6,4,4.622864935308407,0.7428554684254473,0.006645569620253165,0.008944979268805926,40
Semantic_and_Neologism,Semantic,Neologism,1,3,1019,24499.23502241208,85.98563859464149,1.5190647045691692,0.002056962025316456,18.0,1.8,0.2,18,7,2,3.5735957451240314,0.6692921787139473,0.01281645569620253,0.019148268591229468,40
Semantic_and_Neologism,Semantic,Neologism,1,3,1019,24499.23502241208,85.98563859464149,1.5190647045691692,0.002056962025316456,18.0,1.8,0.3,18,7,3,12.663235083118444,1.1100024960809862,0.02626582278481012,0.023661850198576268,40
Semantic_and_Neologism,Semantic,Neologism,1,3,1019,24499.23502241208,85.98563859464149,1.5190647045691692,0.002056962025316456,18.0,1.8,0.4,18,7,4,3.5578218152924417,0.6680803082539976,0.0026898734177215203,0.004025272567068174,40
Semantic_and_Neologism,Semantic,Neologism,1,3,1019,24499.23502241208,85.98563859464149,1.5190647045691692,0.002056962025316456,18.0,1.9,0.2,18,8,2,17.7075018842531,1.3294210262660346,0.024683544303797465,0.018566138488193253,40
Semantic_and_Neologism,Semantic,Neologism,1,3,1019,24499.23502241208,85.98563859464149,1.5190647045691692,0.002056962025316456,18.0,1.9,0.3,18,8,3,4.82773759957503,0.7559752645662303,0.004905063291139243,0.006487391249088964,40
Semantic_and_Neologism,Semantic,Neologism,1,3,1019,24499.23502241208,85.98563859464149,1.5190647045691692,0.002056962025316456,18.0,2.0,0.2,18,9,2,17.940578720923696,1.3921373173386347,0.026107594936708868,0.018752606136080787,40
Semantic_and_Neologism,Semantic,Neologism,1,3,1019,24499.23502241208,85.98563859464149,1.5190647045691692,0.002056962025316456,19.0,1.1,0.8,19,0,8,6.120225822442749,0.8316123333266424,0.01313291139240506,0.015791107531486895,40
Semantic_and_Neologism,Semantic,Neologism,1,3,1019,24499.23502241208,85.98563859464149,1.5190647045691692,0.002056962025316456,19.0,1.1,0.9,19,0,9,16.144218647072712,1.2228370662298842,0.028797468354430384,0.023548718232875902,40
Semantic_and_Neologism,Semantic,Neologism,1,3,1019,24499.23502241208,85.98563859464149,1.5190647045691692,0.002056962025316456,19.0,1.1,1.0,19,0,10,31.97082465524893,2.038081305997088,0.04029535864978904,0.01977022234094355,30
Semantic_and_Neologism,Semantic,Neologism,1,3,1019,24499.23502241208,85.98563859464149,1.5190647045691692,0.002056962025316456,19.0,1.2,0.6,19,1,6,2.061507495151268,0.5319718278919322,0.004272151898734177,0.00802978598290368,40
Semantic_and_Neologism,Semantic,Neologism,1,3,1019,24499.23502241208,85.98563859464149,1.5190647045691692,0.002056962025316456,19.0,1.2,0.7,19,1,7,9.398035815568466,0.9867611509678526,0.021044303797468352,0.021325644017984802,40
Semantic_and_Neologism,Semantic,Neologism,1,3,1019,24499.23502241208,85.98563859464149,1.5190647045691692,0.002056962025316456,19.0,1.2,0.8,19,1,8,31.35359057341435,1.77558439371153,0.03765822784810127,0.021207920275191045,40
Semantic_and_Neologism,Semantic,Neologism,1,3,1019,24499.23502241208,85.98563859464149,1.5190647045691692,0.002056962025316456,19.0,1.2,0.9,19,1,9,15.706806472132122,1.209477610049894,0.02816455696202532,0.023285546793423866,40
Semantic_and_Neologism,Semantic,Neologism,1,3,1019,24499.23502241208,85.98563859464149,1.5190647045691692,0.002056962025316456,19.0,1.2,1.0,19,1,10,11.488512441962222,1.0681701000138366,0.017299578059071733,0.016194527340493467,30
Semantic_and_Neologism,Semantic,Neologism,1,3,1019,24499.23502241208,85.98563859464149,1.5190647045691692,0.002056962025316456,19.0,1.3,0.5,19,2,5,2.8280723592331114,0.6078450558678177,0.009177215189873416,0.015096951527747721,40
Semantic_and_Neologism,Semantic,Neologism,1,3,1019,24499.23502241208,85.98563859464149,1.5190647045691692,0.002056962025316456,19.0,1.3,0.6,19,2,6,17.240995646511188,1.2555057623975285,0.026582278481012654,0.021171565891096207,40
Semantic_and_Neologism,Semantic,Neologism,1,3,1019,24499.23502241208,85.98563859464149,1.5190647045691692,0.002056962025316456,19.0,1.3,0.7,19,2,7,32.04483104746564,1.622947353316365,0.03639240506329113,0.02242265101303263,40
Semantic_and_Neologism,Semantic,Neologism,1,3,1019,24499.23502241208,85.98563859464149,1.5190647045691692,0.002056962025316456,19.0,1.3,0.8,19,2,8,10.77371507009224,1.0413531334028976,0.013449367088607592,0.012914279800098377,40
Semantic_and_Neologism,Semantic,Neologism,1,3,1019,24499.23502241208,85.98563859464149,1.5190647045691692,0.002056962025316456,19.0,1.3,0.9,19,2,9,7.747514939837832,0.9138343077116317,0.005221518987341774,0.005712857472058785,40
Semantic_and_Neologism,Semantic,Neologism,1,3,1019,24499.23502241208,85.98563859464149,1.5190647045691692,0.002056962025316456,19.0,1.3,1.0,19,2,10,8.174063916938238,0.9335652047420993,0.0037101702313400275,0.003973195066926231,29
Semantic_and_Neologism,Semantic,Neologism,1,3,1019,24499.23502241208,85.98563859464149,1.5190647045691692,0.002056962025316456,19.0,1.4,0.4,19,3,4,8.042475109745203,0.9275328956383829,0.005854430379746838,0.006310830456123578,40
Semantic_and_Neologism,Semantic,Neologism,1,3,1019,24499.23502241208,85.98563859464149,1.5190647045691692,0.002056962025316456,19.0,1.4,0.5,19,3,5,18.1746380423793,1.358172380070238,0.02990506329113924,0.022017606570097305,40
Semantic_and_Neologism,Semantic,Neologism,1,3,1019,24499.23502241208,85.98563859464149,1.5190647045691692,0.002056962025316456,19.0,1.4,0.6,19,3,6,17.946698823337705,1.2759856009993757,0.03465189873417722,0.02715596690232022,40
Semantic_and_Neologism,Semantic,Neologism,1,3,1019,24499.23502241208,85.98563859464149,1.5190647045691692,0.002056962025316456,19.0,1.4,0.7,19,3,7,6.2731912815186135,0.8398879256480585,0.007278481012658229,0.008665014584079353,40
Semantic_and_Neologism,Semantic,Neologism,1,3,1019,24499.23502241208,85.98563859464149,1.5190647045691692,0.002056962025316456,19.0,1.4,0.8,19,3,8,1.815844167478496,0.503515561024376,0.0026898734177215194,0.005341185278741164,40
Semantic_and_Neologism,Semantic,Neologism,1,3,1019,24499.23502241208,85.98563859464149,1.5190647045691692,0.002056962025316456,19.0,1.5,0.4,19,4,4,23.702009150494046,1.6471764591144757,0.025949367088607594,0.01575284771013423,40
Semantic_and_Neologism,Semantic,Neologism,1,3,1019,24499.23502241208,85.98563859464149,1.5190647045691692,0.002056962025316456,19.0,1.5,0.5,19,4,5,13.515254535218023,1.1389836993405646,0.030696202531645577,0.026949519616231293,40
Semantic_and_Neologism,Semantic,Neologism,1,3,1019,24499.23502241208,85.98563859464149,1.5190647045691692,0.002056962025316456,19.0,1.5,0.6,19,4,6,7.869966694179617,0.9195533368708705,0.00759493670886076,0.008258375943004478,40
Semantic_and_Neologism,Semantic,Neologism,1,3,1019,24499.23502241208,85.98563859464149,1.5190647045691692,0.002056962025316456,19.0,1.6,0.3,19,5,3,3.8385519450609924,0.6890457381683437,0.011708860759493667,0.01699186434978722,40
Semantic_and_Neologism,Semantic,Neologism,1,3,1019,24499.23502241208,85.98563859464149,1.5190647045691692,0.002056962025316456,19.0,1.6,0.4,19,5,4,23.153961856727808,1.4144629591123874,0.031170886075949374,0.022036258646567827,40
Semantic_and_Neologism,Semantic,Neologism,1,3,1019,24499.23502241208,85.98563859464149,1.5190647045691692,0.002056962025316456,19.0,1.6,0.5,19,5,5,7.219643444476037,0.88853665821556,0.00870253164556962,0.00979322915768814,40
Semantic_and_Neologism,Semantic,Neologism,1,3,1019,24499.23502241208,85.98563859464149,1.5190647045691692,0.002056962025316456,19.0,1.6,0.6,19,5,6,2.94488179860407,0.6181252694315806,0.0020569620253164562,0.003326742978713699,40
Semantic_and_Neologism,Semantic,Neologism,1,3,1019,24499.23502241208,85.98563859464149,1.5190647045691692,0.002056962025316456,19.0,1.7,0.3,19,6,3,18.012183913003096,1.7527772586172619,0.036075949367088606,0.020581164213807946,40
Semantic_and_Neologism,Semantic,Neologism,1,3,1019,24499.23502241208,85.98563859464149,1.5190647045691692,0.002056962025316456,19.0,1.7,0.4,19,6,4,7.7869263185853566,0.9156818975009733,0.010759493670886076,0.011749252680816637,40
Semantic_and_Neologism,Semantic,Neologism,1,3,1019,24499.23502241208,85.98563859464149,1.5190647045691692,0.002056962025316456,19.0,1.7,0.5,19,6,5,2.7052252490410127,0.5967145588295827,0.002689873417721519,0.0045068059147702596,40
Semantic_and_Neologism,Semantic,Neologism,1,3,1019,24499.23502241208,85.98563859464149,1.5190647045691692,0.002056962025316456,19.0,1.8,0.2,19,7,2,2.9949326229800066,0.622449287368197,0.007278481012658228,0.01169229158272904,40
Semantic_and_Neologism,Semantic,Neologism,1,3,1019,24499.23502241208,85.98563859464149,1.5190647045691692,0.002056962025316456,19.0,1.8,0.3,19,7,3,16.237250671281263,1.2256621307831372,0.03322784810126582,0.027109120535448766,40
Semantic_and_Neologism,Semantic,Neologism,1,3,1019,24499.23502241208,85.98563859464149,1.5190647045691692,0.002056962025316456,19.0,1.8,0.4,19,7,4,1.978703540776589,0.5226819450713399,0.0026898734177215194,0.0051452910534519865,40
Semantic_and_Neologism,Semantic,Neologism,1,3,1019,24499.23502241208,85.98563859464149,1.5190647045691692,0.002056962025316456,19.0,1.9,0.2,19,8,2,16.199993316632817,1.2245312991679234,0.030221518987341784,0.024679070658771642,40
Semantic_and_Neologism,Semantic,Neologism,1,3,1019,24499.23502241208,85.98563859464149,1.5190647045691692,0.002056962025316456,19.0,1.9,0.3,19,8,3,5.064470504802534,0.770654800973202,0.010284810126582278,0.013344547336621227,40
Semantic_and_Neologism,Semantic,Neologism,1,3,1019,24499.23502241208,85.98563859464149,1.5190647045691692,0.002056962025316456,19.0,2.0,0.2,19,9,2,17.955444453381414,1.396543794994613,0.034493670886075946,0.024698311979835907,40
Semantic_and_Neologism,Semantic,Neologism,1,3,1019,24499.23502241208,85.98563859464149,1.5190647045691692,0.002056962025316456,19.0,2.0,0.3,19,9,3,2.6898127307267146,0.5952971836147251,0.0025316455696202536,0.0042517423937196526,40
Semantic_and_Neologism,Semantic,Neologism,1,3,1019,24499.23502241208,85.98563859464149,1.5190647045691692,0.002056962025316456,20.0,1.1,0.8,20,0,8,3.4023092341379755,0.655988138955939,0.006645569620253165,0.010129624664693108,40
Semantic_and_Neologism,Semantic,Neologism,1,3,1019,24499.23502241208,85.98563859464149,1.5190647045691692,0.002056962025316456,20.0,1.1,0.9,20,0,9,11.350748007068473,1.0630732853769822,0.019620253164556962,0.018455162368523178,40
Semantic_and_Neologism,Semantic,Neologism,1,3,1019,24499.23502241208,85.98563859464149,1.5190647045691692,0.002056962025316456,20.0,1.1,1.0,20,0,10,32.52205850295799,2.162622458755375,0.038607594936708865,0.017851212151226883,30
Semantic_and_Neologism,Semantic,Neologism,1,3,1019,24499.23502241208,85.98563859464149,1.5190647045691692,0.002056962025316456,20.0,1.2,0.6,20,1,6,3.6778101355344264,0.6771839506186652,0.0025316455696202536,0.003737490209798061,40
Semantic_and_Neologism,Semantic,Neologism,1,3,1019,24499.23502241208,85.98563859464149,1.5190647045691692,0.002056962025316456,20.0,1.2,0.7,20,1,7,6.151797688979328,0.8333367908407276,0.016455696202531647,0.01974575351358243,40
Semantic_and_Neologism,Semantic,Neologism,1,3,1019,24499.23502241208,85.98563859464149,1.5190647045691692,0.002056962025316456,20.0,1.2,0.8,20,1,8,31.785707550081,1.9027924932243718,0.03132911392405064,0.01646380845158369,40
Semantic_and_Neologism,Semantic,Neologism,1,3,1019,24499.23502241208,85.98563859464149,1.5190647045691692,0.002056962025316456,20.0,1.2,0.9,20,1,9,30.611076672547696,1.5912167898991878,0.036075949367088606,0.022670926035530465,40
Semantic_and_Neologism,Semantic,Neologism,1,3,1019,24499.23502241208,85.98563859464149,1.5190647045691692,0.002056962025316456,20.0,1.2,1.0,20,1,10,13.845105929365678,1.1499693580027603,0.026582278481012658,0.023114640687313733,30
Semantic_and_Neologism,Semantic,Neologism,1,3,1019,24499.23502241208,85.98563859464149,1.5190647045691692,0.002056962025316456,20.0,1.3,0.5,20,2,5,2.7278306325392268,0.5987877099364503,0.006645569620253165,0.011097373446840558,40
Semantic_and_Neologism,Semantic,Neologism,1,3,1019,24499.23502241208,85.98563859464149,1.5190647045691692,0.002056962025316456,20.0,1.3,0.6,20,2,6,11.08903670406692,1.0533061837659878,0.016455696202531647,0.015621899073559029,40
Semantic_and_Neologism,Semantic,Neologism,1,3,1019,24499.23502241208,85.98563859464149,1.5190647045691692,0.002056962025316456,20.0,1.3,0.7,20,2,7,41.85083752467839,2.361462293988402,0.039398734177215206,0.01668304118817097,40
Semantic_and_Neologism,Semantic,Neologism,1,3,1019,24499.23502241208,85.98563859464149,1.5190647045691692,0.002056962025316456,20.0,1.3,0.8,20,2,8,23.157727150082813,1.4145572818081367,0.0259493670886076,0.01834351486859423,40
Semantic_and_Neologism,Semantic,Neologism,1,3,1019,24499.23502241208,85.98563859464149,1.5190647045691692,0.002056962025316456,20.0,1.3,0.9,20,2,9,7.523879570674075,0.9032705195457378,0.009335443037974681,0.010334157448368351,40
Semantic_and_Neologism,Semantic,Neologism,1,3,1019,24499.23502241208,85.98563859464149,1.5190647045691692,0.002056962025316456,20.0,1.3,1.0,20,2,10,3.011418194198887,0.6238671223959372,0.004364906154517678,0.006995531789901714,29
Semantic_and_Neologism,Semantic,Neologism,1,3,1019,24499.23502241208,85.98563859464149,1.5190647045691692,0.002056962025316456,20.0,1.4,0.4,20,3,4,2.1081272932291886,0.5371194760495577,0.004113924050632912,0.007658234554088926,40
Semantic_and_Neologism,Semantic,Neologism,1,3,1019,24499.23502241208,85.98563859464149,1.5190647045691692,0.002056962025316456,20.0,1.4,0.5,20,3,5,16.501536292597148,1.2336137566633079,0.025316455696202545,0.020521189834100725,40
Semantic_and_Neologism,Semantic,Neologism,1,3,1019,24499.23502241208,85.98563859464149,1.5190647045691692,0.002056962025316456,20.0,1.4,0.6,20,3,6,42.907555594175975,2.092727922327864,0.04683544303797469,0.022379091811398435,40
Semantic_and_Neologism,Semantic,Neologism,1,3,1019,24499.23502241208,85.98563859464149,1.5190647045691692,0.002056962025316456,20.0,1.4,0.7,20,3,7,10.736222569744022,1.0399176858536856,0.01787974683544303,0.01719242509379985,40
Semantic_and_Neologism,Semantic,Neologism,1,3,1019,24499.23502241208,85.98563859464149,1.5190647045691692,0.002056962025316456,20.0,1.4,0.8,20,3,8,2.6905710097468094,0.5953671816449991,0.005063291139240508,0.008503484787439305,40
Semantic_and_Neologism,Semantic,Neologism,1,3,1019,24499.23502241208,85.98563859464149,1.5190647045691692,0.002056962025316456,20.0,1.5,0.4,20,4,4,9.859958986676501,1.0055657663464366,0.017563291139240506,0.017465079024402284,40
Semantic_and_Neologism,Semantic,Neologism,1,3,1019,24499.23502241208,85.98563859464149,1.5190647045691692,0.002056962025316456,20.0,1.5,0.5,20,4,5,39.59940822307866,2.0094093944985474,0.0420886075949367,0.020944760336429603,40
Semantic_and_Neologism,Semantic,Neologism,1,3,1019,24499.23502241208,85.98563859464149,1.5190647045691692,0.002056962025316456,20.0,1.5,0.6,20,4,6,15.449353639326397,1.2015191911133674,0.013765822784810125,0.011456014491840335,40
Semantic_and_Neologism,Semantic,Neologism,1,3,1019,24499.23502241208,85.98563859464149,1.5190647045691692,0.002056962025316456,20.0,1.6,0.3,20,5,3,4.61098202457075,0.7420819630536026,0.006012658227848103,0.008101417963517855,40
Semantic_and_Neologism,Semantic,Neologism,1,3,1019,24499.23502241208,85.98563859464149,1.5190647045691692,0.002056962025316456,20.0,1.6,0.4,20,5,4,47.12783549281488,1.9249307122761143,0.04746835443037976,0.0246587730129472,40
Semantic_and_Neologism,Semantic,Neologism,1,3,1019,24499.23502241208,85.98563859464149,1.5190647045691692,0.002056962025316456,20.0,1.6,0.5,20,5,5,9.794076326521507,1.0029029963447642,0.012816455696202527,0.012778357268762874,40
Semantic_and_Neologism,Semantic,Neologism,1,3,1019,24499.23502241208,85.98563859464149,1.5190647045691692,0.002056962025316456,20.0,1.6,0.6,20,5,6,3.9838355354870174,0.6995043207479951,0.0030063291139240515,0.004296799205456399,40
Semantic_and_Neologism,Semantic,Neologism,1,3,1019,24499.23502241208,85.98563859464149,1.5190647045691692,0.002056962025316456,20.0,1.7,0.3,20,6,3,11.870641531871767,1.082100026139582,0.01787974683544304,0.016522192314512244,40
Semantic_and_Neologism,Semantic,Neologism,1,3,1019,24499.23502241208,85.98563859464149,1.5190647045691692,0.002056962025316456,20.0,1.7,0.4,20,6,4,15.57516199615867,1.205418702382427,0.017721518987341773,0.014700546402354976,40
Semantic_and_Neologism,Semantic,Neologism,1,3,1019,24499.23502241208,85.98563859464149,1.5190647045691692,0.002056962025316456,20.0,1.7,0.5,20,6,5,2.3422431210819163,0.5616921733982788,0.002373417721518988,0.00422447764402633,40
Semantic_and_Neologism,Semantic,Neologism,1,3,1019,24499.23502241208,85.98563859464149,1.5190647045691692,0.002056962025316456,20.0,1.8,0.2,20,7,2,1.6268510627485397,0.4798915593228127,0.007436708860759492,0.015495644432032985,40
Semantic_and_Neologism,Semantic,Neologism,1,3,1019,24499.23502241208,85.98563859464149,1.5190647045691692,0.002056962025316456,20.0,1.8,0.3,20,7,3,50.52320314797297,2.038281416233007,0.04161392405063292,0.02041518184771587,40
Semantic_and_Neologism,Semantic,Neologism,1,3,1019,24499.23502241208,85.98563859464149,1.5190647045691692,0.002056962025316456,20.0,1.8,0.4,20,7,4,5.16271035831931,0.776635191158752,0.004588607594936711,0.005907317891300335,40
Semantic_and_Neologism,Semantic,Neologism,1,3,1019,24499.23502241208,85.98563859464149,1.5190647045691692,0.002056962025316456,20.0,1.9,0.2,20,8,2,11.837537913102421,1.0809021468420335,0.018037974683544306,0.016686888664338487,40
Semantic_and_Neologism,Semantic,Neologism,1,3,1019,24499.23502241208,85.98563859464149,1.5190647045691692,0.002056962025316456,20.0,1.9,0.3,20,8,3,13.115257142186085,1.1254903674029246,0.018670886075949373,0.016588112280927422,40
Semantic_and_Neologism,Semantic,Neologism,1,3,1019,24499.23502241208,85.98563859464149,1.5190647045691692,0.002056962025316456,20.0,2.0,0.2,20,9,2,20.391517509991147,2.14321917421638,0.03939873417721519,0.018381970183915256,40
Semantic_and_Neologism,Semantic,Neologism,1,3,1019,24499.23502241208,85.98563859464149,1.5190647045691692,0.002056962025316456,20.0,2.0,0.3,20,9,3,4.041950668862893,0.7036337546175487,0.005063291139240507,0.007194918481757026,40
Semantic_and_Neologism,Semantic,Neologism,1,3,1019,24499.23502241208,85.98563859464149,1.5190647045691692,0.002056962025316456,21.0,1.1,0.9,21,0,9,3.1798235892250175,0.6380086134903841,0.010601265822784808,0.0166151797797493,40
Semantic_and_Neologism,Semantic,Neologism,1,3,1019,24499.23502241208,85.98563859464149,1.5190647045691692,0.002056962025316456,21.0,1.1,1.0,21,0,10,29.80734391592405,1.5731599728273216,0.024261603375527428,0.01542120994341973,30
Semantic_and_Neologism,Semantic,Neologism,1,3,1019,24499.23502241208,85.98563859464149,1.5190647045691692,0.002056962025316456,21.0,1.2,0.7,21,1,7,4.676660488473363,0.7463320091011196,0.0063291139240506345,0.008479292747558025,40
Semantic_and_Neologism,Semantic,Neologism,1,3,1019,24499.23502241208,85.98563859464149,1.5190647045691692,0.002056962025316456,21.0,1.2,0.8,21,1,8,10.100771666124832,1.0152186506595355,0.01962025316455696,0.019325135460386476,40
Semantic_and_Neologism,Semantic,Neologism,1,3,1019,24499.23502241208,85.98563859464149,1.5190647045691692,0.002056962025316456,21.0,1.2,0.9,21,1,9,48.28293918992868,2.3599768599590583,0.03955696202531647,0.01676058893608928,40
Semantic_and_Neologism,Semantic,Neologism,1,3,1019,24499.23502241208,85.98563859464149,1.5190647045691692,0.002056962025316456,21.0,1.2,1.0,21,1,10,45.087415045741395,1.946533601230454,0.03481012658227848,0.01788213675154341,30
Semantic_and_Neologism,Semantic,Neologism,1,3,1019,24499.23502241208,85.98563859464149,1.5190647045691692,0.002056962025316456,21.0,1.3,0.6,21,2,6,5.307564712427306,0.7853266707626919,0.00981012658227848,0.012490778195627944,40
Semantic_and_Neologism,Semantic,Neologism,1,3,1019,24499.23502241208,85.98563859464149,1.5190647045691692,0.002056962025316456,21.0,1.3,0.7,21,2,7,41.60607724018418,2.3168730131955653,0.03829113924050634,0.01652607723833901,40
Semantic_and_Neologism,Semantic,Neologism,1,3,1019,24499.23502241208,85.98563859464149,1.5190647045691692,0.002056962025316456,21.0,1.3,0.8,21,2,8,38.27240575501272,1.7532723802351071,0.037341772151898725,0.02129732909755376,40
Semantic_and_Neologism,Semantic,Neologism,1,3,1019,24499.23502241208,85.98563859464149,1.5190647045691692,0.002056962025316456,21.0,1.3,0.9,21,2,9,12.747160817125819,1.1128970419948858,0.016772151898734176,0.015069712982280756,40
Semantic_and_Neologism,Semantic,Neologism,1,3,1019,24499.23502241208,85.98563859464149,1.5190647045691692,0.002056962025316456,21.0,1.3,1.0,21,2,10,9.832004986957847,1.0044367150940745,0.007420340462680055,0.007386563946211458,29
Semantic_and_Neologism,Semantic,Neologism,1,3,1019,24499.23502241208,85.98563859464149,1.5190647045691692,0.002056962025316456,21.0,1.4,0.5,21,3,5,9.876599535872339,1.0062378383039159,0.013924050632911392,0.013836733091394528,40
Semantic_and_Neologism,Semantic,Neologism,1,3,1019,24499.23502241208,85.98563859464149,1.5190647045691692,0.002056962025316456,21.0,1.4,0.6,21,3,6,42.146618050407454,1.902820087659596,0.034493670886075946,0.0181266575277813,40
Semantic_and_Neologism,Semantic,Neologism,1,3,1019,24499.23502241208,85.98563859464149,1.5190647045691692,0.002056962025316456,21.0,1.4,0.7,21,3,7,38.22396734930421,1.7522985999390694,0.023892405063291145,0.013633893655751324,40
Semantic_and_Neologism,Semantic,Neologism,1,3,1019,24499.23502241208,85.98563859464149,1.5190647045691692,0.002056962025316456,21.0,1.4,0.8,21,3,8,15.411499498490063,1.2003394451628353,0.01281645569620253,0.010676359431826286,40
Semantic_and_Neologism,Semantic,Neologism,1,3,1019,24499.23502241208,85.98563859464149,1.5190647045691692,0.002056962025316456,21.0,1.4,0.9,21,3,9,2.709415504857282,0.5970995396632934,0.002373417721518988,0.003973911323591652,40
Semantic_and_Neologism,Semantic,Neologism,1,3,1019,24499.23502241208,85.98563859464149,1.5190647045691692,0.002056962025316456,21.0,1.4,1.0,21,3,10,2.047445381741495,0.5304077033447716,0.002618943692710607,0.004936604933328544,29
Semantic_and_Neologism,Semantic,Neologism,1,3,1019,24499.23502241208,85.98563859464149,1.5190647045691692,0.002056962025316456,21.0,1.5,0.4,21,4,4,6.446368673126936,0.8491205011147546,0.011708860759493669,0.013788398258694585,40
Semantic_and_Neologism,Semantic,Neologism,1,3,1019,24499.23502241208,85.98563859464149,1.5190647045691692,0.002056962025316456,21.0,1.5,0.5,21,4,5,39.641156235920995,2.01964435120617,0.03322784810126582,0.016451326411539496,40
Semantic_and_Neologism,Semantic,Neologism,1,3,1019,24499.23502241208,85.98563859464149,1.5190647045691692,0.002056962025316456,21.0,1.5,0.6,21,4,6,21.294445310806704,1.3671875132758604,0.020411392405063292,0.014928475442733102,40
Semantic_and_Neologism,Semantic,Neologism,1,3,1019,24499.23502241208,85.98563859464149,1.5190647045691692,0.002056962025316456,21.0,1.5,0.7,21,4,7,7.5785162221918485,0.9058740315289582,0.0055379746835443056,0.0061124048342208965,40
Semantic_and_Neologism,Semantic,Neologism,1,3,1019,24499.23502241208,85.98563859464149,1.5190647045691692,0.002056962025316456,21.0,1.5,0.8,21,4,8,4.484694180668638,0.733806197869167,0.0034810126582278493,0.0047427765834304,40
Semantic_and_Neologism,Semantic,Neologism,1,3,1019,24499.23502241208,85.98563859464149,1.5190647045691692,0.002056962025316456,21.0,1.5,0.9,21,4,9,2.9448817986040687,0.6181252694315805,0.002056962025316456,0.003326742978713699,40
Semantic_and_Neologism,Semantic,Neologism,1,3,1019,24499.23502241208,85.98563859464149,1.5190647045691692,0.002056962025316456,21.0,1.6,0.3,21,5,3,1.54539165374396,0.4690983503213075,0.0030063291139240515,0.00640773947193563,40
Semantic_and_Neologism,Semantic,Neologism,1,3,1019,24499.23502241208,85.98563859464149,1.5190647045691692,0.002056962025316456,21.0,1.6,0.4,21,5,4,52.8659725354289,2.0312372147574287,0.03417721518987342,0.016824811845887667,40
Semantic_and_Neologism,Semantic,Neologism,1,3,1019,24499.23502241208,85.98563859464149,1.5190647045691692,0.002056962025316456,21.0,1.6,0.5,21,5,5,23.974320510068562,1.4349142087808326,0.020411392405063292,0.014223817260960657,40
Semantic_and_Neologism,Semantic,Neologism,1,3,1019,24499.23502241208,85.98563859464149,1.5190647045691692,0.002056962025316456,21.0,1.6,0.6,21,5,6,7.93331049111712,0.9224923116384545,0.005379746835443041,0.005830752490042957,40
Semantic_and_Neologism,Semantic,Neologism,1,3,1019,24499.23502241208,85.98563859464149,1.5190647045691692,0.002056962025316456,21.0,1.6,0.7,21,5,7,2.94488179860407,0.6181252694315806,0.0020569620253164562,0.003326742978713699,40
Semantic_and_Neologism,Semantic,Neologism,1,3,1019,24499.23502241208,85.98563859464149,1.5190647045691692,0.002056962025316456,21.0,1.7,0.3,21,6,3,8.28151060712459,0.9384493026195815,0.01756329113924051,0.018714226374205244,40
Semantic_and_Neologism,Semantic,Neologism,1,3,1019,24499.23502241208,85.98563859464149,1.5190647045691692,0.002056962025316456,21.0,1.7,0.4,21,6,4,28.22606498022906,1.5369968028994219,0.027373417721518984,0.017808677723389673,40
Semantic_and_Neologism,Semantic,Neologism,1,3,1019,24499.23502241208,85.98563859464149,1.5190647045691692,0.002056962025316456,21.0,1.7,0.5,21,6,5,3.6733520961757793,0.6768483292496308,0.004272151898734177,0.0063108304561235755,40
Semantic_and_Neologism,Semantic,Neologism,1,3,1019,24499.23502241208,85.98563859464149,1.5190647045691692,0.002056962025316456,21.0,1.8,0.3,21,7,3,50.40086615571216,2.0084959544757957,0.0379746835443038,0.018906025159637397,40
Semantic_and_Neologism,Semantic,Neologism,1,3,1019,24499.23502241208,85.98563859464149,1.5190647045691692,0.002056962025316456,21.0,1.8,0.4,21,7,4,7.435690905718597,0.8990471756560334,0.009810126582278481,0.010910692787555944,40
Semantic_and_Neologism,Semantic,Neologism,1,3,1019,24499.23502241208,85.98563859464149,1.5190647045691692,0.002056962025316456,21.0,1.9,0.2,21,8,2,4.474054656814152,0.7331034557240703,0.012341772151898736,0.016833966546036857,40
Semantic_and_Neologism,Semantic,Neologism,1,3,1019,24499.23502241208,85.98563859464149,1.5190647045691692,0.002056962025316456,21.0,1.9,0.3,21,8,3,25.527485388518,1.4730096982890886,0.02816455696202532,0.019119415157305926,40
Semantic_and_Neologism,Semantic,Neologism,1,3,1019,24499.23502241208,85.98563859464149,1.5190647045691692,0.002056962025316456,21.0,1.9,0.4,21,8,4,2.342243121081914,0.5616921733982786,0.002373417721518987,0.00422447764402633,40
Semantic_and_Neologism,Semantic,Neologism,1,3,1019,24499.23502241208,85.98563859464149,1.5190647045691692,0.002056962025316456,21.0,2.0,0.2,21,9,2,18.14132893926599,1.4607907002000635,0.027056962025316454,0.01852113463681748,40
Semantic_and_Neologism,Semantic,Neologism,1,3,1019,24499.23502241208,85.98563859464149,1.5190647045691692,0.002056962025316456,21.0,2.0,0.3,21,9,3,12.665623979341499,1.1100851575934156,0.010601265822784811,0.009548957271537248,40
Semantic_and_Neologism,Semantic,Neologism,1,3,1019,24499.23502241208,85.98563859464149,1.5190647045691692,0.002056962025316456,22.0,1.1,0.9,22,0,9,4.343943594968746,0.7244503566864492,0.004430379746835444,0.006114504956198076,40
Semantic_and_Neologism,Semantic,Neologism,1,3,1019,24499.23502241208,85.98563859464149,1.5190647045691692,0.002056962025316456,22.0,1.1,1.0,22,0,10,17.79836672561055,1.271708204326341,0.016455696202531647,0.012938836470779619,30
Semantic_and_Neologism,Semantic,Neologism,1,3,1019,24499.23502241208,85.98563859464149,1.5190647045691692,0.002056962025316456,22.0,1.2,0.7,22,1,7,3.5521801813522256,0.6676459922267942,0.00458860759493671,0.006871815306855006,40
Semantic_and_Neologism,Semantic,Neologism,1,3,1019,24499.23502241208,85.98563859464149,1.5190647045691692,0.002056962025316456,22.0,1.2,0.8,22,1,8,16.740628894693224,1.2407538093655697,0.013449367088607597,0.010838674226335535,40
Semantic_and_Neologism,Semantic,Neologism,1,3,1019,24499.23502241208,85.98563859464149,1.5190647045691692,0.002056962025316456,22.0,1.2,0.9,22,1,9,47.61973789343585,2.23475934404541,0.0305379746835443,0.013663994740894022,40
Semantic_and_Neologism,Semantic,Neologism,1,3,1019,24499.23502241208,85.98563859464149,1.5190647045691692,0.002056962025316456,22.0,1.2,1.0,22,1,10,48.47316703653589,2.3492439143100987,0.031223628691983123,0.013289926711265974,30
Semantic_and_Neologism,Semantic,Neologism,1,3,1019,24499.23502241208,85.98563859464149,1.5190647045691692,0.002056962025316456,22.0,1.3,0.6,22,2,6,8.07328665533467,0.9289498051823714,0.010601265822784811,0.011411097579054416,40
Semantic_and_Neologism,Semantic,Neologism,1,3,1019,24499.23502241208,85.98563859464149,1.5190647045691692,0.002056962025316456,22.0,1.3,0.7,22,2,7,27.667149778479594,1.5239900077094197,0.028481012658227844,0.018687451048990302,40
Semantic_and_Neologism,Semantic,Neologism,1,3,1019,24499.23502241208,85.98563859464149,1.5190647045691692,0.002056962025316456,22.0,1.3,0.8,22,2,8,50.70838620188746,1.9915872569817052,0.03370253164556962,0.0169214479256041,40
Semantic_and_Neologism,Semantic,Neologism,1,3,1019,24499.23502241208,85.98563859464149,1.5190647045691692,0.002056962025316456,22.0,1.3,0.9,22,2,9,28.426969855772704,1.5416501116466794,0.020727848101265826,0.0134442350404761,40
Semantic_and_Neologism,Semantic,Neologism,1,3,1019,24499.23502241208,85.98563859464149,1.5190647045691692,0.002056962025316456,22.0,1.3,1.0,22,2,10,7.289359319351992,0.8919494612461448,0.01527717154081187,0.017126844350584723,29
Semantic_and_Neologism,Semantic,Neologism,1,3,1019,24499.23502241208,85.98563859464149,1.5190647045691692,0.002056962025316456,22.0,1.4,0.5,22,3,5,6.415607347867118,0.8474858797016561,0.01550632911392405,0.01829585837288853,40
Semantic_and_Neologism,Semantic,Neologism,1,3,1019,24499.23502241208,85.98563859464149,1.5190647045691692,0.002056962025316456,22.0,1.4,0.6,22,3,6,42.72699071697591,2.050776164632057,0.03560126582278482,0.01735889838226556,40
Semantic_and_Neologism,Semantic,Neologism,1,3,1019,24499.23502241208,85.98563859464149,1.5190647045691692,0.002056962025316456,22.0,1.4,0.7,22,3,7,32.186702567735885,1.6260504235880728,0.024208860759493668,0.01488713655979619,40
Semantic_and_Neologism,Semantic,Neologism,1,3,1019,24499.23502241208,85.98563859464149,1.5190647045691692,0.002056962025316456,22.0,1.4,0.8,22,3,8,9.340168605371924,0.9843509310563394,0.012500000000000002,0.012697723194771443,40
Semantic_and_Neologism,Semantic,Neologism,1,3,1019,24499.23502241208,85.98563859464149,1.5190647045691692,0.002056962025316456,22.0,1.4,0.9,22,3,9,3.9105415611580914,0.6942635182564947,0.0047468354430379766,0.006836224365409137,40
Semantic_and_Neologism,Semantic,Neologism,1,3,1019,24499.23502241208,85.98563859464149,1.5190647045691692,0.002056962025316456,22.0,1.4,1.0,22,3,10,4.76484686618516,0.751979311963723,0.003273679615888259,0.00435241712704749,29
Semantic_and_Neologism,Semantic,Neologism,1,3,1019,24499.23502241208,85.98563859464149,1.5190647045691692,0.002056962025316456,22.0,1.5,0.4,22,4,4,4.545565520119863,0.7378092152318909,0.00680379746835443,0.009220621698254366,40
Semantic_and_Neologism,Semantic,Neologism,1,3,1019,24499.23502241208,85.98563859464149,1.5190647045691692,0.002056962025316456,22.0,1.5,0.5,22,4,5,38.94537928319297,1.8880925136118258,0.03322784810126582,0.017597633468284146,40
Semantic_and_Neologism,Semantic,Neologism,1,3,1019,24499.23502241208,85.98563859464149,1.5190647045691692,0.002056962025316456,22.0,1.5,0.6,22,4,6,38.15569764814815,1.750927611162202,0.025158227848101268,0.014367513973802808,40
Semantic_and_Neologism,Semantic,Neologism,1,3,1019,24499.23502241208,85.98563859464149,1.5190647045691692,0.002056962025316456,22.0,1.5,0.7,22,4,7,9.224261864244848,0.9794937775980305,0.007911392405063293,0.008076021606471103,40
Semantic_and_Neologism,Semantic,Neologism,1,3,1019,24499.23502241208,85.98563859464149,1.5190647045691692,0.002056962025316456,22.0,1.5,0.8,22,4,8,2.0298675680893594,0.5284436424261231,0.002215189873417722,0.004190913187275042,40
Semantic_and_Neologism,Semantic,Neologism,1,3,1019,24499.23502241208,85.98563859464149,1.5190647045691692,0.002056962025316456,22.0,1.6,0.4,22,5,4,54.49405379591843,2.06086228203461,0.028006329113924054,0.013588617005496595,40
Semantic_and_Neologism,Semantic,Neologism,1,3,1019,24499.23502241208,85.98563859464149,1.5190647045691692,0.002056962025316456,22.0,1.6,0.5,22,5,5,27.126505898454777,1.511339891724758,0.024208860759493668,0.01601714449022863,40
Semantic_and_Neologism,Semantic,Neologism,1,3,1019,24499.23502241208,85.98563859464149,1.5190647045691692,0.002056962025316456,22.0,1.6,0.6,22,5,6,13.318230651159732,1.1323526623009321,0.008860759493670886,0.00782408823325932,40
Semantic_and_Neologism,Semantic,Neologism,1,3,1019,24499.23502241208,85.98563859464149,1.5190647045691692,0.002056962025316456,22.0,1.6,0.7,22,5,7,3.6778101355344264,0.6771839506186652,0.0025316455696202536,0.003737490209798061,40
Semantic_and_Neologism,Semantic,Neologism,1,3,1019,24499.23502241208,85.98563859464149,1.5190647045691692,0.002056962025316456,22.0,1.7,0.3,22,6,3,10.140716985896503,1.0168092504436894,0.011075949367088606,0.010891848744497126,40
Semantic_and_Neologism,Semantic,Neologism,1,3,1019,24499.23502241208,85.98563859464149,1.5190647045691692,0.002056962025316456,22.0,1.7,0.4,22,6,4,55.70502484158742,2.082990603471576,0.028322784810126587,0.013596173584423747,40
Semantic_and_Neologism,Semantic,Neologism,1,3,1019,24499.23502241208,85.98563859464149,1.5190647045691692,0.002056962025316456,22.0,1.7,0.5,22,6,5,8.360543906508147,0.942010335793054,0.006803797468354432,0.007221635686503898,40
Semantic_and_Neologism,Semantic,Neologism,1,3,1019,24499.23502241208,85.98563859464149,1.5190647045691692,0.002056962025316456,22.0,1.7,0.6,22,6,6,2.3422431210819163,0.5616921733982788,0.0023734177215189883,0.0042244776440263304,40
Semantic_and_Neologism,Semantic,Neologism,1,3,1019,24499.23502241208,85.98563859464149,1.5190647045691692,0.002056962025316456,22.0,1.8,0.3,22,7,3,50.258404805942774,1.983274924123768,0.034335443037974686,0.01731149793981258,40
Semantic_and_Neologism,Semantic,Neologism,1,3,1019,24499.23502241208,85.98563859464149,1.5190647045691692,0.002056962025316456,22.0,1.8,0.4,22,7,4,9.819049903455534,1.003912924346698,0.009651898734177216,0.009613278788629248,40
Semantic_and_Neologism,Semantic,Neologism,1,3,1019,24499.23502241208,85.98563859464149,1.5190647045691692,0.002056962025316456,22.0,1.8,0.5,22,7,5,3.206164939765094,0.6401761921450592,0.0023734177215189883,0.003706444529554122,40
Semantic_and_Neologism,Semantic,Neologism,1,3,1019,24499.23502241208,85.98563859464149,1.5190647045691692,0.002056962025316456,22.0,1.9,0.2,22,8,2,4.18652148784162,0.7137424684584146,0.00981012658227848,0.013743630613710015,40
Semantic_and_Neologism,Semantic,Neologism,1,3,1019,24499.23502241208,85.98563859464149,1.5190647045691692,0.002056962025316456,22.0,1.9,0.3,22,8,3,47.13728189516458,1.9251100532941847,0.02753164556962025,0.014300335927527368,40
Semantic_and_Neologism,Semantic,Neologism,1,3,1019,24499.23502241208,85.98563859464149,1.5190647045691692,0.002056962025316456,22.0,2.0,0.2,22,9,2,17.45166692782507,1.2616288029688083,0.01930379746835443,0.015299694961092835,40
Semantic_and_Neologism,Semantic,Neologism,1,3,1019,24499.23502241208,85.98563859464149,1.5190647045691692,0.002056962025316456,22.0,2.0,0.3,22,9,3,26.079563403822643,1.4863976877872669,0.009968354430379744,0.006705384510876886,40
Semantic_and_Neologism,Semantic,Neologism,1,3,1019,24499.23502241208,85.98563859464149,1.5190647045691692,0.002056962025316456,23.0,1.1,0.9,23,0,9,3.1109240058546757,0.6322975714953677,0.002531645569620254,0.004002883114137188,40
Semantic_and_Neologism,Semantic,Neologism,1,3,1019,24499.23502241208,85.98563859464149,1.5190647045691692,0.002056962025316456,23.0,1.1,1.0,23,0,10,6.090797294004253,0.8300013232252735,0.01118143459915612,0.013470586473749907,30
Semantic_and_Neologism,Semantic,Neologism,1,3,1019,24499.23502241208,85.98563859464149,1.5190647045691692,0.002056962025316456,23.0,1.2,0.8,23,1,8,7.580070230845591,0.9059481267468696,0.01107594936708861,0.012224809668441793,40
Semantic_and_Neologism,Semantic,Neologism,1,3,1019,24499.23502241208,85.98563859464149,1.5190647045691692,0.002056962025316456,23.0,1.2,0.9,23,1,9,35.82627333640292,1.7037006133744885,0.021835443037974685,0.012815478943871262,40
Semantic_and_Neologism,Semantic,Neologism,1,3,1019,24499.23502241208,85.98563859464149,1.5190647045691692,0.002056962025316456,23.0,1.2,1.0,23,1,10,52.492758187107846,2.9224757435896365,0.036075949367088606,0.012343310965187693,30
Semantic_and_Neologism,Semantic,Neologism,1,3,1019,24499.23502241208,85.98563859464149,1.5190647045691692,0.002056962025316456,23.0,1.3,0.6,23,2,6,5.31707600942676,0.785894399842839,0.005063291139240507,0.0064417118201288235,40
Semantic_and_Neologism,Semantic,Neologism,1,3,1019,24499.23502241208,85.98563859464149,1.5190647045691692,0.002056962025316456,23.0,1.3,0.7,23,2,7,21.550128907154544,1.3737747252439927,0.018512658227848106,0.013474759808115643,40
Semantic_and_Neologism,Semantic,Neologism,1,3,1019,24499.23502241208,85.98563859464149,1.5190647045691692,0.002056962025316456,23.0,1.3,0.8,23,2,8,66.85889284673476,2.8302548393139064,0.035917721518987346,0.01268963160676171,40
Semantic_and_Neologism,Semantic,Neologism,1,3,1019,24499.23502241208,85.98563859464149,1.5190647045691692,0.002056962025316456,23.0,1.3,0.9,23,2,9,61.79583871898166,2.242988444278521,0.032278481012658226,0.014389836963514055,40
Semantic_and_Neologism,Semantic,Neologism,1,3,1019,24499.23502241208,85.98563859464149,1.5190647045691692,0.002056962025316456,23.0,1.3,1.0,23,2,10,17.526672819805086,1.2638232729649506,0.01789611523352248,0.014159298845848831,29
Semantic_and_Neologism,Semantic,Neologism,1,3,1019,24499.23502241208,85.98563859464149,1.5190647045691692,0.002056962025316456,23.0,1.4,0.5,23,3,5,7.214061038254188,0.8882618423882584,0.00617088607594937,0.006946147543068816,40
Semantic_and_Neologism,Semantic,Neologism,1,3,1019,24499.23502241208,85.98563859464149,1.5190647045691692,0.002056962025316456,23.0,1.4,0.6,23,3,6,41.646115651563385,1.8197185280730368,0.02610759493670886,0.014346051224650167,40
Semantic_and_Neologism,Semantic,Neologism,1,3,1019,24499.23502241208,85.98563859464149,1.5190647045691692,0.002056962025316456,23.0,1.4,0.7,23,3,7,69.13075686072858,2.782343775447736,0.03560126582278481,0.012794423102256963,40
Semantic_and_Neologism,Semantic,Neologism,1,3,1019,24499.23502241208,85.98563859464149,1.5190647045691692,0.002056962025316456,23.0,1.4,0.8,23,3,8,16.81976440890272,1.243109455909349,0.02025316455696203,0.016291342126982376,40
Semantic_and_Neologism,Semantic,Neologism,1,3,1019,24499.23502241208,85.98563859464149,1.5190647045691692,0.002056962025316456,23.0,1.4,0.9,23,3,9,8.144039557091668,0.9321926990045672,0.008386075949367086,0.008995075552106421,40
Semantic_and_Neologism,Semantic,Neologism,1,3,1019,24499.23502241208,85.98563859464149,1.5190647045691692,0.002056962025316456,23.0,1.4,1.0,23,3,10,4.0167692106888575,0.7018473578328082,0.003055434308162375,0.00435241712704749,29
Semantic_and_Neologism,Semantic,Neologism,1,3,1019,24499.23502241208,85.98563859464149,1.5190647045691692,0.002056962025316456,23.0,1.5,0.4,23,4,4,4.067429222894527,0.7054352971352886,0.004113924050632913,0.005830752490042957,40
Semantic_and_Neologism,Semantic,Neologism,1,3,1019,24499.23502241208,85.98563859464149,1.5190647045691692,0.002056962025316456,23.0,1.5,0.5,23,4,5,29.169136754034664,1.558686279376079,0.026424050632911394,0.016951770408352208,40
Semantic_and_Neologism,Semantic,Neologism,1,3,1019,24499.23502241208,85.98563859464149,1.5190647045691692,0.002056962025316456,23.0,1.5,0.6,23,4,6,56.236486921685405,2.0926907025748895,0.03227848101265824,0.015423391656608469,40
Semantic_and_Neologism,Semantic,Neologism,1,3,1019,24499.23502241208,85.98563859464149,1.5190647045691692,0.002056962025316456,23.0,1.5,0.7,23,4,7,23.035339704311415,1.4115001975009343,0.013449367088607594,0.009527420266904492,40
Semantic_and_Neologism,Semantic,Neologism,1,3,1019,24499.23502241208,85.98563859464149,1.5190647045691692,0.002056962025316456,23.0,1.5,0.8,23,4,8,2.991252990141191,0.6221316527869035,0.0056962025316455705,0.009154943932652902,40
Semantic_and_Neologism,Semantic,Neologism,1,3,1019,24499.23502241208,85.98563859464149,1.5190647045691692,0.002056962025316456,23.0,1.5,0.9,23,4,9,3.2061649397650926,0.640176192145059,0.0023734177215189874,0.0037064445295541216,40
Semantic_and_Neologism,Semantic,Neologism,1,3,1019,24499.23502241208,85.98563859464149,1.5190647045691692,0.002056962025316456,23.0,1.6,0.4,23,5,4,25.371444160273462,1.4692192655801772,0.019620253164556962,0.013353203572064622,40
Semantic_and_Neologism,Semantic,Neologism,1,3,1019,24499.23502241208,85.98563859464149,1.5190647045691692,0.002056962025316456,23.0,1.6,0.5,23,5,5,61.46733241207253,2.7446723138924463,0.03370253164556962,0.012278255150052242,40
Semantic_and_Neologism,Semantic,Neologism,1,3,1019,24499.23502241208,85.98563859464149,1.5190647045691692,0.002056962025316456,23.0,1.6,0.6,23,5,6,10.817694125411714,1.0430331377352442,0.009335443037974681,0.008949284224185715,40
Semantic_and_Neologism,Semantic,Neologism,1,3,1019,24499.23502241208,85.98563859464149,1.5190647045691692,0.002056962025316456,23.0,1.6,0.7,23,5,7,7.17890532159712,0.8865313998646585,0.003955696202531648,0.004460992212724265,40
Semantic_and_Neologism,Semantic,Neologism,1,3,1019,24499.23502241208,85.98563859464149,1.5190647045691692,0.002056962025316456,23.0,1.7,0.3,23,6,3,8.794214340558288,0.9611269931108685,0.006803797468354434,0.007077978654353117,40
Semantic_and_Neologism,Semantic,Neologism,1,3,1019,24499.23502241208,85.98563859464149,1.5190647045691692,0.002056962025316456,23.0,1.7,0.4,23,6,4,66.22164505514483,2.6311114627390375,0.034335443037974686,0.013048786572793398,40
Semantic_and_Neologism,Semantic,Neologism,1,3,1019,24499.23502241208,85.98563859464149,1.5190647045691692,0.002056962025316456,23.0,1.7,0.5,23,6,5,19.007153411481458,1.3059462024820032,0.011867088607594936,0.009085965898779795,40
Semantic_and_Neologism,Semantic,Neologism,1,3,1019,24499.23502241208,85.98563859464149,1.5190647045691692,0.002056962025316456,23.0,1.7,0.6,23,6,6,4.51512121555622,0.7358089453262455,0.003164556962025318,0.00429978620561239,40
Semantic_and_Neologism,Semantic,Neologism,1,3,1019,24499.23502241208,85.98563859464149,1.5190647045691692,0.002056962025316456,23.0,1.8,0.3,23,7,3,53.263194259132696,2.0384659847950877,0.026898734177215188,0.013194576662967533,40
Semantic_and_Neologism,Semantic,Neologism,1,3,1019,24499.23502241208,85.98563859464149,1.5190647045691692,0.002056962025316456,23.0,1.8,0.4,23,7,4,37.29396649618239,1.733700580389604,0.016772151898734176,0.00967319177708591,40
Semantic_and_Neologism,Semantic,Neologism,1,3,1019,24499.23502241208,85.98563859464149,1.5190647045691692,0.002056962025316456,23.0,1.8,0.5,23,7,5,3.0815640226678878,0.6298283838981339,0.0028481012658227852,0.004521027489766842,40
Semantic_and_Neologism,Semantic,Neologism,1,3,1019,24499.23502241208,85.98563859464149,1.5190647045691692,0.002056962025316456,23.0,1.9,0.3,23,8,3,59.72424244887115,2.2650092927136187,0.03322784810126583,0.014669071424500362,40
Semantic_and_Neologism,Semantic,Neologism,1,3,1019,24499.23502241208,85.98563859464149,1.5190647045691692,0.002056962025316456,23.0,1.9,0.4,23,8,4,8.038272913857163,0.9273392137131754,0.0047468354430379766,0.005117769240902785,40
Semantic_and_Neologism,Semantic,Neologism,1,3,1019,24499.23502241208,85.98563859464149,1.5190647045691692,0.002056962025316456,23.0,2.0,0.2,23,9,2,16.759161019612574,1.2413062405300863,0.013291139240506327,0.010706381310538237,40
Semantic_and_Neologism,Semantic,Neologism,1,3,1019,24499.23502241208,85.98563859464149,1.5190647045691692,0.002056962025316456,23.0,2.0,0.3,23,9,3,24.390704749261346,1.4452022601599186,0.014873417721518992,0.01029058210690397,40
Semantic_and_Neologism,Semantic,Neologism,1,3,1019,24499.23502241208,85.98563859464149,1.5190647045691692,0.002056962025316456,23.0,2.0,0.4,23,9,4,2.782380506800433,0.6037349530010888,0.002215189873417722,0.003668142994630836,40
Semantic_and_Neologism,Semantic,Neologism,1,3,1019,24499.23502241208,85.98563859464149,1.5190647045691692,0.002056962025316456,24.0,1.1,1.0,24,0,10,3.5604560750324037,0.6682831010180192,0.006751054852320676,0.010101088234816287,30
Semantic_and_Neologism,Semantic,Neologism,1,3,1019,24499.23502241208,85.98563859464149,1.5190647045691692,0.002056962025316456,24.0,1.2,0.7,24,1,7,1.839936309336131,0.5064281429332868,0.0023734177215189883,0.0046855833872736525,40
Semantic_and_Neologism,Semantic,Neologism,1,3,1019,24499.23502241208,85.98563859464149,1.5190647045691692,0.002056962025316456,24.0,1.2,0.8,24,1,8,6.493525479181271,0.8516173994960554,0.007278481012658228,0.008545656065229843,40
Semantic_and_Neologism,Semantic,Neologism,1,3,1019,24499.23502241208,85.98563859464149,1.5190647045691692,0.002056962025316456,24.0,1.2,0.9,24,1,9,33.427076349503274,1.6529338470980437,0.017246835443037973,0.01043307482599331,40
Semantic_and_Neologism,Semantic,Neologism,1,3,1019,24499.23502241208,85.98563859464149,1.5190647045691692,0.002056962025316456,24.0,1.2,1.0,24,1,10,44.4990984783774,1.8747348949193485,0.02531645569620254,0.013503019029470117,30
Semantic_and_Neologism,Semantic,Neologism,1,3,1019,24499.23502241208,85.98563859464149,1.5190647045691692,0.002056962025316456,24.0,1.3,0.6,24,2,6,4.808267703184472,0.7547419149582345,0.004588607594936711,0.00607870420615984,40
Semantic_and_Neologism,Semantic,Neologism,1,3,1019,24499.23502241208,85.98563859464149,1.5190647045691692,0.002056962025316456,24.0,1.3,0.7,24,2,7,19.859384168457957,1.3292629892209331,0.015348101265822787,0.011545324083557119,40
Semantic_and_Neologism,Semantic,Neologism,1,3,1019,24499.23502241208,85.98563859464149,1.5190647045691692,0.002056962025316456,24.0,1.3,0.8,24,2,8,64.77396597262944,2.542885842840269,0.029113924050632917,0.011448166753830445,40
Semantic_and_Neologism,Semantic,Neologism,1,3,1019,24499.23502241208,85.98563859464149,1.5190647045691692,0.002056962025316456,24.0,1.3,0.9,24,2,9,64.72030344702743,2.537017676945431,0.03180379746835444,0.012534899042944869,40
Semantic_and_Neologism,Semantic,Neologism,1,3,1019,24499.23502241208,85.98563859464149,1.5190647045691692,0.002056962025316456,24.0,1.3,1.0,24,2,10,30.87474273072732,1.5971324148174124,0.02051505892623308,0.012843933041183317,29
Semantic_and_Neologism,Semantic,Neologism,1,3,1019,24499.23502241208,85.98563859464149,1.5190647045691692,0.002056962025316456,24.0,1.4,0.5,24,3,5,3.204617171451617,0.6400488088507856,0.006012658227848103,0.009393062053867259,40
Semantic_and_Neologism,Semantic,Neologism,1,3,1019,24499.23502241208,85.98563859464149,1.5190647045691692,0.002056962025316456,24.0,1.4,0.6,24,3,6,36.79756238229062,1.7236365129430091,0.02025316455696203,0.011749252680816636,40
Semantic_and_Neologism,Semantic,Neologism,1,3,1019,24499.23502241208,85.98563859464149,1.5190647045691692,0.002056962025316456,24.0,1.4,0.7,24,3,7,66.39014909230929,2.3723720038790304,0.02753164556962026,0.01160411316294564,40
Semantic_and_Neologism,Semantic,Neologism,1,3,1019,24499.23502241208,85.98563859464149,1.5190647045691692,0.002056962025316456,24.0,1.4,0.8,24,3,8,42.20800097856526,1.8306745608764616,0.01882911392405063,0.010284341986199843,40
Semantic_and_Neologism,Semantic,Neologism,1,3,1019,24499.23502241208,85.98563859464149,1.5190647045691692,0.002056962025316456,24.0,1.4,0.9,24,3,9,17.43655238472304,1.2611889182509348,0.010601265822784813,0.0084047714664089,40
Semantic_and_Neologism,Semantic,Neologism,1,3,1019,24499.23502241208,85.98563859464149,1.5190647045691692,0.002056962025316456,24.0,1.4,1.0,24,3,10,11.810960317503202,1.0799391478541782,0.006329113924050635,0.005859620884636402,29
Semantic_and_Neologism,Semantic,Neologism,1,3,1019,24499.23502241208,85.98563859464149,1.5190647045691692,0.002056962025316456,24.0,1.5,0.4,24,4,4,4.669259933751444,0.7458532084028193,0.003955696202531648,0.005302585421322289,40
Semantic_and_Neologism,Semantic,Neologism,1,3,1019,24499.23502241208,85.98563859464149,1.5190647045691692,0.002056962025316456,24.0,1.5,0.5,24,4,5,47.42085265294704,1.93049268975643,0.022784810126582282,0.01180158814109109,40
Semantic_and_Neologism,Semantic,Neologism,1,3,1019,24499.23502241208,85.98563859464149,1.5190647045691692,0.002056962025316456,24.0,1.5,0.6,24,4,6,73.02338198813057,2.5330927502308835,0.03322784810126583,0.013116501559402916,40
Semantic_and_Neologism,Semantic,Neologism,1,3,1019,24499.23502241208,85.98563859464149,1.5190647045691692,0.002056962025316456,24.0,1.5,0.7,24,4,7,28.601504764693228,1.545677712878105,0.015664556962025313,0.010133426362955944,40
Semantic_and_Neologism,Semantic,Neologism,1,3,1019,24499.23502241208,85.98563859464149,1.5190647045691692,0.002056962025316456,24.0,1.5,0.8,24,4,8,6.051985775070121,0.8278725463926527,0.005379746835443041,0.006497279063467668,40
Semantic_and_Neologism,Semantic,Neologism,1,3,1019,24499.23502241208,85.98563859464149,1.5190647045691692,0.002056962025316456,24.0,1.5,0.9,24,4,9,3.16661335481055,0.6369148205262888,0.0036392405063291147,0.005712857472058784,40
Semantic_and_Neologism,Semantic,Neologism,1,3,1019,24499.23502241208,85.98563859464149,1.5190647045691692,0.002056962025316456,24.0,1.6,0.4,24,5,4,14.427904766406714,1.1690883709842557,0.015348101265822789,0.013127264421021672,40
Semantic_and_Neologism,Semantic,Neologism,1,3,1019,24499.23502241208,85.98563859464149,1.5190647045691692,0.002056962025316456,24.0,1.6,0.5,24,5,5,57.737164479486644,2.1201409920542673,0.027215189873417728,0.01283550001363736,40
Semantic_and_Neologism,Semantic,Neologism,1,3,1019,24499.23502241208,85.98563859464149,1.5190647045691692,0.002056962025316456,24.0,1.6,0.6,24,5,6,29.286663325692984,1.5613648415208714,0.015981012658227853,0.010234284049730044,40
Semantic_and_Neologism,Semantic,Neologism,1,3,1019,24499.23502241208,85.98563859464149,1.5190647045691692,0.002056962025316456,24.0,1.6,0.7,24,5,7,4.551174724476281,0.738177324274286,0.0049050632911392415,0.006643830625163796,40
Semantic_and_Neologism,Semantic,Neologism,1,3,1019,24499.23502241208,85.98563859464149,1.5190647045691692,0.002056962025316456,24.0,1.6,0.8,24,5,8,3.4994713019699413,0.6635698561933271,0.0030063291139240515,0.004529539001832198,40
Semantic_and_Neologism,Semantic,Neologism,1,3,1019,24499.23502241208,85.98563859464149,1.5190647045691692,0.002056962025316456,24.0,1.7,0.3,24,6,3,2.7439450593996533,0.6002590108396247,0.0036392405063291147,0.006061783632749888,40
Semantic_and_Neologism,Semantic,Neologism,1,3,1019,24499.23502241208,85.98563859464149,1.5190647045691692,0.002056962025316456,24.0,1.7,0.4,24,6,4,65.01482951455229,2.4444754259399657,0.02943037974683544,0.012038548213301706,40
Semantic_and_Neologism,Semantic,Neologism,1,3,1019,24499.23502241208,85.98563859464149,1.5190647045691692,0.002056962025316456,24.0,1.7,0.5,24,6,5,26.398077553802125,1.4940485773222365,0.010917721518987341,0.007306474258002393,40
Semantic_and_Neologism,Semantic,Neologism,1,3,1019,24499.23502241208,85.98563859464149,1.5190647045691692,0.002056962025316456,24.0,1.7,0.6,24,6,6,5.91166450871063,0.8201452427599322,0.004430379746835444,0.005400945309011903,40
Semantic_and_Neologism,Semantic,Neologism,1,3,1019,24499.23502241208,85.98563859464149,1.5190647045691692,0.002056962025316456,24.0,1.8,0.3,24,7,3,31.805348201325106,1.6176955052021564,0.020411392405063292,0.012616573789025623,40
Semantic_and_Neologism,Semantic,Neologism,1,3,1019,24499.23502241208,85.98563859464149,1.5190647045691692,0.002056962025316456,24.0,1.8,0.4,24,7,4,45.412786435652485,1.8923315717882774,0.018987341772151896,0.010032834479762243,40
Semantic_and_Neologism,Semantic,Neologism,1,3,1019,24499.23502241208,85.98563859464149,1.5190647045691692,0.002056962025316456,24.0,1.8,0.5,24,7,5,5.505706102885609,0.7970062508518267,0.005221518987341773,0.006550415351838335,40
Semantic_and_Neologism,Semantic,Neologism,1,3,1019,24499.23502241208,85.98563859464149,1.5190647045691692,0.002056962025316456,24.0,1.9,0.2,24,8,2,3.208554835890865,0.6403734173065581,0.004588607594936711,0.00716451854109844,40
Semantic_and_Neologism,Semantic,Neologism,1,3,1019,24499.23502241208,85.98563859464149,1.5190647045691692,0.002056962025316456,24.0,1.9,0.3,24,8,3,59.39722411488301,2.1995887161076433,0.03354430379746835,0.015249261811138864,40
Semantic_and_Neologism,Semantic,Neologism,1,3,1019,24499.23502241208,85.98563859464149,1.5190647045691692,0.002056962025316456,24.0,1.9,0.4,24,8,4,12.197441050001833,1.093770587123165,0.007278481012658227,0.006653485957427401,40
Semantic_and_Neologism,Semantic,Neologism,1,3,1019,24499.23502241208,85.98563859464149,1.5190647045691692,0.002056962025316456,24.0,2.0,0.2,24,9,2,11.5243370801048,1.0694912714196827,0.0125,0.011686799923235498,40
Semantic_and_Neologism,Semantic,Neologism,1,3,1019,24499.23502241208,85.98563859464149,1.5190647045691692,0.002056962025316456,24.0,2.0,0.3,24,9,3,24.457566863075456,1.446857890256959,0.02009493670886076,0.013887673410276623,40
Semantic_and_Neologism,Semantic,Neologism,1,3,1019,24499.23502241208,85.98563859464149,1.5190647045691692,0.002056962025316456,24.0,2.0,0.4,24,9,4,4.609577212441684,0.7419903866390087,0.0030063291139240515,0.004050708981758928,40
Semantic_and_Neologism,Semantic,Neologism,1,3,1019,24499.23502241208,85.98563859464149,1.5190647045691692,0.002056962025316456,25.0,1.1,0.9,25,0,9,4.177176216405263,0.7130951006933146,0.0037974683544303805,0.005324332274388437,40
Semantic_and_Neologism,Semantic,Neologism,1,3,1019,24499.23502241208,85.98563859464149,1.5190647045691692,0.002056962025316456,25.0,1.1,1.0,25,0,10,4.885472829780966,0.759602500473583,0.005696202531645571,0.00749792546179641,30
Semantic_and_Neologism,Semantic,Neologism,1,3,1019,24499.23502241208,85.98563859464149,1.5190647045691692,0.002056962025316456,25.0,1.2,0.8,25,1,8,4.523639125425965,0.7363697598892339,0.007278481012658228,0.009883274734140454,40
Semantic_and_Neologism,Semantic,Neologism,1,3,1019,24499.23502241208,85.98563859464149,1.5190647045691692,0.002056962025316456,25.0,1.2,0.9,25,1,9,24.20476128761991,1.4406180612538246,0.02025316455696203,0.014057663501230113,40
Semantic_and_Neologism,Semantic,Neologism,1,3,1019,24499.23502241208,85.98563859464149,1.5190647045691692,0.002056962025316456,25.0,1.2,1.0,25,1,10,61.555816467191185,2.2303790530098913,0.030590717299578057,0.013714479105803095,30
Semantic_and_Neologism,Semantic,Neologism,1,3,1019,24499.23502241208,85.98563859464149,1.5190647045691692,0.002056962025316456,25.0,1.3,0.6,25,2,6,1.8158441674784986,0.5035155610243763,0.0026898734177215194,0.00534118527874116,40
Semantic_and_Neologism,Semantic,Neologism,1,3,1019,24499.23502241208,85.98563859464149,1.5190647045691692,0.002056962025316456,25.0,1.3,0.7,25,2,7,22.393046417861253,1.3953334494603784,0.015348101265822792,0.010998593876114997,40
Semantic_and_Neologism,Semantic,Neologism,1,3,1019,24499.23502241208,85.98563859464149,1.5190647045691692,0.002056962025316456,25.0,1.3,0.8,25,2,8,61.43180861722672,2.206332228155318,0.030854430379746826,0.013983489727344355,40
Semantic_and_Neologism,Semantic,Neologism,1,3,1019,24499.23502241208,85.98563859464149,1.5190647045691692,0.002056962025316456,25.0,1.3,0.9,25,2,9,61.312329332952196,2.195327581640233,0.027531645569620254,0.012540019299292939,40
Semantic_and_Neologism,Semantic,Neologism,1,3,1019,24499.23502241208,85.98563859464149,1.5190647045691692,0.002056962025316456,25.0,1.3,1.0,25,2,10,61.876403567936656,2.292864895944626,0.02247926669576604,0.009803008398194313,29
Semantic_and_Neologism,Semantic,Neologism,1,3,1019,24499.23502241208,85.98563859464149,1.5190647045691692,0.002056962025316456,25.0,1.4,0.5,25,3,5,4.669259933751441,0.7458532084028191,0.003955696202531647,0.005302585421322289,40
Semantic_and_Neologism,Semantic,Neologism,1,3,1019,24499.23502241208,85.98563859464149,1.5190647045691692,0.002056962025316456,25.0,1.4,0.6,25,3,6,30.04699743844049,1.578579212989835,0.018037974683544303,0.011425714944117572,40
Semantic_and_Neologism,Semantic,Neologism,1,3,1019,24499.23502241208,85.98563859464149,1.5190647045691692,0.002056962025316456,25.0,1.4,0.7,25,3,7,65.85842700511954,2.3038063917172122,0.028955696202531644,0.01256763263624711,40
Semantic_and_Neologism,Semantic,Neologism,1,3,1019,24499.23502241208,85.98563859464149,1.5190647045691692,0.002056962025316456,25.0,1.4,0.8,25,3,8,25.516791713563517,1.4727488538042957,0.022626582278481012,0.015362503573629477,40
Semantic_and_Neologism,Semantic,Neologism,1,3,1019,24499.23502241208,85.98563859464149,1.5190647045691692,0.002056962025316456,25.0,1.4,0.9,25,3,9,25.822984806471755,1.4801990419096152,0.012816455696202536,0.008657602886046958,40
Semantic_and_Neologism,Semantic,Neologism,1,3,1019,24499.23502241208,85.98563859464149,1.5190647045691692,0.002056962025316456,25.0,1.4,1.0,25,3,10,10.76415344509995,1.0409870149204519,0.007202095154954171,0.006917525449142636,29
Semantic_and_Neologism,Semantic,Neologism,1,3,1019,24499.23502241208,85.98563859464149,1.5190647045691692,0.002056962025316456,25.0,1.5,0.4,25,4,4,2.110408235647592,0.5373697629968042,0.002531645569620254,0.004710179794526903,40
Semantic_and_Neologism,Semantic,Neologism,1,3,1019,24499.23502241208,85.98563859464149,1.5190647045691692,0.002056962025316456,25.0,1.5,0.5,25,4,5,24.395713231332603,1.445326140150836,0.018987341772151896,0.01313606383956382,40
Semantic_and_Neologism,Semantic,Neologism,1,3,1019,24499.23502241208,85.98563859464149,1.5190647045691692,0.002056962025316456,25.0,1.5,0.6,25,4,6,74.3752347502167,2.6164849869279556,0.03148734177215191,0.012033214577749803,40
Semantic_and_Neologism,Semantic,Neologism,1,3,1019,24499.23502241208,85.98563859464149,1.5190647045691692,0.002056962025316456,25.0,1.5,0.7,25,4,7,20.585325998185247,1.3486240243394865,0.013607594936708859,0.010088984080903075,40
Semantic_and_Neologism,Semantic,Neologism,1,3,1019,24499.23502241208,85.98563859464149,1.5190647045691692,0.002056962025316456,25.0,1.5,0.8,25,4,8,10.383153567401898,1.0263139756543196,0.006803797468354432,0.006628352839141371,40
Semantic_and_Neologism,Semantic,Neologism,1,3,1019,24499.23502241208,85.98563859464149,1.5190647045691692,0.002056962025316456,25.0,1.5,0.9,25,4,9,6.131013752820947,0.8322023494379154,0.005696202531645571,0.006843732576749982,40
Semantic_and_Neologism,Semantic,Neologism,1,3,1019,24499.23502241208,85.98563859464149,1.5190647045691692,0.002056962025316456,25.0,1.6,0.4,25,5,4,25.160748534660932,1.4641032530656788,0.015981012658227847,0.010914222423531456,40
Semantic_and_Neologism,Semantic,Neologism,1,3,1019,24499.23502241208,85.98563859464149,1.5190647045691692,0.002056962025316456,25.0,1.6,0.5,25,5,5,71.41236972493095,2.459510038587303,0.03022151898734176,0.012286617660914465,40
Semantic_and_Neologism,Semantic,Neologism,1,3,1019,24499.23502241208,85.98563859464149,1.5190647045691692,0.002056962025316456,25.0,1.6,0.6,25,5,6,18.9918060758405,1.3055172036802638,0.012183544303797466,0.009331350634255876,40
Semantic_and_Neologism,Semantic,Neologism,1,3,1019,24499.23502241208,85.98563859464149,1.5190647045691692,0.002056962025316456,25.0,1.6,0.7,25,5,7,10.017151093118873,1.0118783018102233,0.007911392405063288,0.007817521645251232,40
Semantic_and_Neologism,Semantic,Neologism,1,3,1019,24499.23502241208,85.98563859464149,1.5190647045691692,0.002056962025316456,25.0,1.6,0.8,25,5,8,3.206164939765098,0.6401761921450595,0.002373417721518988,0.0037064445295541194,40
Semantic_and_Neologism,Semantic,Neologism,1,3,1019,24499.23502241208,85.98563859464149,1.5190647045691692,0.002056962025316456,25.0,1.7,0.3,25,6,3,7.357706068392149,0.8952801958782487,0.006012658227848104,0.006714951336273923,40
Semantic_and_Neologism,Semantic,Neologism,1,3,1019,24499.23502241208,85.98563859464149,1.5190647045691692,0.002056962025316456,25.0,1.7,0.4,25,6,4,63.461948023285586,2.245824372666969,0.029272151898734177,0.0130330342971578,40
Semantic_and_Neologism,Semantic,Neologism,1,3,1019,24499.23502241208,85.98563859464149,1.5190647045691692,0.002056962025316456,25.0,1.7,0.5,25,6,5,30.00187517847987,1.577555717542433,0.015664556962025324,0.009928637849132881,40
Semantic_and_Neologism,Semantic,Neologism,1,3,1019,24499.23502241208,85.98563859464149,1.5190647045691692,0.002056962025316456,25.0,1.7,0.6,25,6,6,11.40027788585503,1.0649075076298686,0.006962025316455699,0.006536680753092689,40
Semantic_and_Neologism,Semantic,Neologism,1,3,1019,24499.23502241208,85.98563859464149,1.5190647045691692,0.002056962025316456,25.0,1.8,0.3,25,7,3,19.90794488930914,1.3305782767874943,0.021993670886075956,0.016528407754331276,40
Semantic_and_Neologism,Semantic,Neologism,1,3,1019,24499.23502241208,85.98563859464149,1.5190647045691692,0.002056962025316456,25.0,1.8,0.4,25,7,4,16.998590335871242,1.2483947179839496,0.01708860759493671,0.013687465153499966,40
Semantic_and_Neologism,Semantic,Neologism,1,3,1019,24499.23502241208,85.98563859464149,1.5190647045691692,0.002056962025316456,25.0,1.8,0.5,25,7,5,11.459656340015052,1.0671042339571895,0.007911392405063288,0.0074128890591082415,40
Semantic_and_Neologism,Semantic,Neologism,1,3,1019,24499.23502241208,85.98563859464149,1.5190647045691692,0.002056962025316456,25.0,1.9,0.2,25,8,2,2.219224051353825,0.5490221457406296,0.006170886075949368,0.01123877625278641,40
Semantic_and_Neologism,Semantic,Neologism,1,3,1019,24499.23502241208,85.98563859464149,1.5190647045691692,0.002056962025316456,25.0,1.9,0.3,25,8,3,60.52853592149367,2.410549072668397,0.02943037974683544,0.01220799424140617,40
Semantic_and_Neologism,Semantic,Neologism,1,3,1019,24499.23502241208,85.98563859464149,1.5190647045691692,0.002056962025316456,25.0,1.9,0.4,25,8,4,9.163184398942516,0.9769166029827779,0.009177215189873418,0.009393062053867257,40
Semantic_and_Neologism,Semantic,Neologism,1,3,1019,24499.23502241208,85.98563859464149,1.5190647045691692,0.002056962025316456,25.0,2.0,0.2,25,9,2,8.233648126410772,0.936278902512855,0.010443037974683541,0.01115276833404634,40
Semantic_and_Neologism,Semantic,Neologism,1,3,1019,24499.23502241208,85.98563859464149,1.5190647045691692,0.002056962025316456,25.0,2.0,0.3,25,9,3,27.944495383553107,1.5304467258471897,0.01566455696202531,0.010234284049730044,40
Semantic_and_Neologism,Semantic,Neologism,1,3,1019,24499.23502241208,85.98563859464149,1.5190647045691692,0.002056962025316456,25.0,2.0,0.4,25,9,4,3.9838355354870174,0.6995043207479951,0.0030063291139240515,0.004296799205456399,40
Semantic_and_Neologism,Semantic,Neologism,1,3,1019,24499.23502241208,85.98563859464149,1.5190647045691692,0.002056962025316456,26.0,1.1,1.0,26,0,10,6.646766273457394,0.8596417891683612,0.005485232067510549,0.006379834594857352,30
Semantic_and_Neologism,Semantic,Neologism,1,3,1019,24499.23502241208,85.98563859464149,1.5190647045691692,0.002056962025316456,26.0,1.2,0.8,26,1,8,8.0017657701326,0.9256571947424412,0.008069620253164558,0.00871672001449185,40
Semantic_and_Neologism,Semantic,Neologism,1,3,1019,24499.23502241208,85.98563859464149,1.5190647045691692,0.002056962025316456,26.0,1.2,0.9,26,1,9,14.46157970598907,1.1701867529476784,0.014082278481012659,0.012033214577749803,40
Semantic_and_Neologism,Semantic,Neologism,1,3,1019,24499.23502241208,85.98563859464149,1.5190647045691692,0.002056962025316456,26.0,1.2,1.0,26,1,10,47.21163434596548,1.92652307498713,0.02763713080168777,0.014344600714838259,30
Semantic_and_Neologism,Semantic,Neologism,1,3,1019,24499.23502241208,85.98563859464149,1.5190647045691692,0.002056962025316456,26.0,1.3,0.6,26,2,6,3.2072114062869446,0.6402625403743141,0.004746835443037976,0.0074128890591082415,40
Semantic_and_Neologism,Semantic,Neologism,1,3,1019,24499.23502241208,85.98563859464149,1.5190647045691692,0.002056962025316456,26.0,1.3,0.7,26,2,7,10.86332968955432,1.0447742737947001,0.008544303797468355,0.008177133795766994,40
Semantic_and_Neologism,Semantic,Neologism,1,3,1019,24499.23502241208,85.98563859464149,1.5190647045691692,0.002056962025316456,26.0,1.3,0.8,26,2,8,60.211767530872095,2.1705478622179606,0.028164556962025317,0.012974782498177923,40
Semantic_and_Neologism,Semantic,Neologism,1,3,1019,24499.23502241208,85.98563859464149,1.5190647045691692,0.002056962025316456,26.0,1.3,0.9,26,2,9,78.8975505430078,3.3745023976390076,0.03132911392405062,0.009283069244096623,40
Semantic_and_Neologism,Semantic,Neologism,1,3,1019,24499.23502241208,85.98563859464149,1.5190647045691692,0.002056962025316456,26.0,1.3,1.0,26,2,10,55.4665970300261,2.0786188692882366,0.023352247926669577,0.01123350203964803,29
Semantic_and_Neologism,Semantic,Neologism,1,3,1019,24499.23502241208,85.98563859464149,1.5190647045691692,0.002056962025316456,26.0,1.4,0.5,26,3,5,5.1051231272217565,0.7731363545109421,0.0033227848101265826,0.004296799205456397,40
Semantic_and_Neologism,Semantic,Neologism,1,3,1019,24499.23502241208,85.98563859464149,1.5190647045691692,0.002056962025316456,26.0,1.4,0.6,26,3,6,34.728892892212066,1.6806971192050217,0.016930379746835436,0.01007242700441088,40
Semantic_and_Neologism,Semantic,Neologism,1,3,1019,24499.23502241208,85.98563859464149,1.5190647045691692,0.002056962025316456,26.0,1.4,0.7,26,3,7,78.57641716576883,3.027835468026635,0.030221518987341767,0.009980228936141098,40
Semantic_and_Neologism,Semantic,Neologism,1,3,1019,24499.23502241208,85.98563859464149,1.5190647045691692,0.002056962025316456,26.0,1.4,0.8,26,3,8,51.52794851669645,2.006734013166273,0.02325949367088608,0.011589720802198738,40
Semantic_and_Neologism,Semantic,Neologism,1,3,1019,24499.23502241208,85.98563859464149,1.5190647045691692,0.002056962025316456,26.0,1.4,0.9,26,3,9,38.58081077124229,1.7594753400961187,0.016139240506329113,0.009171757434297113,40
Semantic_and_Neologism,Semantic,Neologism,1,3,1019,24499.23502241208,85.98563859464149,1.5190647045691692,0.002056962025316456,26.0,1.4,1.0,26,3,10,41.14084171550377,1.8099548332334379,0.012221737232649499,0.00675150951473506,29
Semantic_and_Neologism,Semantic,Neologism,1,3,1019,24499.23502241208,85.98563859464149,1.5190647045691692,0.002056962025316456,26.0,1.5,0.5,26,4,5,32.60362991107003,1.635144069613708,0.018512658227848096,0.011320729119698664,40
Semantic_and_Neologism,Semantic,Neologism,1,3,1019,24499.23502241208,85.98563859464149,1.5190647045691692,0.002056962025316456,26.0,1.5,0.6,26,4,6,75.91520405119404,2.7569459417662534,0.0314873417721519,0.011420095094806014,40
Semantic_and_Neologism,Semantic,Neologism,1,3,1019,24499.23502241208,85.98563859464149,1.5190647045691692,0.002056962025316456,26.0,1.5,0.7,26,4,7,49.39836736430485,1.967418495931082,0.019778481012658226,0.010052011625926617,40
Semantic_and_Neologism,Semantic,Neologism,1,3,1019,24499.23502241208,85.98563859464149,1.5190647045691692,0.002056962025316456,26.0,1.5,0.8,26,4,8,14.2631290165811,1.163709537253585,0.013607594936708859,0.011692291582729046,40
Semantic_and_Neologism,Semantic,Neologism,1,3,1019,24499.23502241208,85.98563859464149,1.5190647045691692,0.002056962025316456,26.0,1.5,0.9,26,4,9,10.041613233157786,1.0128576084791616,0.0066455696202531635,0.006560208174396498,40
Semantic_and_Neologism,Semantic,Neologism,1,3,1019,24499.23502241208,85.98563859464149,1.5190647045691692,0.002056962025316456,26.0,1.5,1.0,26,4,10,5.565796980457366,0.8004866737998007,0.003928415539065911,0.004906533963580256,29
Semantic_and_Neologism,Semantic,Neologism,1,3,1019,24499.23502241208,85.98563859464149,1.5190647045691692,0.002056962025316456,26.0,1.6,0.4,26,5,4,13.477442719931108,1.1377124175727011,0.01170886075949367,0.010290582106903973,40
Semantic_and_Neologism,Semantic,Neologism,1,3,1019,24499.23502241208,85.98563859464149,1.5190647045691692,0.002056962025316456,26.0,1.6,0.5,26,5,5,78.43315655060825,3.1798504094560087,0.0305379746835443,0.009602588455838263,40
Semantic_and_Neologism,Semantic,Neologism,1,3,1019,24499.23502241208,85.98563859464149,1.5190647045691692,0.002056962025316456,26.0,1.6,0.6,26,5,6,57.519964455788084,2.116142343029026,0.020094936708860762,0.009495023164536778,40
Semantic_and_Neologism,Semantic,Neologism,1,3,1019,24499.23502241208,85.98563859464149,1.5190647045691692,0.002056962025316456,26.0,1.6,0.7,26,5,7,27.880394637316964,1.5289552487020506,0.013607594936708859,0.008898930163594075,40
Semantic_and_Neologism,Semantic,Neologism,1,3,1019,24499.23502241208,85.98563859464149,1.5190647045691692,0.002056962025316456,26.0,1.6,0.8,26,5,8,7.6189179359578585,0.9077942754986078,0.00617088607594937,0.00679667017979927,40
Semantic_and_Neologism,Semantic,Neologism,1,3,1019,24499.23502241208,85.98563859464149,1.5190647045691692,0.002056962025316456,26.0,1.7,0.3,26,6,3,9.174905684920555,0.9774125596355535,0.005221518987341774,0.005341185278741164,40
Semantic_and_Neologism,Semantic,Neologism,1,3,1019,24499.23502241208,85.98563859464149,1.5190647045691692,0.002056962025316456,26.0,1.7,0.4,26,6,4,71.65150166816478,2.5811354397866766,0.02816455696202531,0.010910692787555942,40
Semantic_and_Neologism,Semantic,Neologism,1,3,1019,24499.23502241208,85.98563859464149,1.5190647045691692,0.002056962025316456,26.0,1.7,0.5,26,6,5,39.919596460550245,1.7861435496794176,0.018987341772151896,0.010629355984299135,40
Semantic_and_Neologism,Semantic,Neologism,1,3,1019,24499.23502241208,85.98563859464149,1.5190647045691692,0.002056962025316456,26.0,1.7,0.6,26,6,6,26.131818202627677,1.4876597620921153,0.012025316455696204,0.008082378176999859,40
Semantic_and_Neologism,Semantic,Neologism,1,3,1019,24499.23502241208,85.98563859464149,1.5190647045691692,0.002056962025316456,26.0,1.7,0.7,26,6,7,6.4750307769091915,0.8506384059144443,0.004430379746835444,0.005207299691186344,40
Semantic_and_Neologism,Semantic,Neologism,1,3,1019,24499.23502241208,85.98563859464149,1.5190647045691692,0.002056962025316456,26.0,1.8,0.3,26,7,3,30.710362825775853,1.593448528975129,0.017721518987341776,0.011120488184334306,40
Semantic_and_Neologism,Semantic,Neologism,1,3,1019,24499.23502241208,85.98563859464149,1.5190647045691692,0.002056962025316456,26.0,1.8,0.4,26,7,4,63.81798193678274,2.2541988536145467,0.022151898734177215,0.009825949693749177,40
Semantic_and_Neologism,Semantic,Neologism,1,3,1019,24499.23502241208,85.98563859464149,1.5190647045691692,0.002056962025316456,26.0,1.8,0.5,26,7,5,22.17090144825682,1.3896756907441412,0.011708860759493673,0.00842460666310845,40
Semantic_and_Neologism,Semantic,Neologism,1,3,1019,24499.23502241208,85.98563859464149,1.5190647045691692,0.002056962025316456,26.0,1.8,0.6,26,7,6,3.6458629605701445,0.6747780033354351,0.0034810126582278484,0.005157752420827538,40
Semantic_and_Neologism,Semantic,Neologism,1,3,1019,24499.23502241208,85.98563859464149,1.5190647045691692,0.002056962025316456,26.0,1.9,0.3,26,8,3,59.40465429011869,2.1999505730897466,0.032753164556962026,0.014887136559796187,40
Semantic_and_Neologism,Semantic,Neologism,1,3,1019,24499.23502241208,85.98563859464149,1.5190647045691692,0.002056962025316456,26.0,1.9,0.4,26,8,4,23.109932880701532,1.4133626228348317,0.01582278481012658,0.011194134606284024,40
Semantic_and_Neologism,Semantic,Neologism,1,3,1019,24499.23502241208,85.98563859464149,1.5190647045691692,0.002056962025316456,26.0,1.9,0.5,26,8,5,3.5059716064672384,0.6640748427854889,0.0028481012658227857,0.004287825720119601,40
Semantic_and_Neologism,Semantic,Neologism,1,3,1019,24499.23502241208,85.98563859464149,1.5190647045691692,0.002056962025316456,26.0,2.0,0.2,26,9,2,5.702023527733492,0.8083091307241109,0.008386075949367088,0.010373837584544611,40
Semantic_and_Neologism,Semantic,Neologism,1,3,1019,24499.23502241208,85.98563859464149,1.5190647045691692,0.002056962025316456,26.0,2.0,0.3,26,9,3,60.527431070048145,2.410358933349388,0.022626582278481012,0.009386225265674251,40
Semantic_and_Neologism,Semantic,Neologism,1,3,1019,24499.23502241208,85.98563859464149,1.5190647045691692,0.002056962025316456,26.0,2.0,0.4,26,9,4,10.849359249171178,1.044240995491571,0.008386075949367086,0.008029785982903674,40
Semantic_and_Neologism,Semantic,Neologism,1,3,1019,24499.23502241208,85.98563859464149,1.5190647045691692,0.002056962025316456,27.0,1.1,1.0,27,0,10,7.980633168614478,0.9246807621610265,0.005485232067510551,0.005931027886782549,30
Semantic_and_Neologism,Semantic,Neologism,1,3,1019,24499.23502241208,85.98563859464149,1.5190647045691692,0.002056962025316456,27.0,1.2,0.7,27,1,7,2.0248950555835648,0.5278863724334294,0.0020569620253164562,0.0038955999744118325,40
Semantic_and_Neologism,Semantic,Neologism,1,3,1019,24499.23502241208,85.98563859464149,1.5190647045691692,0.002056962025316456,27.0,1.2,0.8,27,1,8,5.225752578342346,0.7804322347889063,0.0031645569620253173,0.004053877311521193,40
Semantic_and_Neologism,Semantic,Neologism,1,3,1019,24499.23502241208,85.98563859464149,1.5190647045691692,0.002056962025316456,27.0,1.2,0.9,27,1,9,16.984120361308477,1.2479669054846128,0.012183544303797467,0.009761714259691311,40
Semantic_and_Neologism,Semantic,Neologism,1,3,1019,24499.23502241208,85.98563859464149,1.5190647045691692,0.002056962025316456,27.0,1.2,1.0,27,1,10,69.03246086234573,2.396710701479071,0.024472573839662445,0.010209900224445028,30
Semantic_and_Neologism,Semantic,Neologism,1,3,1019,24499.23502241208,85.98563859464149,1.5190647045691692,0.002056962025316456,27.0,1.3,0.6,27,2,6,4.77064884665164,0.752349670541138,0.0041139240506329125,0.005467101086126502,40
Semantic_and_Neologism,Semantic,Neologism,1,3,1019,24499.23502241208,85.98563859464149,1.5190647045691692,0.002056962025316456,27.0,1.3,0.7,27,2,7,23.26836863708923,1.4173215867304882,0.013291139240506325,0.009376645387569837,40
Semantic_and_Neologism,Semantic,Neologism,1,3,1019,24499.23502241208,85.98563859464149,1.5190647045691692,0.002056962025316456,27.0,1.3,0.8,27,2,8,41.32137508225487,1.8134478355189412,0.02389240506329114,0.013174126736664045,40
Semantic_and_Neologism,Semantic,Neologism,1,3,1019,24499.23502241208,85.98563859464149,1.5190647045691692,0.002056962025316456,27.0,1.3,0.9,27,2,9,72.68366306944206,2.716437218901061,0.029905063291139226,0.011007928563877273,40
Semantic_and_Neologism,Semantic,Neologism,1,3,1019,24499.23502241208,85.98563859464149,1.5190647045691692,0.002056962025316456,27.0,1.3,1.0,27,2,10,75.80949927674956,3.083909665988631,0.024661719773024872,0.007995900831762492,29
Semantic_and_Neologism,Semantic,Neologism,1,3,1019,24499.23502241208,85.98563859464149,1.5190647045691692,0.002056962025316456,27.0,1.4,0.6,27,3,6,28.62382041258841,1.5461931137026896,0.015506329113924055,0.010027714380179097,40
Semantic_and_Neologism,Semantic,Neologism,1,3,1019,24499.23502241208,85.98563859464149,1.5190647045691692,0.002056962025316456,27.0,1.4,0.7,27,3,7,82.76309954177404,3.363438877824535,0.03196202531645569,0.009501781670029533,40
Semantic_and_Neologism,Semantic,Neologism,1,3,1019,24499.23502241208,85.98563859464149,1.5190647045691692,0.002056962025316456,27.0,1.4,0.8,27,3,8,64.91836149956167,2.2808375129468947,0.02136075949367089,0.009364314000852386,40
Semantic_and_Neologism,Semantic,Neologism,1,3,1019,24499.23502241208,85.98563859464149,1.5190647045691692,0.002056962025316456,27.0,1.4,0.9,27,3,9,54.12863671508438,2.054213171644603,0.018196202531645566,0.008856991362735586,40
Semantic_and_Neologism,Semantic,Neologism,1,3,1019,24499.23502241208,85.98563859464149,1.5190647045691692,0.002056962025316456,27.0,1.4,1.0,27,3,10,27.4995408456339,1.5200819971141777,0.016368398079441293,0.010767102056675972,29
Semantic_and_Neologism,Semantic,Neologism,1,3,1019,24499.23502241208,85.98563859464149,1.5190647045691692,0.002056962025316456,27.0,1.5,0.5,27,4,5,12.892953464492859,1.1179074530480877,0.013291139240506327,0.011888301931270513,40
Semantic_and_Neologism,Semantic,Neologism,1,3,1019,24499.23502241208,85.98563859464149,1.5190647045691692,0.002056962025316456,27.0,1.5,0.6,27,4,6,75.41867512172554,2.6902914217010183,0.027373417721518987,0.010173889419307339,40
Semantic_and_Neologism,Semantic,Neologism,1,3,1019,24499.23502241208,85.98563859464149,1.5190647045691692,0.002056962025316456,27.0,1.5,0.7,27,4,7,55.196185863451056,2.073657424299368,0.019145569620253166,0.00923175435754386,40
Semantic_and_Neologism,Semantic,Neologism,1,3,1019,24499.23502241208,85.98563859464149,1.5190647045691692,0.002056962025316456,27.0,1.5,0.8,27,4,8,55.03420862877806,2.070699273169721,0.015981012658227843,0.007716688833572112,40
Semantic_and_Neologism,Semantic,Neologism,1,3,1019,24499.23502241208,85.98563859464149,1.5190647045691692,0.002056962025316456,27.0,1.5,0.9,27,4,9,16.655249498702545,1.2382091184535047,0.01139240506329114,0.009199711651615034,40
Semantic_and_Neologism,Semantic,Neologism,1,3,1019,24499.23502241208,85.98563859464149,1.5190647045691692,0.002056962025316456,27.0,1.5,1.0,27,4,10,6.515024210953882,0.8527544806806387,0.003928415539065911,0.004605736907357423,29
Semantic_and_Neologism,Semantic,Neologism,1,3,1019,24499.23502241208,85.98563859464149,1.5190647045691692,0.002056962025316456,27.0,1.6,0.4,27,5,4,29.36783703651298,1.56321316394128,0.012025316455696204,0.007691691395572151,40
Semantic_and_Neologism,Semantic,Neologism,1,3,1019,24499.23502241208,85.98563859464149,1.5190647045691692,0.002056962025316456,27.0,1.6,0.5,27,5,5,74.78457956827914,2.773654271188147,0.029588607594936707,0.010666734584765632,40
Semantic_and_Neologism,Semantic,Neologism,1,3,1019,24499.23502241208,85.98563859464149,1.5190647045691692,0.002056962025316456,27.0,1.6,0.6,27,5,6,65.15956290913807,2.2867493712097966,0.020727848101265822,0.009063328763890653,40
Semantic_and_Neologism,Semantic,Neologism,1,3,1019,24499.23502241208,85.98563859464149,1.5190647045691692,0.002056962025316456,27.0,1.6,0.7,27,5,7,25.64231293269103,1.4758088572970383,0.014715189873417717,0.009969932076101485,40
Semantic_and_Neologism,Semantic,Neologism,1,3,1019,24499.23502241208,85.98563859464149,1.5190647045691692,0.002056962025316456,27.0,1.6,0.8,27,5,8,5.4852192242630275,0.7958101022584684,0.004905063291139242,0.006162610234676493,40
Semantic_and_Neologism,Semantic,Neologism,1,3,1019,24499.23502241208,85.98563859464149,1.5190647045691692,0.002056962025316456,27.0,1.6,0.9,27,5,9,2.9448817986040687,0.6181252694315805,0.002056962025316456,0.003326742978713699,40
Semantic_and_Neologism,Semantic,Neologism,1,3,1019,24499.23502241208,85.98563859464149,1.5190647045691692,0.002056962025316456,27.0,1.7,0.3,27,6,3,3.7320587785825876,0.6812269355035675,0.003639240506329115,0.005341185278741165,40
Semantic_and_Neologism,Semantic,Neologism,1,3,1019,24499.23502241208,85.98563859464149,1.5190647045691692,0.002056962025316456,27.0,1.7,0.4,27,6,4,85.98563859464149,3.870131157475844,0.032436708860759486,0.00838029446804464,40
Semantic_and_Neologism,Semantic,Neologism,1,3,1019,24499.23502241208,85.98563859464149,1.5190647045691692,0.002056962025316456,27.0,1.7,0.5,27,6,5,39.466099042858,1.777158621968427,0.019145569620253163,0.010772134926496901,40
Semantic_and_Neologism,Semantic,Neologism,1,3,1019,24499.23502241208,85.98563859464149,1.5190647045691692,0.002056962025316456,27.0,1.7,0.6,27,6,6,16.039197562973694,1.2196432791219614,0.013291139240506327,0.010896562810393879,40
Semantic_and_Neologism,Semantic,Neologism,1,3,1019,24499.23502241208,85.98563859464149,1.5190647045691692,0.002056962025316456,27.0,1.7,0.7,27,6,7,7.109757448089209,0.8831146704196732,0.004272151898734178,0.004836595888542955,40
Semantic_and_Neologism,Semantic,Neologism,1,3,1019,24499.23502241208,85.98563859464149,1.5190647045691692,0.002056962025316456,27.0,1.8,0.3,27,7,3,22.096837930313658,1.3877834353923366,0.013765822784810127,0.009918287428962884,40
Semantic_and_Neologism,Semantic,Neologism,1,3,1019,24499.23502241208,85.98563859464149,1.5190647045691692,0.002056962025316456,27.0,1.8,0.4,27,7,4,53.31682587877934,2.039443498674408,0.025316455696202535,0.012412413616340762,40
Semantic_and_Neologism,Semantic,Neologism,1,3,1019,24499.23502241208,85.98563859464149,1.5190647045691692,0.002056962025316456,27.0,1.8,0.5,27,7,5,34.27931118508796,1.6711836439301486,0.014873417721518989,0.008898930163594075,40
Semantic_and_Neologism,Semantic,Neologism,1,3,1019,24499.23502241208,85.98563859464149,1.5190647045691692,0.002056962025316456,27.0,1.8,0.6,27,7,6,6.491645379510879,0.8515177678083744,0.003639240506329115,0.004272828032614922,40
Semantic_and_Neologism,Semantic,Neologism,1,3,1019,24499.23502241208,85.98563859464149,1.5190647045691692,0.002056962025316456,27.0,1.9,0.2,27,8,2,2.411381132322551,0.5686569211193432,0.00268987341772152,0.0047292218927130585,40
Semantic_and_Neologism,Semantic,Neologism,1,3,1019,24499.23502241208,85.98563859464149,1.5190647045691692,0.002056962025316456,27.0,1.9,0.3,27,8,3,66.63390107308838,2.6672011906501907,0.030221518987341774,0.0113297984014414,40
Semantic_and_Neologism,Semantic,Neologism,1,3,1019,24499.23502241208,85.98563859464149,1.5190647045691692,0.002056962025316456,27.0,1.9,0.4,27,8,4,21.007563369901213,1.3597238780132488,0.017405063291139243,0.012799439539658989,40
Semantic_and_Neologism,Semantic,Neologism,1,3,1019,24499.23502241208,85.98563859464149,1.5190647045691692,0.002056962025316456,27.0,1.9,0.5,27,8,5,3.0586919354130595,0.627894588772191,0.0037974683544303805,0.0060469392916191475,40
Semantic_and_Neologism,Semantic,Neologism,1,3,1019,24499.23502241208,85.98563859464149,1.5190647045691692,0.002056962025316456,27.0,2.0,0.2,27,9,2,12.773968523213297,1.1138209637956076,0.008860759493670885,0.007954281667060529,40
Semantic_and_Neologism,Semantic,Neologism,1,3,1019,24499.23502241208,85.98563859464149,1.5190647045691692,0.002056962025316456,27.0,2.0,0.3,27,9,3,43.661180811182135,1.858713436483474,0.02009493670886076,0.01081020753443234,40
Semantic_and_Neologism,Semantic,Neologism,1,3,1019,24499.23502241208,85.98563859464149,1.5190647045691692,0.002056962025316456,27.0,2.0,0.4,27,9,4,13.960472103266063,1.153773473646467,0.008702531645569622,0.007541669201836932,40
Semantic_and_Neologism,Semantic,Neologism,1,3,1019,24499.23502241208,85.98563859464149,1.5190647045691692,0.002056962025316456,28.0,1.1,1.0,28,0,10,5.158008473037907,0.7763499727209745,0.004641350210970465,0.005977425161404105,30
Semantic_and_Neologism,Semantic,Neologism,1,3,1019,24499.23502241208,85.98563859464149,1.5190647045691692,0.002056962025316456,28.0,1.2,0.8,28,1,8,3.4019011554168563,0.6559557640636805,0.004430379746835444,0.0067530831097954045,40
Semantic_and_Neologism,Semantic,Neologism,1,3,1019,24499.23502241208,85.98563859464149,1.5190647045691692,0.002056962025316456,28.0,1.2,0.9,28,1,9,25.393753976038507,1.4697620738331185,0.013291139240506327,0.009042054979533679,40
Semantic_and_Neologism,Semantic,Neologism,1,3,1019,24499.23502241208,85.98563859464149,1.5190647045691692,0.002056962025316456,28.0,1.2,1.0,28,1,10,43.33851451130692,1.8525099439855774,0.022151898734177215,0.011956775884602582,30
Semantic_and_Neologism,Semantic,Neologism,1,3,1019,24499.23502241208,85.98563859464149,1.5190647045691692,0.002056962025316456,28.0,1.3,0.6,28,2,6,2.6898127307267132,0.595297183614725,0.0025316455696202536,0.004251742393719653,40
Semantic_and_Neologism,Semantic,Neologism,1,3,1019,24499.23502241208,85.98563859464149,1.5190647045691692,0.002056962025316456,28.0,1.3,0.7,28,2,7,17.71876472135967,1.2693996764396072,0.011392405063291138,0.008973639961500843,40
Semantic_and_Neologism,Semantic,Neologism,1,3,1019,24499.23502241208,85.98563859464149,1.5190647045691692,0.002056962025316456,28.0,1.3,0.8,28,2,8,47.42085265294704,1.93049268975643,0.022784810126582282,0.01180158814109109,40
Semantic_and_Neologism,Semantic,Neologism,1,3,1019,24499.23502241208,85.98563859464149,1.5190647045691692,0.002056962025316456,28.0,1.3,0.9,28,2,9,68.97253607081988,2.3920419809137288,0.02848101265822785,0.011905568900328612,40
Semantic_and_Neologism,Semantic,Neologism,1,3,1019,24499.23502241208,85.98563859464149,1.5190647045691692,0.002056962025316456,28.0,1.3,1.0,28,2,10,69.12773224740556,2.40496369869407,0.027717154081187256,0.01152397815091266,29
Semantic_and_Neologism,Semantic,Neologism,1,3,1019,24499.23502241208,85.98563859464149,1.5190647045691692,0.002056962025316456,28.0,1.4,0.5,28,3,5,2.092587418833094,0.5354135581561656,0.0031645569620253173,0.005909490897771217,40
Semantic_and_Neologism,Semantic,Neologism,1,3,1019,24499.23502241208,85.98563859464149,1.5190647045691692,0.002056962025316456,28.0,1.4,0.6,28,3,6,25.37153863966308,1.4692215628350382,0.01629746835443038,0.011091587235775706,40
Semantic_and_Neologism,Semantic,Neologism,1,3,1019,24499.23502241208,85.98563859464149,1.5190647045691692,0.002056962025316456,28.0,1.4,0.7,28,3,7,80.94757178981178,3.1984680757563644,0.02895569620253165,0.009051988967440075,40
Semantic_and_Neologism,Semantic,Neologism,1,3,1019,24499.23502241208,85.98563859464149,1.5190647045691692,0.002056962025316456,28.0,1.4,0.8,28,3,8,56.16408728820768,2.0913670805694653,0.024683544303797465,0.01180158814109109,40
Semantic_and_Neologism,Semantic,Neologism,1,3,1019,24499.23502241208,85.98563859464149,1.5190647045691692,0.002056962025316456,28.0,1.4,0.9,28,3,9,55.09363318872348,2.071783657831597,0.022943037974683545,0.011073051041939655,40
Semantic_and_Neologism,Semantic,Neologism,1,3,1019,24499.23502241208,85.98563859464149,1.5190647045691692,0.002056962025316456,28.0,1.4,1.0,28,3,10,33.035050197006626,1.6444898146176279,0.017677869925796594,0.01074875945041472,29
Semantic_and_Neologism,Semantic,Neologism,1,3,1019,24499.23502241208,85.98563859464149,1.5190647045691692,0.002056962025316456,28.0,1.5,0.5,28,4,5,29.973068024991633,1.5769035252594816,0.01598101265822785,0.010133426362955942,40
Semantic_and_Neologism,Semantic,Neologism,1,3,1019,24499.23502241208,85.98563859464149,1.5190647045691692,0.002056962025316456,28.0,1.5,0.6,28,4,6,77.85745594613326,2.9827618529839452,0.025791139240506335,0.00864573095329584,40
Semantic_and_Neologism,Semantic,Neologism,1,3,1019,24499.23502241208,85.98563859464149,1.5190647045691692,0.002056962025316456,28.0,1.5,0.7,28,4,7,53.41687798747066,2.0412690862762775,0.021677215189873415,0.010618479487350396,40
Semantic_and_Neologism,Semantic,Neologism,1,3,1019,24499.23502241208,85.98563859464149,1.5190647045691692,0.002056962025316456,28.0,1.5,0.8,28,4,8,50.488329646895544,1.987519985378755,0.01867088607594937,0.009393062053867259,40
Semantic_and_Neologism,Semantic,Neologism,1,3,1019,24499.23502241208,85.98563859464149,1.5190647045691692,0.002056962025316456,28.0,1.5,0.9,28,4,9,18.89098451819546,1.302700560567066,0.010759493670886076,0.00825837594300448,40
Semantic_and_Neologism,Semantic,Neologism,1,3,1019,24499.23502241208,85.98563859464149,1.5190647045691692,0.002056962025316456,28.0,1.5,1.0,28,4,10,8.860478022511426,0.9639959640011171,0.0045831514622435635,0.0047533264011406715,29
Semantic_and_Neologism,Semantic,Neologism,1,3,1019,24499.23502241208,85.98563859464149,1.5190647045691692,0.002056962025316456,28.0,1.6,0.4,28,5,4,16.03919756297368,1.219643279121961,0.013291139240506327,0.010896562810393882,40
Semantic_and_Neologism,Semantic,Neologism,1,3,1019,24499.23502241208,85.98563859464149,1.5190647045691692,0.002056962025316456,28.0,1.6,0.5,28,5,5,71.88816549151242,2.478087161819511,0.027373417721518977,0.011045188424389526,40
Semantic_and_Neologism,Semantic,Neologism,1,3,1019,24499.23502241208,85.98563859464149,1.5190647045691692,0.002056962025316456,28.0,1.6,0.6,28,5,6,71.74404072464793,2.470665426496962,0.023101265822784815,0.009349220218015918,40
Semantic_and_Neologism,Semantic,Neologism,1,3,1019,24499.23502241208,85.98563859464149,1.5190647045691692,0.002056962025316456,28.0,1.6,0.7,28,5,7,41.64543926782299,1.819705424745765,0.016455696202531643,0.009042054979533682,40
Semantic_and_Neologism,Semantic,Neologism,1,3,1019,24499.23502241208,85.98563859464149,1.5190647045691692,0.002056962025316456,28.0,1.6,0.8,28,5,8,8.94707232288556,0.9677251175635392,0.006645569620253165,0.0068662079494896736,40
Semantic_and_Neologism,Semantic,Neologism,1,3,1019,24499.23502241208,85.98563859464149,1.5190647045691692,0.002056962025316456,28.0,1.6,0.9,28,5,9,3.645862960570146,0.6747780033354353,0.0034810126582278484,0.005157752420827537,40
Semantic_and_Neologism,Semantic,Neologism,1,3,1019,24499.23502241208,85.98563859464149,1.5190647045691692,0.002056962025316456,28.0,1.7,0.3,28,6,3,5.684725440456949,0.807319697240024,0.003639240506329115,0.0045068059147702596,40
Semantic_and_Neologism,Semantic,Neologism,1,3,1019,24499.23502241208,85.98563859464149,1.5190647045691692,0.002056962025316456,28.0,1.7,0.4,28,6,4,70.2252897699678,2.420640497598191,0.027689873417721517,0.011438068893210692,40
Semantic_and_Neologism,Semantic,Neologism,1,3,1019,24499.23502241208,85.98563859464149,1.5190647045691692,0.002056962025316456,28.0,1.7,0.5,28,6,5,73.15428651276332,2.6685421442909414,0.02357594936708861,0.008833767484383493,40
Semantic_and_Neologism,Semantic,Neologism,1,3,1019,24499.23502241208,85.98563859464149,1.5190647045691692,0.002056962025316456,28.0,1.7,0.6,28,6,6,23.340646796737158,1.4191275446149532,0.01613924050632911,0.011371649743549381,40
Semantic_and_Neologism,Semantic,Neologism,1,3,1019,24499.23502241208,85.98563859464149,1.5190647045691692,0.002056962025316456,28.0,1.7,0.7,28,6,7,9.507459797034414,0.9912985421327306,0.005537974683544307,0.005585586127353344,40
Semantic_and_Neologism,Semantic,Neologism,1,3,1019,24499.23502241208,85.98563859464149,1.5190647045691692,0.002056962025316456,28.0,1.8,0.3,28,7,3,24.224869011160802,1.4411153925468718,0.016613924050632913,0.011527517519524414,40
Semantic_and_Neologism,Semantic,Neologism,1,3,1019,24499.23502241208,85.98563859464149,1.5190647045691692,0.002056962025316456,28.0,1.8,0.4,28,7,4,70.66367963367695,2.492841958826784,0.025,0.0100277143801791,40
Semantic_and_Neologism,Semantic,Neologism,1,3,1019,24499.23502241208,85.98563859464149,1.5190647045691692,0.002056962025316456,28.0,1.8,0.5,28,7,5,41.64543926782304,1.819705424745766,0.016455696202531647,0.009042054979533679,40
Semantic_and_Neologism,Semantic,Neologism,1,3,1019,24499.23502241208,85.98563859464149,1.5190647045691692,0.002056962025316456,28.0,1.8,0.6,28,7,6,7.979700453590178,0.9246376087729569,0.004272151898734178,0.004619352728679888,40
Semantic_and_Neologism,Semantic,Neologism,1,3,1019,24499.23502241208,85.98563859464149,1.5190647045691692,0.002056962025316456,28.0,1.9,0.2,28,8,2,1.7356832117960745,0.49361417897597476,0.0025316455696202536,0.005127794263714767,40
Semantic_and_Neologism,Semantic,Neologism,1,3,1019,24499.23502241208,85.98563859464149,1.5190647045691692,0.002056962025316456,28.0,1.9,0.3,28,8,3,73.38296206480764,3.285486174693312,0.0300632911392405,0.00914933256593959,40
Semantic_and_Neologism,Semantic,Neologism,1,3,1019,24499.23502241208,85.98563859464149,1.5190647045691692,0.002056962025316456,28.0,1.9,0.4,28,8,4,52.81474972608563,2.0303014088756703,0.01977848101265823,0.009740647681568154,40
Semantic_and_Neologism,Semantic,Neologism,1,3,1019,24499.23502241208,85.98563859464149,1.5190647045691692,0.002056962025316456,28.0,1.9,0.5,28,8,5,9.269495609735793,0.9813953359342287,0.004113924050632913,0.004190913187275042,40
Semantic_and_Neologism,Semantic,Neologism,1,3,1019,24499.23502241208,85.98563859464149,1.5190647045691692,0.002056962025316456,28.0,2.0,0.2,28,9,2,14.788339241610622,1.180715148451758,0.010126582278481011,0.008575651440239201,40
Semantic_and_Neologism,Semantic,Neologism,1,3,1019,24499.23502241208,85.98563859464149,1.5190647045691692,0.002056962025316456,28.0,2.0,0.3,28,9,3,44.35577187806758,1.8720040650662375,0.025791139240506335,0.01377628805284072,40
Semantic_and_Neologism,Semantic,Neologism,1,3,1019,24499.23502241208,85.98563859464149,1.5190647045691692,0.002056962025316456,28.0,2.0,0.4,28,9,4,14.061572822951835,1.1571058637608242,0.007911392405063292,0.006836224365409136,40
Semantic_and_Neologism,Semantic,Neologism,1,3,1019,24499.23502241208,85.98563859464149,1.5190647045691692,0.002056962025316456,29.0,1.1,1.0,29,0,10,7.774738974385011,0.9151104613926094,0.006540084388185655,0.007145770432755184,30
Semantic_and_Neologism,Semantic,Neologism,1,3,1019,24499.23502241208,85.98563859464149,1.5190647045691692,0.002056962025316456,29.0,1.2,0.7,29,1,7,2.782380506800433,0.6037349530010888,0.002215189873417722,0.003668142994630836,40
Semantic_and_Neologism,Semantic,Neologism,1,3,1019,24499.23502241208,85.98563859464149,1.5190647045691692,0.002056962025316456,29.0,1.2,0.8,29,1,8,8.136554730023063,0.9318498083120226,0.0055379746835443056,0.005941990634484262,40
Semantic_and_Neologism,Semantic,Neologism,1,3,1019,24499.23502241208,85.98563859464149,1.5190647045691692,0.002056962025316456,29.0,1.2,0.9,29,1,9,24.651687706429513,1.4516405231694416,0.013291139240506327,0.009154943932652898,40
Semantic_and_Neologism,Semantic,Neologism,1,3,1019,24499.23502241208,85.98563859464149,1.5190647045691692,0.002056962025316456,29.0,1.2,1.0,29,1,10,49.35394028456912,1.9665965619008319,0.02426160337552742,0.012335848261382674,30
Semantic_and_Neologism,Semantic,Neologism,1,3,1019,24499.23502241208,85.98563859464149,1.5190647045691692,0.002056962025316456,29.0,1.3,0.6,29,2,6,2.709415504857282,0.5970995396632934,0.0023734177215189883,0.003973911323591653,40
Semantic_and_Neologism,Semantic,Neologism,1,3,1019,24499.23502241208,85.98563859464149,1.5190647045691692,0.002056962025316456,29.0,1.3,0.7,29,2,7,14.322146739396493,1.1656386189188257,0.012025316455696199,0.010315504841655075,40
Semantic_and_Neologism,Semantic,Neologism,1,3,1019,24499.23502241208,85.98563859464149,1.5190647045691692,0.002056962025316456,29.0,1.3,0.8,29,2,8,72.11691309292466,2.646306158147657,0.0240506329113924,0.009087378847376903,40
Semantic_and_Neologism,Semantic,Neologism,1,3,1019,24499.23502241208,85.98563859464149,1.5190647045691692,0.002056962025316456,29.0,1.3,0.9,29,2,9,71.26461100893525,2.51898624661783,0.026582278481012654,0.010551768407014493,40
Semantic_and_Neologism,Semantic,Neologism,1,3,1019,24499.23502241208,85.98563859464149,1.5190647045691692,0.002056962025316456,29.0,1.3,1.0,29,2,10,54.181704409344334,2.0551796392210124,0.023134002618943692,0.011255438209806477,29
Semantic_and_Neologism,Semantic,Neologism,1,3,1019,24499.23502241208,85.98563859464149,1.5190647045691692,0.002056962025316456,29.0,1.4,0.5,29,3,5,6.475030776909196,0.8506384059144445,0.004430379746835445,0.005207299691186344,40
Semantic_and_Neologism,Semantic,Neologism,1,3,1019,24499.23502241208,85.98563859464149,1.5190647045691692,0.002056962025316456,29.0,1.4,0.6,29,3,6,22.09683793031365,1.3877834353923364,0.013765822784810125,0.009918287428962884,40
Semantic_and_Neologism,Semantic,Neologism,1,3,1019,24499.23502241208,85.98563859464149,1.5190647045691692,0.002056962025316456,29.0,1.4,0.7,29,3,7,73.25686975308535,2.650651267429664,0.02816455696202531,0.01062452336027835,40
Semantic_and_Neologism,Semantic,Neologism,1,3,1019,24499.23502241208,85.98563859464149,1.5190647045691692,0.002056962025316456,29.0,1.4,0.8,29,3,8,71.20210301597301,2.513293566304609,0.026898734177215188,0.01070158346969209,40
Semantic_and_Neologism,Semantic,Neologism,1,3,1019,24499.23502241208,85.98563859464149,1.5190647045691692,0.002056962025316456,29.0,1.4,0.9,29,3,9,52.57343720384131,2.025901211133588,0.022557611165206097,0.011133605696091195,39
Semantic_and_Neologism,Semantic,Neologism,1,3,1019,24499.23502241208,85.98563859464149,1.5190647045691692,0.002056962025316456,29.0,1.4,1.0,29,3,10,33.325929218053716,1.6507561688977141,0.017896115233522487,0.01084016211146589,29
Semantic_and_Neologism,Semantic,Neologism,1,3,1019,24499.23502241208,85.98563859464149,1.5190647045691692,0.002056962025316456,29.0,1.5,0.4,29,4,4,3.242788957168993,0.6431758902589507,0.0033227848101265826,0.0051652148106776635,40
Semantic_and_Neologism,Semantic,Neologism,1,3,1019,24499.23502241208,85.98563859464149,1.5190647045691692,0.002056962025316456,29.0,1.5,0.5,29,4,5,35.79972235368839,1.7031469921686389,0.018829113924050636,0.011054483766598023,40
Semantic_and_Neologism,Semantic,Neologism,1,3,1019,24499.23502241208,85.98563859464149,1.5190647045691692,0.002056962025316456,29.0,1.5,0.6,29,4,6,75.62490780465981,2.7102164644505558,0.028797468354430384,0.010624523360278353,40
Semantic_and_Neologism,Semantic,Neologism,1,3,1019,24499.23502241208,85.98563859464149,1.5190647045691692,0.002056962025316456,29.0,1.5,0.7,29,4,7,68.2594777159173,2.362494920973301,0.026424050632911394,0.011183807382368979,40
Semantic_and_Neologism,Semantic,Neologism,1,3,1019,24499.23502241208,85.98563859464149,1.5190647045691692,0.002056962025316456,29.0,1.5,0.8,29,4,8,40.27258276340771,1.7930996649963342,0.019145569620253163,0.010676359431826286,40
Semantic_and_Neologism,Semantic,Neologism,1,3,1019,24499.23502241208,85.98563859464149,1.5190647045691692,0.002056962025316456,29.0,1.5,0.9,29,4,9,25.02221897296071,1.4607203195908272,0.009810126582278483,0.0067149513362739196,40
Semantic_and_Neologism,Semantic,Neologism,1,3,1019,24499.23502241208,85.98563859464149,1.5190647045691692,0.002056962025316456,29.0,1.5,1.0,29,4,10,2.8116486163547276,0.6063731198209336,0.0034919249236141426,0.005757706660092937,29
Semantic_and_Neologism,Semantic,Neologism,1,3,1019,24499.23502241208,85.98563859464149,1.5190647045691692,0.002056962025316456,29.0,1.6,0.4,29,5,4,14.429872581197653,1.1691525595776036,0.012816455696202534,0.010961175629870682,40
Semantic_and_Neologism,Semantic,Neologism,1,3,1019,24499.23502241208,85.98563859464149,1.5190647045691692,0.002056962025316456,29.0,1.6,0.5,29,5,5,73.4784191474263,2.655188242308305,0.02848101265822785,0.010725551211852197,40
Semantic_and_Neologism,Semantic,Neologism,1,3,1019,24499.23502241208,85.98563859464149,1.5190647045691692,0.002056962025316456,29.0,1.6,0.6,29,5,6,49.47724711012043,1.9688794158159424,0.024367088607594935,0.01237512035143185,40
Semantic_and_Neologism,Semantic,Neologism,1,3,1019,24499.23502241208,85.98563859464149,1.5190647045691692,0.002056962025316456,29.0,1.6,0.7,29,5,7,23.837747377884785,1.4315197282805556,0.015189873417721522,0.010610012281309297,40
Semantic_and_Neologism,Semantic,Neologism,1,3,1019,24499.23502241208,85.98563859464149,1.5190647045691692,0.002056962025316456,29.0,1.6,0.8,29,5,8,7.311188841439255,0.8930157707088957,0.0056962025316455705,0.006377613590579479,40
Semantic_and_Neologism,Semantic,Neologism,1,3,1019,24499.23502241208,85.98563859464149,1.5190647045691692,0.002056962025316456,29.0,1.6,0.9,29,5,9,2.9448817986040687,0.6181252694315805,0.002056962025316456,0.003326742978713699,40
Semantic_and_Neologism,Semantic,Neologism,1,3,1019,24499.23502241208,85.98563859464149,1.5190647045691692,0.002056962025316456,29.0,1.7,0.3,29,6,3,5.597152021794005,0.8022975639696164,0.005537974683544306,0.0069016442709653215,40
Semantic_and_Neologism,Semantic,Neologism,1,3,1019,24499.23502241208,85.98563859464149,1.5190647045691692,0.002056962025316456,29.0,1.7,0.4,29,6,4,74.81074252437541,3.0206475981572436,0.029746835443037967,0.00984683377616943,40
Semantic_and_Neologism,Semantic,Neologism,1,3,1019,24499.23502241208,85.98563859464149,1.5190647045691692,0.002056962025316456,29.0,1.7,0.5,29,6,5,50.62869772674437,1.9901117325647268,0.02294303797468354,0.011527517519524416,40
Semantic_and_Neologism,Semantic,Neologism,1,3,1019,24499.23502241208,85.98563859464149,1.5190647045691692,0.002056962025316456,29.0,1.7,0.6,29,6,6,40.19263986744771,1.7915239729446095,0.014240506329113922,0.007947822647183305,40
Semantic_and_Neologism,Semantic,Neologism,1,3,1019,24499.23502241208,85.98563859464149,1.5190647045691692,0.002056962025316456,29.0,1.7,0.7,29,6,7,6.3909413301836775,0.8461721661561381,0.0037974683544303813,0.0044868199807504205,40
Semantic_and_Neologism,Semantic,Neologism,1,3,1019,24499.23502241208,85.98563859464149,1.5190647045691692,0.002056962025316456,29.0,1.8,0.3,29,7,3,37.37111555478308,1.7352656414945866,0.017088607594936706,0.009846833776169432,40
Semantic_and_Neologism,Semantic,Neologism,1,3,1019,24499.23502241208,85.98563859464149,1.5190647045691692,0.002056962025316456,29.0,1.8,0.4,29,7,4,67.03508645594843,2.332730129275965,0.02325949367088607,0.009969932076101482,40
Semantic_and_Neologism,Semantic,Neologism,1,3,1019,24499.23502241208,85.98563859464149,1.5190647045691692,0.002056962025316456,29.0,1.8,0.5,29,7,5,24.656775514344154,1.4517660211072967,0.012658227848101269,0.0087181928065974,40
Semantic_and_Neologism,Semantic,Neologism,1,3,1019,24499.23502241208,85.98563859464149,1.5190647045691692,0.002056962025316456,29.0,1.8,0.6,29,7,6,5.105123127221758,0.7731363545109422,0.0033227848101265835,0.004296799205456398,40
Semantic_and_Neologism,Semantic,Neologism,1,3,1019,24499.23502241208,85.98563859464149,1.5190647045691692,0.002056962025316456,29.0,1.9,0.2,29,8,2,3.852696036695961,0.6900768413076414,0.005063291139240507,0.007336285989261672,40
Semantic_and_Neologism,Semantic,Neologism,1,3,1019,24499.23502241208,85.98563859464149,1.5190647045691692,0.002056962025316456,29.0,1.9,0.3,29,8,3,70.50222917487666,2.998630864112985,0.02958860759493671,0.009866372456225691,40
Semantic_and_Neologism,Semantic,Neologism,1,3,1019,24499.23502241208,85.98563859464149,1.5190647045691692,0.002056962025316456,29.0,1.9,0.4,29,8,4,47.67918337324143,1.9353939156237865,0.016772151898734176,0.008665014584079353,40
Semantic_and_Neologism,Semantic,Neologism,1,3,1019,24499.23502241208,85.98563859464149,1.5190647045691692,0.002056962025316456,29.0,1.9,0.5,29,8,5,5.043330280789512,0.7693593638673465,0.0036392405063291147,0.0047292218927130585,40
Semantic_and_Neologism,Semantic,Neologism,1,3,1019,24499.23502241208,85.98563859464149,1.5190647045691692,0.002056962025316456,29.0,2.0,0.2,29,9,2,20.25484140648916,1.3398538386266843,0.01012658227848101,0.007556975345176826,40
Semantic_and_Neologism,Semantic,Neologism,1,3,1019,24499.23502241208,85.98563859464149,1.5190647045691692,0.002056962025316456,29.0,2.0,0.3,29,9,3,55.20491987869927,2.0738174758727963,0.023734177215189882,0.011443679915816126,40
Semantic_and_Neologism,Semantic,Neologism,1,3,1019,24499.23502241208,85.98563859464149,1.5190647045691692,0.002056962025316456,29.0,2.0,0.4,29,9,4,18.352093848810743,1.2875767177129578,0.007278481012658227,0.005651852301947909,40
Semantic_and_Neologism,Semantic,Neologism,1,3,1019,24499.23502241208,85.98563859464149,1.5190647045691692,0.002056962025316456,30.0,1.1,0.9,30,0,9,2.8041964021095827,0.6057021240573229,0.003006329113924051,0.0049623788532653975,40
Semantic_and_Neologism,Semantic,Neologism,1,3,1019,24499.23502241208,85.98563859464149,1.5190647045691692,0.002056962025316456,30.0,1.1,1.0,30,0,10,12.945905130354062,1.1197217250512081,0.010126582278481015,0.009042838350120336,30
Semantic_and_Neologism,Semantic,Neologism,1,3,1019,24499.23502241208,85.98563859464149,1.5190647045691692,0.002056962025316456,30.0,1.2,0.7,30,1,7,3.909136829745649,0.6941619913861908,0.002373417721518988,0.003418112182704567,40
Semantic_and_Neologism,Semantic,Neologism,1,3,1019,24499.23502241208,85.98563859464149,1.5190647045691692,0.002056962025316456,30.0,1.2,0.8,30,1,8,6.884490835299275,0.8718558853870302,0.007753164556962028,0.00889171344830147,40
Semantic_and_Neologism,Semantic,Neologism,1,3,1019,24499.23502241208,85.98563859464149,1.5190647045691692,0.002056962025316456,30.0,1.2,0.9,30,1,9,25.571260217229725,1.4740774219524624,0.014873417721518987,0.010088984080903073,40
Semantic_and_Neologism,Semantic,Neologism,1,3,1019,24499.23502241208,85.98563859464149,1.5190647045691692,0.002056962025316456,30.0,1.2,1.0,30,1,10,66.78561036104273,2.692296059022,0.025316455696202535,0.009402295603901363,30
Semantic_and_Neologism,Semantic,Neologism,1,3,1019,24499.23502241208,85.98563859464149,1.5190647045691692,0.002056962025316456,30.0,1.3,0.6,30,2,6,3.9838355354870174,0.6995043207479951,0.0030063291139240515,0.004296799205456399,40
Semantic_and_Neologism,Semantic,Neologism,1,3,1019,24499.23502241208,85.98563859464149,1.5190647045691692,0.002056962025316456,30.0,1.3,0.7,30,2,7,21.906252901119586,1.3829199769014262,0.0120253164556962,0.008694598195522603,40
Semantic_and_Neologism,Semantic,Neologism,1,3,1019,24499.23502241208,85.98563859464149,1.5190647045691692,0.002056962025316456,30.0,1.3,0.8,30,2,8,62.29494575825663,2.2185173279227492,0.0240506329113924,0.010839858716173104,40
Semantic_and_Neologism,Semantic,Neologism,1,3,1019,24499.23502241208,85.98563859464149,1.5190647045691692,0.002056962025316456,30.0,1.3,0.9,30,2,9,73.3074116683169,2.805697433163108,0.024525316455696198,0.008740254907178878,40
Semantic_and_Neologism,Semantic,Neologism,1,3,1019,24499.23502241208,85.98563859464149,1.5190647045691692,0.002056962025316456,30.0,1.3,1.0,30,2,10,64.1252970563234,2.261433076780714,0.02400698384984723,0.010614827678625191,29
Semantic_and_Neologism,Semantic,Neologism,1,3,1019,24499.23502241208,85.98563859464149,1.5190647045691692,0.002056962025316456,30.0,1.4,0.5,30,3,5,4.4846941806686305,0.7338061978691666,0.0034810126582278484,0.004742776583430402,40
Semantic_and_Neologism,Semantic,Neologism,1,3,1019,24499.23502241208,85.98563859464149,1.5190647045691692,0.002056962025316456,30.0,1.4,0.6,30,3,6,38.908315463477884,1.7660255766895858,0.017879746835443033,0.010123285328278548,40
Semantic_and_Neologism,Semantic,Neologism,1,3,1019,24499.23502241208,85.98563859464149,1.5190647045691692,0.002056962025316456,30.0,1.4,0.7,30,3,7,74.66726492101496,2.8370787997721365,0.026898734177215188,0.009480137492330348,40
Semantic_and_Neologism,Semantic,Neologism,1,3,1019,24499.23502241208,85.98563859464149,1.5190647045691692,0.002056962025316456,30.0,1.4,0.8,30,3,8,59.602132825944196,2.157967642742018,0.021360759493670882,0.009897554116654349,40
Semantic_and_Neologism,Semantic,Neologism,1,3,1019,24499.23502241208,85.98563859464149,1.5190647045691692,0.002056962025316456,30.0,1.4,0.9,30,3,9,43.01462688536938,1.8462685881491963,0.02041139240506329,0.011054483766598023,40
Semantic_and_Neologism,Semantic,Neologism,1,3,1019,24499.23502241208,85.98563859464149,1.5190647045691692,0.002056962025316456,30.0,1.4,1.0,30,3,10,64.20270700701148,2.2764097194495423,0.01615015277171541,0.0070935720507733,29
Semantic_and_Neologism,Semantic,Neologism,1,3,1019,24499.23502241208,85.98563859464149,1.5190647045691692,0.002056962025316456,30.0,1.5,0.4,30,4,4,6.390941330183671,0.8461721661561378,0.0037974683544303805,0.004486819980750421,40
Semantic_and_Neologism,Semantic,Neologism,1,3,1019,24499.23502241208,85.98563859464149,1.5190647045691692,0.002056962025316456,30.0,1.5,0.5,30,4,5,43.103328581414004,1.8479812549636416,0.018196202531645573,0.009845529818833892,40
Semantic_and_Neologism,Semantic,Neologism,1,3,1019,24499.23502241208,85.98563859464149,1.5190647045691692,0.002056962025316456,30.0,1.5,0.6,30,4,6,73.46108070943164,2.5555502339353477,0.02943037974683544,0.011515259534258873,40
Semantic_and_Neologism,Semantic,Neologism,1,3,1019,24499.23502241208,85.98563859464149,1.5190647045691692,0.002056962025316456,30.0,1.5,0.7,30,4,7,44.506401550962316,1.8748759311467778,0.022626582278481012,0.012067309109201346,40
Semantic_and_Neologism,Semantic,Neologism,1,3,1019,24499.23502241208,85.98563859464149,1.5190647045691692,0.002056962025316456,30.0,1.5,0.8,30,4,8,25.817777459369047,1.480072362812937,0.013449367088607594,0.009085965898779795,40
Semantic_and_Neologism,Semantic,Neologism,1,3,1019,24499.23502241208,85.98563859464149,1.5190647045691692,0.002056962025316456,30.0,1.5,0.9,30,4,9,14.251070909789147,1.163314481780872,0.007436708860759494,0.006391690005349999,40
Semantic_and_Neologism,Semantic,Neologism,1,3,1019,24499.23502241208,85.98563859464149,1.5190647045691692,0.002056962025316456,30.0,1.5,1.0,30,4,10,4.144762898298843,0.7108470786691076,0.0037101702313400266,0.005218364815125132,29
Semantic_and_Neologism,Semantic,Neologism,1,3,1019,24499.23502241208,85.98563859464149,1.5190647045691692,0.002056962025316456,30.0,1.6,0.4,30,5,4,28.206416968423508,1.5365396529403026,0.017088607594936706,0.011120488184334304,40
Semantic_and_Neologism,Semantic,Neologism,1,3,1019,24499.23502241208,85.98563859464149,1.5190647045691692,0.002056962025316456,30.0,1.6,0.5,30,5,5,73.3189218366366,2.632433208775762,0.028955696202531626,0.010998593876115,40
Semantic_and_Neologism,Semantic,Neologism,1,3,1019,24499.23502241208,85.98563859464149,1.5190647045691692,0.002056962025316456,30.0,1.6,0.6,30,5,6,35.20779932111586,1.6907914203792247,0.02246835443037975,0.01328766125032759,40
Semantic_and_Neologism,Semantic,Neologism,1,3,1019,24499.23502241208,85.98563859464149,1.5190647045691692,0.002056962025316456,30.0,1.6,0.7,30,5,7,17.939210606958667,1.2757695094730293,0.012183544303797464,0.00954895727153725,40
Semantic_and_Neologism,Semantic,Neologism,1,3,1019,24499.23502241208,85.98563859464149,1.5190647045691692,0.002056962025316456,30.0,1.6,0.8,30,5,8,4.669259933751446,0.7458532084028194,0.003955696202531648,0.005302585421322288,40
Semantic_and_Neologism,Semantic,Neologism,1,3,1019,24499.23502241208,85.98563859464149,1.5190647045691692,0.002056962025316456,30.0,1.7,0.3,30,6,3,4.056755321456797,0.7046809399383704,0.005696202531645571,0.008082378176999859,40
Semantic_and_Neologism,Semantic,Neologism,1,3,1019,24499.23502241208,85.98563859464149,1.5190647045691692,0.002056962025316456,30.0,1.7,0.4,30,6,4,70.54689502663446,2.4585707893857807,0.026265822784810138,0.01068237055748233,40
Semantic_and_Neologism,Semantic,Neologism,1,3,1019,24499.23502241208,85.98563859464149,1.5190647045691692,0.002056962025316456,30.0,1.7,0.5,30,6,5,47.01077818711121,1.9227143680420764,0.023417721518987338,0.012178511376322575,40
Semantic_and_Neologism,Semantic,Neologism,1,3,1019,24499.23502241208,85.98563859464149,1.5190647045691692,0.002056962025316456,30.0,1.7,0.6,30,6,6,13.511946933248398,1.138872424092069,0.00838607594936709,0.0073624902136230335,40
Semantic_and_Neologism,Semantic,Neologism,1,3,1019,24499.23502241208,85.98563859464149,1.5190647045691692,0.002056962025316456,30.0,1.8,0.3,30,7,3,57.72856980863969,2.119970652898521,0.02167721518987342,0.010224243052414587,40
Semantic_and_Neologism,Semantic,Neologism,1,3,1019,24499.23502241208,85.98563859464149,1.5190647045691692,0.002056962025316456,30.0,1.8,0.4,30,7,4,61.83711996497326,2.2077201670863236,0.022151898734177212,0.010032834479762243,40
Semantic_and_Neologism,Semantic,Neologism,1,3,1019,24499.23502241208,85.98563859464149,1.5190647045691692,0.002056962025316456,30.0,1.8,0.5,30,7,5,17.43655238472302,1.2611889182509342,0.01060126582278481,0.008404771466408901,40
Semantic_and_Neologism,Semantic,Neologism,1,3,1019,24499.23502241208,85.98563859464149,1.5190647045691692,0.002056962025316456,30.0,1.9,0.2,30,8,2,4.827737599575028,0.7559752645662302,0.004905063291139242,0.006487391249088963,40
Semantic_and_Neologism,Semantic,Neologism,1,3,1019,24499.23502241208,85.98563859464149,1.5190647045691692,0.002056962025316456,30.0,1.9,0.3,30,8,3,67.00554687247588,2.696916471901829,0.027056962025316468,0.010031554699862938,40
Semantic_and_Neologism,Semantic,Neologism,1,3,1019,24499.23502241208,85.98563859464149,1.5190647045691692,0.002056962025316456,30.0,1.9,0.4,30,8,4,30.604819585816013,1.5910764333691887,0.012025316455696204,0.007556975345176824,40
Semantic_and_Neologism,Semantic,Neologism,1,3,1019,24499.23502241208,85.98563859464149,1.5190647045691692,0.002056962025316456,30.0,1.9,0.5,30,8,5,2.3328752527129866,0.5607378263027829,0.0030063291139240515,0.005360380975038265,40
Semantic_and_Neologism,Semantic,Neologism,1,3,1019,24499.23502241208,85.98563859464149,1.5190647045691692,0.002056962025316456,30.0,2.0,0.2,30,9,2,34.93423660119244,1.6850373042155935,0.017246835443037976,0.010234284049730044,40
Semantic_and_Neologism,Semantic,Neologism,1,3,1019,24499.23502241208,85.98563859464149,1.5190647045691692,0.002056962025316456,30.0,2.0,0.3,30,9,3,50.101827218616535,1.980394562131813,0.019145569620253163,0.009666553116104171,40
Semantic_and_Neologism,Semantic,Neologism,1,3,1019,24499.23502241208,85.98563859464149,1.5190647045691692,0.002056962025316456,30.0,2.0,0.4,30,9,4,7.954114497085125,0.9234551377327115,0.004430379746835445,0.004796612321171352,40
Semantic_and_Neologism,Semantic,Neologism,1,3,1019,24499.23502241208,85.98563859464149,1.5190647045691692,0.002056962025316456,31.0,1.1,0.9,31,0,9,3.7822554948974796,0.6849320134748947,0.0020569620253164562,0.0030021623356028915,40
Semantic_and_Neologism,Semantic,Neologism,1,3,1019,24499.23502241208,85.98563859464149,1.5190647045691692,0.002056962025316456,31.0,1.1,1.0,31,0,10,13.446123490117536,1.1366594157671537,0.006118143459915613,0.005381565239022243,30
Semantic_and_Neologism,Semantic,Neologism,1,3,1019,24499.23502241208,85.98563859464149,1.5190647045691692,0.002056962025316456,31.0,1.2,0.8,31,1,8,8.84849874770518,0.9634774197079501,0.0063291139240506345,0.006568031919781908,40
Semantic_and_Neologism,Semantic,Neologism,1,3,1019,24499.23502241208,85.98563859464149,1.5190647045691692,0.002056962025316456,31.0,1.2,0.9,31,1,9,24.98664927219333,1.459848943724133,0.01313291139240506,0.008995075552106425,40
Semantic_and_Neologism,Semantic,Neologism,1,3,1019,24499.23502241208,85.98563859464149,1.5190647045691692,0.002056962025316456,31.0,1.2,1.0,31,1,10,56.429406445789375,2.096217276466962,0.020042194092827006,0.009560124372854528,30
Semantic_and_Neologism,Semantic,Neologism,1,3,1019,24499.23502241208,85.98563859464149,1.5190647045691692,0.002056962025316456,31.0,1.3,0.7,31,2,7,12.786038261654902,1.1142370146080798,0.00870253164556962,0.007809305645456084,40
Semantic_and_Neologism,Semantic,Neologism,1,3,1019,24499.23502241208,85.98563859464149,1.5190647045691692,0.002056962025316456,31.0,1.3,0.8,31,2,8,67.43650647700757,2.3425057352955676,0.022943037974683545,0.00979322915768814,40
Semantic_and_Neologism,Semantic,Neologism,1,3,1019,24499.23502241208,85.98563859464149,1.5190647045691692,0.002056962025316456,31.0,1.3,0.9,31,2,9,59.75577008735454,2.161136099306424,0.02389240506329114,0.011054483766598023,40
Semantic_and_Neologism,Semantic,Neologism,1,3,1019,24499.23502241208,85.98563859464149,1.5190647045691692,0.002056962025316456,31.0,1.3,1.0,31,2,10,50.6712527839486,1.990898952838457,0.025534701003928413,0.012824714216948668,29
Semantic_and_Neologism,Semantic,Neologism,1,3,1019,24499.23502241208,85.98563859464149,1.5190647045691692,0.002056962025316456,31.0,1.4,0.5,31,3,5,2.4176336350500742,0.569281554914044,0.0036392405063291147,0.006391690005349998,40
Semantic_and_Neologism,Semantic,Neologism,1,3,1019,24499.23502241208,85.98563859464149,1.5190647045691692,0.002056962025316456,31.0,1.4,0.6,31,3,6,44.66941149241944,1.8780206836660953,0.01360759493670886,0.007244710899277953,40
Semantic_and_Neologism,Semantic,Neologism,1,3,1019,24499.23502241208,85.98563859464149,1.5190647045691692,0.002056962025316456,31.0,1.4,0.7,31,3,7,69.20051843175693,2.403472649753876,0.025316455696202535,0.01053228220680815,40
Semantic_and_Neologism,Semantic,Neologism,1,3,1019,24499.23502241208,85.98563859464149,1.5190647045691692,0.002056962025316456,31.0,1.4,0.8,31,3,8,71.56208976722891,2.6749991705883565,0.0259493670886076,0.009699700984853066,40
Semantic_and_Neologism,Semantic,Neologism,1,3,1019,24499.23502241208,85.98563859464149,1.5190647045691692,0.002056962025316456,31.0,1.4,0.9,31,3,9,57.87426477042181,2.1228729846198573,0.02120253164556962,0.009986659082376215,40
Semantic_and_Neologism,Semantic,Neologism,1,3,1019,24499.23502241208,85.98563859464149,1.5190647045691692,0.002056962025316456,31.0,1.4,1.0,31,3,10,20.563164786286254,1.3480364301470473,0.014404190309908334,0.01068431234600024,29
Semantic_and_Neologism,Semantic,Neologism,1,3,1019,24499.23502241208,85.98563859464149,1.5190647045691692,0.002056962025316456,31.0,1.5,0.4,31,4,4,3.4994713019699426,0.6635698561933272,0.0030063291139240515,0.0045295390018321975,40
Semantic_and_Neologism,Semantic,Neologism,1,3,1019,24499.23502241208,85.98563859464149,1.5190647045691692,0.002056962025316456,31.0,1.5,0.5,31,4,5,28.671688213896786,1.5472987727937548,0.015348101265822787,0.009918287428962882,40
Semantic_and_Neologism,Semantic,Neologism,1,3,1019,24499.23502241208,85.98563859464149,1.5190647045691692,0.002056962025316456,31.0,1.5,0.6,31,4,6,78.50086749911333,3.123134237827246,0.027373417721518984,0.008763726597394859,40
Semantic_and_Neologism,Semantic,Neologism,1,3,1019,24499.23502241208,85.98563859464149,1.5190647045691692,0.002056962025316456,31.0,1.5,0.7,31,4,7,62.164550707134445,2.2154375486006654,0.026898734177215194,0.012140499630267265,40
Semantic_and_Neologism,Semantic,Neologism,1,3,1019,24499.23502241208,85.98563859464149,1.5190647045691692,0.002056962025316456,31.0,1.5,0.8,31,4,8,41.745405021576985,1.8216551348133236,0.015664556962025317,0.008598079300281808,40
Semantic_and_Neologism,Semantic,Neologism,1,3,1019,24499.23502241208,85.98563859464149,1.5190647045691692,0.002056962025316456,31.0,1.5,0.9,31,4,9,15.833748732109969,1.2133847318092803,0.00901898734177215,0.007431916457028366,40
Semantic_and_Neologism,Semantic,Neologism,1,3,1019,24499.23502241208,85.98563859464149,1.5190647045691692,0.002056962025316456,31.0,1.5,1.0,31,4,10,8.875277358936264,0.9646362477902772,0.004801396769969447,0.004976416908153885,29
Semantic_and_Neologism,Semantic,Neologism,1,3,1019,24499.23502241208,85.98563859464149,1.5190647045691692,0.002056962025316456,31.0,1.6,0.4,31,5,4,21.11165806550515,1.3624408707261768,0.013607594936708859,0.009986659082376215,40
Semantic_and_Neologism,Semantic,Neologism,1,3,1019,24499.23502241208,85.98563859464149,1.5190647045691692,0.002056962025316456,31.0,1.6,0.5,31,5,5,71.88816549151244,2.4780871618195124,0.027373417721518984,0.011045188424389524,40
Semantic_and_Neologism,Semantic,Neologism,1,3,1019,24499.23502241208,85.98563859464149,1.5190647045691692,0.002056962025316456,31.0,1.6,0.6,31,5,6,58.51822065166799,2.1356934784467376,0.021360759493670892,0.010000790851188206,40
Semantic_and_Neologism,Semantic,Neologism,1,3,1019,24499.23502241208,85.98563859464149,1.5190647045691692,0.002056962025316456,31.0,1.6,0.7,31,5,7,19.862573774707112,1.3293494293729426,0.012341772151898734,0.009283069244096625,40
Semantic_and_Neologism,Semantic,Neologism,1,3,1019,24499.23502241208,85.98563859464149,1.5190647045691692,0.002056962025316456,31.0,1.6,0.8,31,5,8,3.4041382137744742,0.6561332613222561,0.003955696202531647,0.0060277999949279034,40
Semantic_and_Neologism,Semantic,Neologism,1,3,1019,24499.23502241208,85.98563859464149,1.5190647045691692,0.002056962025316456,31.0,1.7,0.3,31,6,3,10.040603332353614,1.0128171489266573,0.004588607594936711,0.0045295390018321975,40
Semantic_and_Neologism,Semantic,Neologism,1,3,1019,24499.23502241208,85.98563859464149,1.5190647045691692,0.002056962025316456,31.0,1.7,0.4,31,6,4,48.86334600110738,1.9575358171408008,0.027056962025316454,0.013820949917031998,40
Semantic_and_Neologism,Semantic,Neologism,1,3,1019,24499.23502241208,85.98563859464149,1.5190647045691692,0.002056962025316456,31.0,1.7,0.5,31,6,5,55.33011959161284,2.07611384137502,0.02468354430379746,0.011888301931270509,40
Semantic_and_Neologism,Semantic,Neologism,1,3,1019,24499.23502241208,85.98563859464149,1.5190647045691692,0.002056962025316456,31.0,1.7,0.6,31,6,6,20.511789922182228,1.346674644372875,0.010917721518987341,0.008106170922544214,40
Semantic_and_Neologism,Semantic,Neologism,1,3,1019,24499.23502241208,85.98563859464149,1.5190647045691692,0.002056962025316456,31.0,1.7,0.7,31,6,7,2.7094155048572808,0.5970995396632933,0.002373417721518988,0.003973911323591653,40
Semantic_and_Neologism,Semantic,Neologism,1,3,1019,24499.23502241208,85.98563859464149,1.5190647045691692,0.002056962025316456,31.0,1.8,0.3,31,7,3,50.73760837006632,1.9921300923456255,0.015348101265822787,0.007703366961171309,40
Semantic_and_Neologism,Semantic,Neologism,1,3,1019,24499.23502241208,85.98563859464149,1.5190647045691692,0.002056962025316456,31.0,1.8,0.4,31,7,4,58.49035465988383,2.1351161969329016,0.027848101265822777,0.01304189729328391,40
Semantic_and_Neologism,Semantic,Neologism,1,3,1019,24499.23502241208,85.98563859464149,1.5190647045691692,0.002056962025316456,31.0,1.8,0.5,31,7,5,28.965499801311356,1.554036873243657,0.0125,0.008042567186349594,40
Semantic_and_Neologism,Semantic,Neologism,1,3,1019,24499.23502241208,85.98563859464149,1.5190647045691692,0.002056962025316456,31.0,1.8,0.6,31,7,6,3.6778101355344264,0.6771839506186652,0.0025316455696202536,0.003737490209798061,40
Semantic_and_Neologism,Semantic,Neologism,1,3,1019,24499.23502241208,85.98563859464149,1.5190647045691692,0.002056962025316456,31.0,1.9,0.2,31,8,2,2.63045887803957,0.5898227922930686,0.0034810126582278484,0.005900794070545545,40
Semantic_and_Neologism,Semantic,Neologism,1,3,1019,24499.23502241208,85.98563859464149,1.5190647045691692,0.002056962025316456,31.0,1.9,0.3,31,8,3,64.745553345629,2.5277681918371253,0.026265822784810128,0.0103899143526807,40
Semantic_and_Neologism,Semantic,Neologism,1,3,1019,24499.23502241208,85.98563859464149,1.5190647045691692,0.002056962025316456,31.0,1.9,0.4,31,8,4,49.80948065500675,1.9750103418604867,0.017879746835443036,0.009051988967440075,40
Semantic_and_Neologism,Semantic,Neologism,1,3,1019,24499.23502241208,85.98563859464149,1.5190647045691692,0.002056962025316456,31.0,1.9,0.5,31,8,5,4.585496866637395,0.7404212684639623,0.0037974683544303805,0.005127794263714766,40
Semantic_and_Neologism,Semantic,Neologism,1,3,1019,24499.23502241208,85.98563859464149,1.5190647045691692,0.002056962025316456,31.0,2.0,0.2,31,9,2,14.012336391313902,1.1554824653363058,0.010759493670886074,0.009310689267179402,40
Semantic_and_Neologism,Semantic,Neologism,1,3,1019,24499.23502241208,85.98563859464149,1.5190647045691692,0.002056962025316456,31.0,2.0,0.3,31,9,3,57.250982400123775,2.1112048931962013,0.024841772151898728,0.011765632519636787,40
Semantic_and_Neologism,Semantic,Neologism,1,3,1019,24499.23502241208,85.98563859464149,1.5190647045691692,0.002056962025316456,31.0,2.0,0.4,31,9,4,10.940425771036029,1.0477032899514476,0.007911392405063293,0.0075501764456041,40
Semantic_and_Neologism,Semantic,Neologism,1,3,1019,24499.23502241208,85.98563859464149,1.5190647045691692,0.002056962025316456,32.0,1.1,1.0,32,0,10,7.276492550785146,0.891319930382849,0.0065400843881856545,0.0073365273740109115,30
Semantic_and_Neologism,Semantic,Neologism,1,3,1019,24499.23502241208,85.98563859464149,1.5190647045691692,0.002056962025316456,32.0,1.2,0.7,32,1,7,2.6898127307267146,0.5952971836147251,0.0025316455696202536,0.0042517423937196526,40
Semantic_and_Neologism,Semantic,Neologism,1,3,1019,24499.23502241208,85.98563859464149,1.5190647045691692,0.002056962025316456,32.0,1.2,0.8,32,1,8,10.552745031143735,1.0328807906231956,0.005696202531645572,0.005513869269868723,40
Semantic_and_Neologism,Semantic,Neologism,1,3,1019,24499.23502241208,85.98563859464149,1.5190647045691692,0.002056962025316456,32.0,1.2,0.9,32,1,9,51.40580194838471,2.0044758442010284,0.016455696202531643,0.00820847593364029,40
Semantic_and_Neologism,Semantic,Neologism,1,3,1019,24499.23502241208,85.98563859464149,1.5190647045691692,0.002056962025316456,32.0,1.2,1.0,32,1,10,58.20882501644642,2.1295250464048117,0.021729957805907172,0.010203133472199801,30
Semantic_and_Neologism,Semantic,Neologism,1,3,1019,24499.23502241208,85.98563859464149,1.5190647045691692,0.002056962025316456,32.0,1.3,0.6,32,2,6,7.117702283124773,0.8835093564501431,0.004113924050632913,0.0046553446335897,40
Semantic_and_Neologism,Semantic,Neologism,1,3,1019,24499.23502241208,85.98563859464149,1.5190647045691692,0.002056962025316456,32.0,1.3,0.7,32,2,7,44.7358499110775,1.8793066254349704,0.014556962025316453,0.007744921728950009,40
Semantic_and_Neologism,Semantic,Neologism,1,3,1019,24499.23502241208,85.98563859464149,1.5190647045691692,0.002056962025316456,32.0,1.3,0.8,32,2,8,58.963605053389095,2.144894090940522,0.022943037974683538,0.010695583142071675,40
Semantic_and_Neologism,Semantic,Neologism,1,3,1019,24499.23502241208,85.98563859464149,1.5190647045691692,0.002056962025316456,32.0,1.3,0.9,32,2,9,74.48271960332806,3.281793151245094,0.028955696202531644,0.008822132619295648,40
Semantic_and_Neologism,Semantic,Neologism,1,3,1019,24499.23502241208,85.98563859464149,1.5190647045691692,0.002056962025316456,32.0,1.3,1.0,32,2,10,63.53183373491777,2.324126219709556,0.02466171977302488,0.010610179188067864,29
Semantic_and_Neologism,Semantic,Neologism,1,3,1019,24499.23502241208,85.98563859464149,1.5190647045691692,0.002056962025316456,32.0,1.4,0.5,32,3,5,5.212133189073976,0.7796123416728796,0.0041139240506329125,0.005275884203507246,40
Semantic_and_Neologism,Semantic,Neologism,1,3,1019,24499.23502241208,85.98563859464149,1.5190647045691692,0.002056962025316456,32.0,1.4,0.6,32,3,6,32.335317006377196,1.629301303447918,0.01566455696202531,0.009613278788629252,40
Semantic_and_Neologism,Semantic,Neologism,1,3,1019,24499.23502241208,85.98563859464149,1.5190647045691692,0.002056962025316456,32.0,1.4,0.7,32,3,7,59.66100709989641,2.159177225907267,0.028006329113924044,0.012969833879630256,40
Semantic_and_Neologism,Semantic,Neologism,1,3,1019,24499.23502241208,85.98563859464149,1.5190647045691692,0.002056962025316456,32.0,1.4,0.8,32,3,8,71.25704807891952,2.631796219029474,0.02848101265822785,0.010820891319811524,40
Semantic_and_Neologism,Semantic,Neologism,1,3,1019,24499.23502241208,85.98563859464149,1.5190647045691692,0.002056962025316456,32.0,1.4,0.9,32,3,9,46.093353834681814,1.9053270369919924,0.023101265822784812,0.012123567265499787,40
Semantic_and_Neologism,Semantic,Neologism,1,3,1019,24499.23502241208,85.98563859464149,1.5190647045691692,0.002056962025316456,32.0,1.4,1.0,32,3,10,47.057129689830326,1.9235914154600906,0.01505892623308599,0.007827547222687699,29
Semantic_and_Neologism,Semantic,Neologism,1,3,1019,24499.23502241208,85.98563859464149,1.5190647045691692,0.002056962025316456,32.0,1.5,0.4,32,4,4,6.390941330183673,0.8461721661561379,0.0037974683544303805,0.0044868199807504205,40
Semantic_and_Neologism,Semantic,Neologism,1,3,1019,24499.23502241208,85.98563859464149,1.5190647045691692,0.002056962025316456,32.0,1.5,0.5,32,4,5,42.32711201750464,1.8329981169768945,0.01835443037974683,0.010012338371573566,40
Semantic_and_Neologism,Semantic,Neologism,1,3,1019,24499.23502241208,85.98563859464149,1.5190647045691692,0.002056962025316456,32.0,1.5,0.6,32,4,6,74.62382807188837,2.6657332324612635,0.029272151898734177,0.01097990069264256,40
Semantic_and_Neologism,Semantic,Neologism,1,3,1019,24499.23502241208,85.98563859464149,1.5190647045691692,0.002056962025316456,32.0,1.5,0.7,32,4,7,39.714554326273834,1.7820868436839556,0.02389240506329114,0.013405981342110365,40
Semantic_and_Neologism,Semantic,Neologism,1,3,1019,24499.23502241208,85.98563859464149,1.5190647045691692,0.002056962025316456,32.0,1.5,0.8,32,4,8,26.40020618815076,1.4940996927842976,0.014556962025316455,0.009741965677336524,40
Semantic_and_Neologism,Semantic,Neologism,1,3,1019,24499.23502241208,85.98563859464149,1.5190647045691692,0.002056962025316456,32.0,1.5,0.9,32,4,9,13.544596500588757,1.139970062094815,0.006329113924050636,0.005551000122196387,40
Semantic_and_Neologism,Semantic,Neologism,1,3,1019,24499.23502241208,85.98563859464149,1.5190647045691692,0.002056962025316456,32.0,1.5,1.0,32,4,10,3.379627690518768,0.654190031750954,0.0030554343081623755,0.00466956078489065,29
Semantic_and_Neologism,Semantic,Neologism,1,3,1019,24499.23502241208,85.98563859464149,1.5190647045691692,0.002056962025316456,32.0,1.6,0.4,32,5,4,33.99054181855646,1.6650374034391398,0.014556962025316459,0.008741723734162975,40
Semantic_and_Neologism,Semantic,Neologism,1,3,1019,24499.23502241208,85.98563859464149,1.5190647045691692,0.002056962025316456,32.0,1.6,0.5,32,5,5,72.35716507027078,2.521250919666353,0.02610759493670886,0.010354016524957295,40
Semantic_and_Neologism,Semantic,Neologism,1,3,1019,24499.23502241208,85.98563859464149,1.5190647045691692,0.002056962025316456,32.0,1.6,0.6,32,5,6,52.373826689206766,2.022255880837046,0.023259493670886068,0.011500755980187122,40
Semantic_and_Neologism,Semantic,Neologism,1,3,1019,24499.23502241208,85.98563859464149,1.5190647045691692,0.002056962025316456,32.0,1.6,0.7,32,5,7,17.97989373057122,1.2769463346379664,0.010443037974683543,0.008177133795766995,40
Semantic_and_Neologism,Semantic,Neologism,1,3,1019,24499.23502241208,85.98563859464149,1.5190647045691692,0.002056962025316456,32.0,1.6,0.8,32,5,8,5.225752578342346,0.7804322347889063,0.0031645569620253173,0.004053877311521193,40
Semantic_and_Neologism,Semantic,Neologism,1,3,1019,24499.23502241208,85.98563859464149,1.5190647045691692,0.002056962025316456,32.0,1.7,0.3,32,6,3,13.796190663810869,1.148347263586482,0.007278481012658229,0.0063372229778876354,40
Semantic_and_Neologism,Semantic,Neologism,1,3,1019,24499.23502241208,85.98563859464149,1.5190647045691692,0.002056962025316456,32.0,1.7,0.4,32,6,4,64.43227766329555,2.51329356630461,0.026898734177215194,0.01070158346969209,40
Semantic_and_Neologism,Semantic,Neologism,1,3,1019,24499.23502241208,85.98563859464149,1.5190647045691692,0.002056962025316456,32.0,1.7,0.5,32,6,5,51.48101007449825,2.005865227202312,0.022784810126582275,0.011358093231982226,40
Semantic_and_Neologism,Semantic,Neologism,1,3,1019,24499.23502241208,85.98563859464149,1.5190647045691692,0.002056962025316456,32.0,1.7,0.6,32,6,6,17.17699230629933,1.253630859425319,0.009335443037974683,0.0074457240238918285,40
Semantic_and_Neologism,Semantic,Neologism,1,3,1019,24499.23502241208,85.98563859464149,1.5190647045691692,0.002056962025316456,32.0,1.7,0.7,32,6,7,2.024895055583564,0.5278863724334293,0.002056962025316456,0.0038955999744118325,40
Semantic_and_Neologism,Semantic,Neologism,1,3,1019,24499.23502241208,85.98563859464149,1.5190647045691692,0.002056962025316456,32.0,1.8,0.3,32,7,3,46.769583148528305,1.918157547807449,0.019145569620253163,0.0099802289361411,40
Semantic_and_Neologism,Semantic,Neologism,1,3,1019,24499.23502241208,85.98563859464149,1.5190647045691692,0.002056962025316456,32.0,1.8,0.4,32,7,4,60.6981368372123,2.285132641529881,0.0254746835443038,0.01114701087749929,40
Semantic_and_Neologism,Semantic,Neologism,1,3,1019,24499.23502241208,85.98563859464149,1.5190647045691692,0.002056962025316456,32.0,1.8,0.5,32,7,5,12.3904635571897,1.100571114351624,0.008227848101265825,0.007474980419596122,40
Semantic_and_Neologism,Semantic,Neologism,1,3,1019,24499.23502241208,85.98563859464149,1.5190647045691692,0.002056962025316456,32.0,1.8,0.6,32,7,6,2.9448817986040687,0.6181252694315805,0.002056962025316456,0.003326742978713699,40
Semantic_and_Neologism,Semantic,Neologism,1,3,1019,24499.23502241208,85.98563859464149,1.5190647045691692,0.002056962025316456,32.0,1.9,0.2,32,8,2,3.5757839835230447,0.6694602423791467,0.0033227848101265835,0.004962378853265397,40
Semantic_and_Neologism,Semantic,Neologism,1,3,1019,24499.23502241208,85.98563859464149,1.5190647045691692,0.002056962025316456,32.0,1.9,0.3,32,8,3,65.0973375603279,2.5660010102435797,0.027373417721518987,0.010666734584765632,40
Semantic_and_Neologism,Semantic,Neologism,1,3,1019,24499.23502241208,85.98563859464149,1.5190647045691692,0.002056962025316456,32.0,1.9,0.4,32,8,4,23.298087885575008,1.418064261049395,0.01503164556962025,0.010599115934447529,40
Semantic_and_Neologism,Semantic,Neologism,1,3,1019,24499.23502241208,85.98563859464149,1.5190647045691692,0.002056962025316456,32.0,1.9,0.5,32,8,5,2.401766938671472,0.567695345904142,0.002056962025316456,0.003622355449638975,40
Semantic_and_Neologism,Semantic,Neologism,1,3,1019,24499.23502241208,85.98563859464149,1.5190647045691692,0.002056962025316456,32.0,2.0,0.2,32,9,2,29.97074866867398,1.5768510549429604,0.012974683544303797,0.008227223904618013,40
Semantic_and_Neologism,Semantic,Neologism,1,3,1019,24499.23502241208,85.98563859464149,1.5190647045691692,0.002056962025316456,32.0,2.0,0.3,32,9,3,54.43384119688522,2.0597647131949506,0.02389240506329114,0.011598579753083088,40
Semantic_and_Neologism,Semantic,Neologism,1,3,1019,24499.23502241208,85.98563859464149,1.5190647045691692,0.002056962025316456,32.0,2.0,0.4,32,9,4,16.110574237878996,1.2218143549719676,0.006962025316455697,0.005697104043486565,40
Semantic_and_Neologism,Semantic,Neologism,1,3,1019,24499.23502241208,85.98563859464149,1.5190647045691692,0.002056962025316456,33.0,1.1,1.0,33,0,10,19.40985564259479,1.317026784204935,0.00717299578059072,0.00544535528040603,30
Semantic_and_Neologism,Semantic,Neologism,1,3,1019,24499.23502241208,85.98563859464149,1.5190647045691692,0.002056962025316456,33.0,1.2,0.8,33,1,8,9.507459797034414,0.9912985421327306,0.005537974683544306,0.005585586127353343,40
Semantic_and_Neologism,Semantic,Neologism,1,3,1019,24499.23502241208,85.98563859464149,1.5190647045691692,0.002056962025316456,33.0,1.2,0.9,33,1,9,22.66057878350309,1.4020992387864628,0.012025316455696202,0.008575651440239201,40
Semantic_and_Neologism,Semantic,Neologism,1,3,1019,24499.23502241208,85.98563859464149,1.5190647045691692,0.002056962025316456,33.0,1.2,1.0,33,1,10,46.267741878296455,1.9086544715673606,0.022151898734177212,0.011605028783191114,30
Semantic_and_Neologism,Semantic,Neologism,1,3,1019,24499.23502241208,85.98563859464149,1.5190647045691692,0.002056962025316456,33.0,1.3,0.6,33,2,6,3.9635852602073576,0.6980579861697703,0.0031645569620253173,0.00453237262050274,40
Semantic_and_Neologism,Semantic,Neologism,1,3,1019,24499.23502241208,85.98563859464149,1.5190647045691692,0.002056962025316456,33.0,1.3,0.7,33,2,7,19.55298904530881,1.3209463107323414,0.011392405063291138,0.008623427026844955,40
Semantic_and_Neologism,Semantic,Neologism,1,3,1019,24499.23502241208,85.98563859464149,1.5190647045691692,0.002056962025316456,33.0,1.3,0.8,33,2,8,60.72174012834523,2.191659224266104,0.02120253164556963,0.009673191777085912,40
Semantic_and_Neologism,Semantic,Neologism,1,3,1019,24499.23502241208,85.98563859464149,1.5190647045691692,0.002056962025316456,33.0,1.3,0.9,33,2,9,71.5526823511898,2.9887142139977914,0.029272151898734167,0.009793229157688143,40
Semantic_and_Neologism,Semantic,Neologism,1,3,1019,24499.23502241208,85.98563859464149,1.5190647045691692,0.002056962025316456,33.0,1.3,1.0,33,2,10,43.53247953485617,1.8562380534603573,0.023134002618943692,0.012461842562578547,29
Semantic_and_Neologism,Semantic,Neologism,1,3,1019,24499.23502241208,85.98563859464149,1.5190647045691692,0.002056962025316456,33.0,1.4,0.5,33,3,5,6.169515017791812,0.8343029469872812,0.0031645569620253173,0.0037920549969321397,40
Semantic_and_Neologism,Semantic,Neologism,1,3,1019,24499.23502241208,85.98563859464149,1.5190647045691692,0.002056962025316456,33.0,1.4,0.6,33,3,6,27.985168535426283,1.5313934993243445,0.015348101265822787,0.010021310576996975,40
Semantic_and_Neologism,Semantic,Neologism,1,3,1019,24499.23502241208,85.98563859464149,1.5190647045691692,0.002056962025316456,33.0,1.4,0.7,33,3,7,63.33224986660697,2.3148761739578863,0.025158227848101268,0.010867066348916926,40
Semantic_and_Neologism,Semantic,Neologism,1,3,1019,24499.23502241208,85.98563859464149,1.5190647045691692,0.002056962025316456,33.0,1.4,0.8,33,3,8,57.09272261499725,2.1083024101892844,0.028006329113924054,0.01328282919763851,40
Semantic_and_Neologism,Semantic,Neologism,1,3,1019,24499.23502241208,85.98563859464149,1.5190647045691692,0.002056962025316456,33.0,1.4,0.9,33,3,9,31.779005099500115,1.6171162500817393,0.020569620253164556,0.012718939121337033,40
Semantic_and_Neologism,Semantic,Neologism,1,3,1019,24499.23502241208,85.98563859464149,1.5190647045691692,0.002056962025316456,33.0,1.4,1.0,33,3,10,20.8990956519808,1.3568818055589897,0.012003491924923613,0.008845379895247087,29
Semantic_and_Neologism,Semantic,Neologism,1,3,1019,24499.23502241208,85.98563859464149,1.5190647045691692,0.002056962025316456,33.0,1.5,0.4,33,4,4,1.7501754578171493,0.49542713087571794,0.002056962025316456,0.004150896206573438,40
Semantic_and_Neologism,Semantic,Neologism,1,3,1019,24499.23502241208,85.98563859464149,1.5190647045691692,0.002056962025316456,33.0,1.5,0.5,33,4,5,29.54949556754629,1.567334183265121,0.016613924050632913,0.010599115934447529,40
Semantic_and_Neologism,Semantic,Neologism,1,3,1019,24499.23502241208,85.98563859464149,1.5190647045691692,0.002056962025316456,33.0,1.5,0.6,33,4,6,73.9891512878379,2.6012443245099433,0.02484177215189873,0.00954895727153725,40
Semantic_and_Neologism,Semantic,Neologism,1,3,1019,24499.23502241208,85.98563859464149,1.5190647045691692,0.002056962025316456,33.0,1.5,0.7,33,4,7,38.94252786202513,1.7667118822067087,0.024050632911392405,0.013612217386273533,40
Semantic_and_Neologism,Semantic,Neologism,1,3,1019,24499.23502241208,85.98563859464149,1.5190647045691692,0.002056962025316456,33.0,1.5,0.8,33,4,8,20.706353726594994,1.351821575403034,0.018196202531645573,0.013459506077675622,40
Semantic_and_Neologism,Semantic,Neologism,1,3,1019,24499.23502241208,85.98563859464149,1.5190647045691692,0.002056962025316456,33.0,1.5,0.9,33,4,9,11.400277885855035,1.0649075076298689,0.006962025316455697,0.006536680753092687,40
Semantic_and_Neologism,Semantic,Neologism,1,3,1019,24499.23502241208,85.98563859464149,1.5190647045691692,0.002056962025316456,33.0,1.5,1.0,33,4,10,2.370677005708728,0.564578564360579,0.002618943692710607,0.004637758638802957,29
Semantic_and_Neologism,Semantic,Neologism,1,3,1019,24499.23502241208,85.98563859464149,1.5190647045691692,0.002056962025316456,33.0,1.6,0.4,33,5,4,22.263293696166453,1.3920333151636222,0.014715189873417725,0.010570004093884115,40
Semantic_and_Neologism,Semantic,Neologism,1,3,1019,24499.23502241208,85.98563859464149,1.5190647045691692,0.002056962025316456,33.0,1.6,0.5,33,5,5,74.54900767661213,2.813495794266553,0.02990506329113925,0.010628148034299859,40
Semantic_and_Neologism,Semantic,Neologism,1,3,1019,24499.23502241208,85.98563859464149,1.5190647045691692,0.002056962025316456,33.0,1.6,0.6,33,5,6,53.43333068227165,2.0415700708499704,0.02246835443037975,0.011004428983892511,40
Semantic_and_Neologism,Semantic,Neologism,1,3,1019,24499.23502241208,85.98563859464149,1.5190647045691692,0.002056962025316456,33.0,1.6,0.7,33,5,7,13.318230651159725,1.132352662300932,0.008860759493670888,0.007824088233259321,40
Semantic_and_Neologism,Semantic,Neologism,1,3,1019,24499.23502241208,85.98563859464149,1.5190647045691692,0.002056962025316456,33.0,1.6,0.8,33,5,8,4.219183139096459,0.7159922189114692,0.00458860759493671,0.00640773947193563,40
Semantic_and_Neologism,Semantic,Neologism,1,3,1019,24499.23502241208,85.98563859464149,1.5190647045691692,0.002056962025316456,33.0,1.7,0.3,33,6,3,5.715701920361844,0.8090905565856437,0.0047468354430379766,0.005865877822761383,40
Semantic_and_Neologism,Semantic,Neologism,1,3,1019,24499.23502241208,85.98563859464149,1.5190647045691692,0.002056962025316456,33.0,1.7,0.4,33,6,4,70.1276294991547,3.0384449646290705,0.03085443037974684,0.010153678047135045,40
Semantic_and_Neologism,Semantic,Neologism,1,3,1019,24499.23502241208,85.98563859464149,1.5190647045691692,0.002056962025316456,33.0,1.7,0.5,33,6,5,33.71234937882368,1.6590781415332811,0.02278481012658227,0.013732415898979349,40
Semantic_and_Neologism,Semantic,Neologism,1,3,1019,24499.23502241208,85.98563859464149,1.5190647045691692,0.002056962025316456,33.0,1.7,0.6,33,6,6,12.862892927340093,1.1168761517041057,0.010443037974683543,0.009349220218015918,40
Semantic_and_Neologism,Semantic,Neologism,1,3,1019,24499.23502241208,85.98563859464149,1.5190647045691692,0.002056962025316456,33.0,1.7,0.7,33,6,7,3.206164939765098,0.6401761921450595,0.002373417721518988,0.0037064445295541194,40
Semantic_and_Neologism,Semantic,Neologism,1,3,1019,24499.23502241208,85.98563859464149,1.5190647045691692,0.002056962025316456,33.0,1.8,0.3,33,7,3,33.579786837361205,1.6562253849997286,0.017405063291139243,0.010507873640493137,40
Semantic_and_Neologism,Semantic,Neologism,1,3,1019,24499.23502241208,85.98563859464149,1.5190647045691692,0.002056962025316456,33.0,1.8,0.4,33,7,4,65.98830742314391,2.6350704504398514,0.0254746835443038,0.00966655311610417,40
Semantic_and_Neologism,Semantic,Neologism,1,3,1019,24499.23502241208,85.98563859464149,1.5190647045691692,0.002056962025316456,33.0,1.8,0.5,33,7,5,12.024736499683582,1.087624527371811,0.007911392405063288,0.007273010658973242,40
Semantic_and_Neologism,Semantic,Neologism,1,3,1019,24499.23502241208,85.98563859464149,1.5190647045691692,0.002056962025316456,33.0,1.8,0.6,33,7,6,2.3486359608464307,0.5623434113646967,0.002215189873417722,0.003938211927533556,40
Semantic_and_Neologism,Semantic,Neologism,1,3,1019,24499.23502241208,85.98563859464149,1.5190647045691692,0.002056962025316456,33.0,1.9,0.2,33,8,2,7.97656658473181,0.9244927156664403,0.00458860759493671,0.0049623788532653975,40
Semantic_and_Neologism,Semantic,Neologism,1,3,1019,24499.23502241208,85.98563859464149,1.5190647045691692,0.002056962025316456,33.0,1.9,0.3,33,8,3,65.35891372783837,2.6049841976067385,0.030537974683544307,0.011721902085778594,40
Semantic_and_Neologism,Semantic,Neologism,1,3,1019,24499.23502241208,85.98563859464149,1.5190647045691692,0.002056962025316456,33.0,1.9,0.4,33,8,4,18.307105735484996,1.2862917739491153,0.014398734177215189,0.01119298760749969,40
Semantic_and_Neologism,Semantic,Neologism,1,3,1019,24499.23502241208,85.98563859464149,1.5190647045691692,0.002056962025316456,33.0,2.0,0.2,33,9,2,13.237274657295469,1.1296193989897232,0.011550632911392408,0.010224243052414587,40
Semantic_and_Neologism,Semantic,Neologism,1,3,1019,24499.23502241208,85.98563859464149,1.5190647045691692,0.002056962025316456,33.0,2.0,0.3,33,9,3,60.807605763668256,2.2791173235014406,0.023892405063291135,0.010482183474988858,40
Semantic_and_Neologism,Semantic,Neologism,1,3,1019,24499.23502241208,85.98563859464149,1.5190647045691692,0.002056962025316456,33.0,2.0,0.4,33,9,4,5.3135718520581605,0.7856851276408536,0.004272151898734178,0.0054364860213556585,40
Semantic_and_Neologism,Semantic,Neologism,1,3,1019,24499.23502241208,85.98563859464149,1.5190647045691692,0.002056962025316456,34.0,1.1,1.0,34,0,10,6.105114645279271,0.8307853592023192,0.0042194092827004225,0.005077819981555404,30
Semantic_and_Neologism,Semantic,Neologism,1,3,1019,24499.23502241208,85.98563859464149,1.5190647045691692,0.002056962025316456,34.0,1.2,0.8,34,1,8,6.401343305488481,0.8467265163601071,0.004272151898734178,0.0050444920404515365,40
Semantic_and_Neologism,Semantic,Neologism,1,3,1019,24499.23502241208,85.98563859464149,1.5190647045691692,0.002056962025316456,34.0,1.2,0.9,34,1,9,18.754214822844414,1.2988757564828484,0.011708860759493673,0.009013611829540517,40
Semantic_and_Neologism,Semantic,Neologism,1,3,1019,24499.23502241208,85.98563859464149,1.5190647045691692,0.002056962025316456,34.0,1.2,1.0,34,1,10,34.49052302279096,1.675663048775552,0.022573839662447255,0.013470586473749907,30
Semantic_and_Neologism,Semantic,Neologism,1,3,1019,24499.23502241208,85.98563859464149,1.5190647045691692,0.002056962025316456,34.0,1.3,0.7,34,2,7,15.312532147418581,1.197249823930426,0.011708860759493669,0.0097787974369751,40
Semantic_and_Neologism,Semantic,Neologism,1,3,1019,24499.23502241208,85.98563859464149,1.5190647045691692,0.002056962025316456,34.0,1.3,0.8,34,2,8,66.5606525474778,2.5148736010260775,0.02341772151898734,0.009310689267179404,40
Semantic_and_Neologism,Semantic,Neologism,1,3,1019,24499.23502241208,85.98563859464149,1.5190647045691692,0.002056962025316456,34.0,1.3,0.9,34,2,9,65.8337700683153,2.4469629688474583,0.03322784810126582,0.013578219842839075,40
Semantic_and_Neologism,Semantic,Neologism,1,3,1019,24499.23502241208,85.98563859464149,1.5190647045691692,0.002056962025316456,34.0,1.3,1.0,34,2,10,71.63661576919802,2.9864607861912282,0.03448275862068966,0.011545362430114853,29
Semantic_and_Neologism,Semantic,Neologism,1,3,1019,24499.23502241208,85.98563859464149,1.5190647045691692,0.002056962025316456,34.0,1.4,0.5,34,3,5,2.7453451797038837,0.6003868891656816,0.0028481012658227852,0.004742776583430403,40
Semantic_and_Neologism,Semantic,Neologism,1,3,1019,24499.23502241208,85.98563859464149,1.5190647045691692,0.002056962025316456,34.0,1.4,0.6,34,3,6,32.611733945637155,1.6353208042603844,0.01313291139240506,0.008029785982903676,40
Semantic_and_Neologism,Semantic,Neologism,1,3,1019,24499.23502241208,85.98563859464149,1.5190647045691692,0.002056962025316456,34.0,1.4,0.7,34,3,7,64.88293353834827,2.3931576154210386,0.029746835443037977,0.012428952482592539,40
Semantic_and_Neologism,Semantic,Neologism,1,3,1019,24499.23502241208,85.98563859464149,1.5190647045691692,0.002056962025316456,34.0,1.4,0.8,34,3,8,67.2481757900321,2.589287267270604,0.03417721518987343,0.013198468294570503,40
Semantic_and_Neologism,Semantic,Neologism,1,3,1019,24499.23502241208,85.98563859464149,1.5190647045691692,0.002056962025316456,34.0,1.4,0.9,34,3,9,35.578898256003654,1.6985479550015654,0.020253164556962022,0.011922810862875142,40
Semantic_and_Neologism,Semantic,Neologism,1,3,1019,24499.23502241208,85.98563859464149,1.5190647045691692,0.002056962025316456,34.0,1.4,1.0,34,3,10,21.88161387365953,1.3822881095007162,0.011130510694020079,0.008051236445874103,29
Semantic_and_Neologism,Semantic,Neologism,1,3,1019,24499.23502241208,85.98563859464149,1.5190647045691692,0.002056962025316456,34.0,1.5,0.4,34,4,4,3.5059716064672397,0.664074842785489,0.002848101265822786,0.004287825720119601,40
Semantic_and_Neologism,Semantic,Neologism,1,3,1019,24499.23502241208,85.98563859464149,1.5190647045691692,0.002056962025316456,34.0,1.5,0.5,34,4,5,31.553997964376478,1.6121732286519426,0.01661392405063291,0.010304297070665937,40
Semantic_and_Neologism,Semantic,Neologism,1,3,1019,24499.23502241208,85.98563859464149,1.5190647045691692,0.002056962025316456,34.0,1.5,0.6,34,4,6,72.58823812373109,2.5114987335011056,0.032436708860759486,0.012914279800098377,40
Semantic_and_Neologism,Semantic,Neologism,1,3,1019,24499.23502241208,85.98563859464149,1.5190647045691692,0.002056962025316456,34.0,1.5,0.7,34,4,7,60.313356471334224,2.172648121884853,0.03259493670886077,0.015001400241684535,40
Semantic_and_Neologism,Semantic,Neologism,1,3,1019,24499.23502241208,85.98563859464149,1.5190647045691692,0.002056962025316456,34.0,1.5,0.8,34,4,8,43.62555250173486,1.8580274491143252,0.017563291139240506,0.009451654290770831,40
Semantic_and_Neologism,Semantic,Neologism,1,3,1019,24499.23502241208,85.98563859464149,1.5190647045691692,0.002056962025316456,34.0,1.5,0.9,34,4,9,15.733797593033785,1.2103100053769513,0.005537974683544307,0.004574666282969795,40
Semantic_and_Neologism,Semantic,Neologism,1,3,1019,24499.23502241208,85.98563859464149,1.5190647045691692,0.002056962025316456,34.0,1.5,1.0,34,4,10,6.276775587973226,0.8400811330000176,0.0030554343081623755,0.003636070502049129,29
Semantic_and_Neologism,Semantic,Neologism,1,3,1019,24499.23502241208,85.98563859464149,1.5190647045691692,0.002056962025316456,34.0,1.6,0.4,34,5,4,23.459744561669247,1.4220992994645343,0.0120253164556962,0.008455031488254102,40
Semantic_and_Neologism,Semantic,Neologism,1,3,1019,24499.23502241208,85.98563859464149,1.5190647045691692,0.002056962025316456,34.0,1.6,0.5,34,5,5,72.70470187966953,2.559223677665467,0.0324367088607595,0.01267343293207899,40
Semantic_and_Neologism,Semantic,Neologism,1,3,1019,24499.23502241208,85.98563859464149,1.5190647045691692,0.002056962025316456,34.0,1.6,0.6,34,5,6,71.33888068070611,2.4570791842214224,0.028164556962025317,0.0114616167291999,40
Semantic_and_Neologism,Semantic,Neologism,1,3,1019,24499.23502241208,85.98563859464149,1.5190647045691692,0.002056962025316456,34.0,1.6,0.7,34,5,7,17.745566668389383,1.2701776323810607,0.01234177215189873,0.009715571790642372,40
Semantic_and_Neologism,Semantic,Neologism,1,3,1019,24499.23502241208,85.98563859464149,1.5190647045691692,0.002056962025316456,34.0,1.6,0.8,34,5,8,3.9635852602073514,0.6980579861697699,0.0031645569620253173,0.004532372620502743,40
Semantic_and_Neologism,Semantic,Neologism,1,3,1019,24499.23502241208,85.98563859464149,1.5190647045691692,0.002056962025316456,34.0,1.7,0.3,34,6,3,5.851964471611117,0.8167952744418895,0.005221518987341774,0.006391690005349996,40
Semantic_and_Neologism,Semantic,Neologism,1,3,1019,24499.23502241208,85.98563859464149,1.5190647045691692,0.002056962025316456,34.0,1.7,0.4,34,6,4,68.92842742788352,2.9042053120541826,0.03196202531645569,0.011004428983892511,40
Semantic_and_Neologism,Semantic,Neologism,1,3,1019,24499.23502241208,85.98563859464149,1.5190647045691692,0.002056962025316456,34.0,1.7,0.5,34,6,5,41.72952550102558,1.8213449528200096,0.025949367088607594,0.014246365414459183,40
Semantic_and_Neologism,Semantic,Neologism,1,3,1019,24499.23502241208,85.98563859464149,1.5190647045691692,0.002056962025316456,34.0,1.7,0.6,34,6,6,13.415198606761003,1.1356187302121465,0.008544303797468357,0.007522919401956485,40
Semantic_and_Neologism,Semantic,Neologism,1,3,1019,24499.23502241208,85.98563859464149,1.5190647045691692,0.002056962025316456,34.0,1.7,0.7,34,6,7,3.909136829745649,0.6941619913861908,0.002373417721518988,0.003418112182704567,40
Semantic_and_Neologism,Semantic,Neologism,1,3,1019,24499.23502241208,85.98563859464149,1.5190647045691692,0.002056962025316456,34.0,1.8,0.3,34,7,3,26.804550839058525,1.5037206616115553,0.016772151898734173,0.011152768334046338,40
Semantic_and_Neologism,Semantic,Neologism,1,3,1019,24499.23502241208,85.98563859464149,1.5190647045691692,0.002056962025316456,34.0,1.8,0.4,34,7,4,65.2116791955613,2.569101894912065,0.03386075949367089,0.013178998644946652,40
Semantic_and_Neologism,Semantic,Neologism,1,3,1019,24499.23502241208,85.98563859464149,1.5190647045691692,0.002056962025316456,34.0,1.8,0.5,34,7,5,10.849359249171183,1.0442409954915712,0.008386075949367088,0.008029785982903674,40
Semantic_and_Neologism,Semantic,Neologism,1,3,1019,24499.23502241208,85.98563859464149,1.5190647045691692,0.002056962025316456,34.0,1.9,0.3,34,8,3,61.392316805463715,2.312453994321016,0.033702531645569626,0.014573357685963557,40
Semantic_and_Neologism,Semantic,Neologism,1,3,1019,24499.23502241208,85.98563859464149,1.5190647045691692,0.002056962025316456,34.0,1.9,0.4,34,8,4,32.18982696350563,1.626118870416572,0.016297468354430383,0.010021310576996975,40
Semantic_and_Neologism,Semantic,Neologism,1,3,1019,24499.23502241208,85.98563859464149,1.5190647045691692,0.002056962025316456,34.0,2.0,0.2,34,9,2,28.02710563167116,1.5323714278688751,0.011867088607594936,0.007743263819966239,40
Semantic_and_Neologism,Semantic,Neologism,1,3,1019,24499.23502241208,85.98563859464149,1.5190647045691692,0.002056962025316456,34.0,2.0,0.3,34,9,3,69.4342001765009,3.0325485006230872,0.03164556962025316,0.010434305359090236,40
Semantic_and_Neologism,Semantic,Neologism,1,3,1019,24499.23502241208,85.98563859464149,1.5190647045691692,0.002056962025316456,34.0,2.0,0.4,34,9,4,5.313571852058168,0.7856851276408541,0.004272151898734179,0.005436486021355657,40
Semantic_and_Neologism,Semantic,Neologism,1,3,1019,24499.23502241208,85.98563859464149,1.5190647045691692,0.002056962025316456,35.0,1.1,1.0,35,0,10,3.246984644669993,0.6435194166827745,0.0031645569620253173,0.004916578055900835,30
Semantic_and_Neologism,Semantic,Neologism,1,3,1019,24499.23502241208,85.98563859464149,1.5190647045691692,0.002056962025316456,35.0,1.2,0.8,35,1,8,4.585496866637395,0.7404212684639623,0.0037974683544303813,0.005127794263714767,40
Semantic_and_Neologism,Semantic,Neologism,1,3,1019,24499.23502241208,85.98563859464149,1.5190647045691692,0.002056962025316456,35.0,1.2,0.9,35,1,9,5.812234163282345,0.8145573193054186,0.007120253164556963,0.008740254907178878,40
Semantic_and_Neologism,Semantic,Neologism,1,3,1019,24499.23502241208,85.98563859464149,1.5190647045691692,0.002056962025316456,35.0,1.2,1.0,35,1,10,32.013223062532944,1.6222545223055447,0.018776371308016883,0.011573245008934816,30
Semantic_and_Neologism,Semantic,Neologism,1,3,1019,24499.23502241208,85.98563859464149,1.5190647045691692,0.002056962025316456,35.0,1.3,0.7,35,2,7,6.67753012856506,0.8612411894655485,0.005221518987341774,0.006061783632749889,40
Semantic_and_Neologism,Semantic,Neologism,1,3,1019,24499.23502241208,85.98563859464149,1.5190647045691692,0.002056962025316456,35.0,1.3,0.8,35,2,8,33.321104134275096,1.6506521912467627,0.01550632911392405,0.009393062053867257,40
Semantic_and_Neologism,Semantic,Neologism,1,3,1019,24499.23502241208,85.98563859464149,1.5190647045691692,0.002056962025316456,35.0,1.3,0.9,35,2,9,66.44628989387553,2.5044119287965336,0.026740506329113928,0.010676359431826286,40
Semantic_and_Neologism,Semantic,Neologism,1,3,1019,24499.23502241208,85.98563859464149,1.5190647045691692,0.002056962025316456,35.0,1.3,1.0,35,2,10,74.71061101582828,3.2932282379946582,0.035792230467044966,0.010867433002639346,29
Semantic_and_Neologism,Semantic,Neologism,1,3,1019,24499.23502241208,85.98563859464149,1.5190647045691692,0.002056962025316456,35.0,1.4,0.6,35,3,6,20.464038237500027,1.3454078052748342,0.008227848101265825,0.006114504956198076,40
Semantic_and_Neologism,Semantic,Neologism,1,3,1019,24499.23502241208,85.98563859464149,1.5190647045691692,0.002056962025316456,35.0,1.4,0.7,35,3,7,53.93120290362905,2.050624220639412,0.021993670886075952,0.010724354096918855,40
Semantic_and_Neologism,Semantic,Neologism,1,3,1019,24499.23502241208,85.98563859464149,1.5190647045691692,0.002056962025316456,35.0,1.4,0.8,35,3,8,68.24910384433093,2.7302054481364806,0.031012658227848107,0.01135809323198223,40
Semantic_and_Neologism,Semantic,Neologism,1,3,1019,24499.23502241208,85.98563859464149,1.5190647045691692,0.002056962025316456,35.0,1.4,0.9,35,3,9,54.49405379591843,2.06086228203461,0.028006329113924054,0.013588617005496594,40
Semantic_and_Neologism,Semantic,Neologism,1,3,1019,24499.23502241208,85.98563859464149,1.5190647045691692,0.002056962025316456,35.0,1.4,1.0,35,3,10,17.503471213822163,1.2631445186380137,0.015495416848537759,0.012266334908950642,29
Semantic_and_Neologism,Semantic,Neologism,1,3,1019,24499.23502241208,85.98563859464149,1.5190647045691692,0.002056962025316456,35.0,1.5,0.5,35,4,5,26.430381873831916,1.494824649218488,0.011234177215189876,0.007514381299782043,40
Semantic_and_Neologism,Semantic,Neologism,1,3,1019,24499.23502241208,85.98563859464149,1.5190647045691692,0.002056962025316456,35.0,1.5,0.6,35,4,6,64.20108254837504,2.263254233933655,0.026898734177215194,0.011883981268968525,40
Semantic_and_Neologism,Semantic,Neologism,1,3,1019,24499.23502241208,85.98563859464149,1.5190647045691692,0.002056962025316456,35.0,1.5,0.7,35,4,7,70.11466335082976,2.8798837477895938,0.031962025316455686,0.011097373446840555,40
Semantic_and_Neologism,Semantic,Neologism,1,3,1019,24499.23502241208,85.98563859464149,1.5190647045691692,0.002056962025316456,35.0,1.5,0.8,35,4,8,45.39934693046068,1.8920725840746908,0.01835443037974684,0.009699700984853067,40
Semantic_and_Neologism,Semantic,Neologism,1,3,1019,24499.23502241208,85.98563859464149,1.5190647045691692,0.002056962025316456,35.0,1.5,0.9,35,4,9,14.251070909789155,1.1633144817808723,0.007436708860759496,0.006391690005349999,40
Semantic_and_Neologism,Semantic,Neologism,1,3,1019,24499.23502241208,85.98563859464149,1.5190647045691692,0.002056962025316456,35.0,1.5,1.0,35,4,10,3.3699433780248573,0.6534188453287884,0.0028371890004364915,0.004341067910528154,29
Semantic_and_Neologism,Semantic,Neologism,1,3,1019,24499.23502241208,85.98563859464149,1.5190647045691692,0.002056962025316456,35.0,1.6,0.4,35,5,4,12.277344164187326,1.0965961676756601,0.009810126582278481,0.008944979268805926,40
Semantic_and_Neologism,Semantic,Neologism,1,3,1019,24499.23502241208,85.98563859464149,1.5190647045691692,0.002056962025316456,35.0,1.6,0.5,35,5,5,71.70763524958403,2.469393893934675,0.026898734177215188,0.010891848744497125,40
Semantic_and_Neologism,Semantic,Neologism,1,3,1019,24499.23502241208,85.98563859464149,1.5190647045691692,0.002056962025316456,35.0,1.6,0.6,35,5,6,69.58731383912576,2.4012955718225326,0.03401898734177216,0.01416593044411541,40
Semantic_and_Neologism,Semantic,Neologism,1,3,1019,24499.23502241208,85.98563859464149,1.5190647045691692,0.002056962025316456,35.0,1.6,0.7,35,5,7,23.361438174333173,1.4196472703850151,0.01534810126582278,0.01081020753443234,40
Semantic_and_Neologism,Semantic,Neologism,1,3,1019,24499.23502241208,85.98563859464149,1.5190647045691692,0.002056962025316456,35.0,1.6,0.8,35,5,8,3.832276128085978,0.6885871937487974,0.0037974683544303813,0.0055138692698687205,40
Semantic_and_Neologism,Semantic,Neologism,1,3,1019,24499.23502241208,85.98563859464149,1.5190647045691692,0.002056962025316456,35.0,1.7,0.3,35,6,3,6.491645379510879,0.8515177678083744,0.003639240506329115,0.004272828032614922,40
Semantic_and_Neologism,Semantic,Neologism,1,3,1019,24499.23502241208,85.98563859464149,1.5190647045691692,0.002056962025316456,35.0,1.7,0.4,35,6,4,57.21762668776966,2.110591814368605,0.024050632911392405,0.011394208086973124,40
Semantic_and_Neologism,Semantic,Neologism,1,3,1019,24499.23502241208,85.98563859464149,1.5190647045691692,0.002056962025316456,35.0,1.7,0.5,35,6,5,72.78142876016415,2.6336958419356113,0.03259493670886076,0.01237512035143185,40
Semantic_and_Neologism,Semantic,Neologism,1,3,1019,24499.23502241208,85.98563859464149,1.5190647045691692,0.002056962025316456,35.0,1.7,0.6,35,6,6,13.096276464576551,1.1248449602634396,0.010284810126582274,0.009142313514222941,40
Semantic_and_Neologism,Semantic,Neologism,1,3,1019,24499.23502241208,85.98563859464149,1.5190647045691692,0.002056962025316456,35.0,1.7,0.7,35,6,7,5.043330280789512,0.7693593638673465,0.0036392405063291147,0.0047292218927130585,40
Semantic_and_Neologism,Semantic,Neologism,1,3,1019,24499.23502241208,85.98563859464149,1.5190647045691692,0.002056962025316456,35.0,1.8,0.3,35,7,3,27.747896047380387,1.5258716619142239,0.011550632911392404,0.007568858723833956,40
Semantic_and_Neologism,Semantic,Neologism,1,3,1019,24499.23502241208,85.98563859464149,1.5190647045691692,0.002056962025316456,35.0,1.8,0.4,35,7,4,64.66482582122418,2.5271091592914847,0.032436708860759486,0.01283449970190193,40
Semantic_and_Neologism,Semantic,Neologism,1,3,1019,24499.23502241208,85.98563859464149,1.5190647045691692,0.002056962025316456,35.0,1.8,0.5,35,7,5,38.91231548325534,1.7661057276550394,0.012658227848101269,0.007166310342687315,40
Semantic_and_Neologism,Semantic,Neologism,1,3,1019,24499.23502241208,85.98563859464149,1.5190647045691692,0.002056962025316456,35.0,1.8,0.6,35,7,6,2.1738939094266256,0.5442182417918221,0.00268987341772152,0.004941637367070227,40
Semantic_and_Neologism,Semantic,Neologism,1,3,1019,24499.23502241208,85.98563859464149,1.5190647045691692,0.002056962025316456,35.0,1.9,0.3,35,8,3,65.07357665087345,2.6550712676513633,0.028955696202531654,0.01090480752212555,40
Semantic_and_Neologism,Semantic,Neologism,1,3,1019,24499.23502241208,85.98563859464149,1.5190647045691692,0.002056962025316456,35.0,1.9,0.4,35,8,4,22.167355812900187,1.3895850183214324,0.0185126582278481,0.013321436543113217,40
Semantic_and_Neologism,Semantic,Neologism,1,3,1019,24499.23502241208,85.98563859464149,1.5190647045691692,0.002056962025316456,35.0,1.9,0.5,35,8,5,4.515121215556216,0.7358089453262453,0.0031645569620253173,0.00429978620561239,40
Semantic_and_Neologism,Semantic,Neologism,1,3,1019,24499.23502241208,85.98563859464149,1.5190647045691692,0.002056962025316456,35.0,2.0,0.2,35,9,2,15.339474736037896,1.1980926106868868,0.007120253164556965,0.0059419906344842606,40
Semantic_and_Neologism,Semantic,Neologism,1,3,1019,24499.23502241208,85.98563859464149,1.5190647045691692,0.002056962025316456,35.0,2.0,0.3,35,9,3,82.26475376089189,4.000617660705619,0.037816455696202525,0.00945165429077083,40
Semantic_and_Neologism,Semantic,Neologism,1,3,1019,24499.23502241208,85.98563859464149,1.5190647045691692,0.002056962025316456,35.0,2.0,0.4,35,9,4,5.877735827191725,0.8182437393499825,0.004905063291139242,0.005993623674158329,40
Semantic_and_Neologism,Semantic,Neologism,1,3,1019,24499.23502241208,85.98563859464149,1.5190647045691692,0.002056962025316456,36.0,1.2,0.8,36,1,8,4.393441461168898,0.7277607534899332,0.0041139240506329125,0.005651852301947907,40
Semantic_and_Neologism,Semantic,Neologism,1,3,1019,24499.23502241208,85.98563859464149,1.5190647045691692,0.002056962025316456,36.0,1.2,0.9,36,1,9,13.493188289614768,1.1382418176454188,0.006803797468354429,0.005976462225407295,40
Semantic_and_Neologism,Semantic,Neologism,1,3,1019,24499.23502241208,85.98563859464149,1.5190647045691692,0.002056962025316456,36.0,1.2,1.0,36,1,10,21.783233871277755,1.379766710032997,0.012869198312236287,0.009326082773238183,30
Semantic_and_Neologism,Semantic,Neologism,1,3,1019,24499.23502241208,85.98563859464149,1.5190647045691692,0.002056962025316456,36.0,1.3,0.7,36,2,7,4.669259933751443,0.7458532084028192,0.003955696202531648,0.00530258542132229,40
Semantic_and_Neologism,Semantic,Neologism,1,3,1019,24499.23502241208,85.98563859464149,1.5190647045691692,0.002056962025316456,36.0,1.3,0.8,36,2,8,31.07991037413986,1.6017116220367398,0.014556962025316453,0.009087378847376903,40
Semantic_and_Neologism,Semantic,Neologism,1,3,1019,24499.23502241208,85.98563859464149,1.5190647045691692,0.002056962025316456,36.0,1.3,0.9,36,2,9,41.96622296146203,1.8259572197877891,0.027373417721518987,0.014990270017103851,40
Semantic_and_Neologism,Semantic,Neologism,1,3,1019,24499.23502241208,85.98563859464149,1.5190647045691692,0.002056962025316456,36.0,1.3,1.0,36,2,10,61.134027072250376,2.2111375413679775,0.02989960715844609,0.013521273761381632,29
Semantic_and_Neologism,Semantic,Neologism,1,3,1019,24499.23502241208,85.98563859464149,1.5190647045691692,0.002056962025316456,36.0,1.4,0.5,36,3,5,2.3660989974388005,0.5641147774374251,0.0025316455696202536,0.004486819980750421,40
Semantic_and_Neologism,Semantic,Neologism,1,3,1019,24499.23502241208,85.98563859464149,1.5190647045691692,0.002056962025316456,36.0,1.4,0.6,36,3,6,13.828091197294182,1.149405134846254,0.008069620253164557,0.00701969271183825,40
Semantic_and_Neologism,Semantic,Neologism,1,3,1019,24499.23502241208,85.98563859464149,1.5190647045691692,0.002056962025316456,36.0,1.4,0.7,36,3,7,22.889453606863697,1.407852662254587,0.016930379746835443,0.012024675840057376,40
Semantic_and_Neologism,Semantic,Neologism,1,3,1019,24499.23502241208,85.98563859464149,1.5190647045691692,0.002056962025316456,36.0,1.4,0.8,36,3,8,64.3261845726377,2.362208155109619,0.02943037974683545,0.012457842665145965,40
Semantic_and_Neologism,Semantic,Neologism,1,3,1019,24499.23502241208,85.98563859464149,1.5190647045691692,0.002056962025316456,36.0,1.4,0.9,36,3,9,65.22255120586959,2.5122944467881956,0.028797468354430377,0.0114616167291999,40
Semantic_and_Neologism,Semantic,Neologism,1,3,1019,24499.23502241208,85.98563859464149,1.5190647045691692,0.002056962025316456,36.0,1.4,1.0,36,3,10,16.17915510040803,1.223898308597338,0.01331296377127892,0.010876508104849322,29
Semantic_and_Neologism,Semantic,Neologism,1,3,1019,24499.23502241208,85.98563859464149,1.5190647045691692,0.002056962025316456,36.0,1.5,0.5,36,4,5,7.312334633308082,0.8930717748397088,0.009493670886075948,0.010629355984299135,40
Semantic_and_Neologism,Semantic,Neologism,1,3,1019,24499.23502241208,85.98563859464149,1.5190647045691692,0.002056962025316456,36.0,1.5,0.6,36,4,6,46.12886005537001,1.9060047172565804,0.024367088607594924,0.012783380010699997,40
Semantic_and_Neologism,Semantic,Neologism,1,3,1019,24499.23502241208,85.98563859464149,1.5190647045691692,0.002056962025316456,36.0,1.5,0.7,36,4,7,76.05782470563543,3.4596507769896907,0.0300632911392405,0.008688689531438533,40
Semantic_and_Neologism,Semantic,Neologism,1,3,1019,24499.23502241208,85.98563859464149,1.5190647045691692,0.002056962025316456,36.0,1.5,0.8,36,4,8,27.191877025438288,1.5128820493738153,0.019778481012658222,0.013072379395865377,40
Semantic_and_Neologism,Semantic,Neologism,1,3,1019,24499.23502241208,85.98563859464149,1.5190647045691692,0.002056962025316456,36.0,1.5,0.9,36,4,9,24.38711377868276,1.4451135934364263,0.008386075949367092,0.00580205658147282,40
Semantic_and_Neologism,Semantic,Neologism,1,3,1019,24499.23502241208,85.98563859464149,1.5190647045691692,0.002056962025316456,36.0,1.5,1.0,36,4,10,3.0103818265582603,0.6237779670850178,0.002182453077258839,0.0034977658949508577,29
Semantic_and_Neologism,Semantic,Neologism,1,3,1019,24499.23502241208,85.98563859464149,1.5190647045691692,0.002056962025316456,36.0,1.6,0.4,36,5,4,11.249766891559357,1.0593240769303023,0.005379746835443041,0.005077471218205869,40
Semantic_and_Neologism,Semantic,Neologism,1,3,1019,24499.23502241208,85.98563859464149,1.5190647045691692,0.002056962025316456,36.0,1.6,0.5,36,5,5,41.45328185613271,1.815998003635052,0.02294303797468355,0.012632845372494279,40
Semantic_and_Neologism,Semantic,Neologism,1,3,1019,24499.23502241208,85.98563859464149,1.5190647045691692,0.002056962025316456,36.0,1.6,0.6,36,5,6,69.6127286166091,2.4038355417650705,0.030854430379746833,0.012834499701901933,40
Semantic_and_Neologism,Semantic,Neologism,1,3,1019,24499.23502241208,85.98563859464149,1.5190647045691692,0.002056962025316456,36.0,1.6,0.7,36,5,7,29.741047597801483,1.5716624665723153,0.013924050632911389,0.008858440833551723,40
Semantic_and_Neologism,Semantic,Neologism,1,3,1019,24499.23502241208,85.98563859464149,1.5190647045691692,0.002056962025316456,36.0,1.6,0.8,36,5,8,4.278254158387227,0.7200196109311865,0.003955696202531647,0.005492872864679098,40
Semantic_and_Neologism,Semantic,Neologism,1,3,1019,24499.23502241208,85.98563859464149,1.5190647045691692,0.002056962025316456,36.0,1.7,0.3,36,6,3,1.7356832117960732,0.4936141789759746,0.0025316455696202536,0.0051277942637147685,40
Semantic_and_Neologism,Semantic,Neologism,1,3,1019,24499.23502241208,85.98563859464149,1.5190647045691692,0.002056962025316456,36.0,1.7,0.4,36,6,4,27.76099120484588,1.5261770141184199,0.018196202531645576,0.011921733970774957,40
Semantic_and_Neologism,Semantic,Neologism,1,3,1019,24499.23502241208,85.98563859464149,1.5190647045691692,0.002056962025316456,36.0,1.7,0.5,36,6,5,56.912131469866786,2.1049961108696,0.029746835443037984,0.014130539383580712,40
Semantic_and_Neologism,Semantic,Neologism,1,3,1019,24499.23502241208,85.98563859464149,1.5190647045691692,0.002056962025316456,36.0,1.7,0.6,36,6,6,22.60047098333791,1.4005818030419113,0.011392405063291138,0.008133051890827137,40
Semantic_and_Neologism,Semantic,Neologism,1,3,1019,24499.23502241208,85.98563859464149,1.5190647045691692,0.002056962025316456,36.0,1.7,0.7,36,6,7,2.7094155048572808,0.5970995396632933,0.0023734177215189874,0.003973911323591652,40
Semantic_and_Neologism,Semantic,Neologism,1,3,1019,24499.23502241208,85.98563859464149,1.5190647045691692,0.002056962025316456,36.0,1.8,0.3,36,7,3,10.712820685384463,1.0390214576165275,0.01028481012658228,0.009897554116654349,40
Semantic_and_Neologism,Semantic,Neologism,1,3,1019,24499.23502241208,85.98563859464149,1.5190647045691692,0.002056962025316456,36.0,1.8,0.4,36,7,4,66.70458804200118,2.808975162340446,0.030063291139240517,0.010701583469692091,40
Semantic_and_Neologism,Semantic,Neologism,1,3,1019,24499.23502241208,85.98563859464149,1.5190647045691692,0.002056962025316456,36.0,1.8,0.5,36,7,5,28.01461130735926,1.5320798446227506,0.014398734177215192,0.009397161739253639,40
Semantic_and_Neologism,Semantic,Neologism,1,3,1019,24499.23502241208,85.98563859464149,1.5190647045691692,0.002056962025316456,36.0,1.8,0.6,36,7,6,4.789785618734501,0.7535680792080057,0.0028481012658227857,0.003778487672588412,40
Semantic_and_Neologism,Semantic,Neologism,1,3,1019,24499.23502241208,85.98563859464149,1.5190647045691692,0.002056962025316456,36.0,1.9,0.3,36,8,3,43.858319413521386,1.862502107264033,0.023575949367088612,0.012657213526384175,40
Semantic_and_Neologism,Semantic,Neologism,1,3,1019,24499.23502241208,85.98563859464149,1.5190647045691692,0.002056962025316456,36.0,1.9,0.4,36,8,4,50.88232377109407,1.9948184216568516,0.020569620253164562,0.010310525114190542,40
Semantic_and_Neologism,Semantic,Neologism,1,3,1019,24499.23502241208,85.98563859464149,1.5190647045691692,0.002056962025316456,36.0,1.9,0.5,36,8,5,3.1706469803897828,0.637249090050063,0.0031645569620253173,0.004964965446536308,40
Semantic_and_Neologism,Semantic,Neologism,1,3,1019,24499.23502241208,85.98563859464149,1.5190647045691692,0.002056962025316456,36.0,2.0,0.2,36,9,2,7.803423791744916,0.9164547189158913,0.005696202531645572,0.006214476241296269,40
Semantic_and_Neologism,Semantic,Neologism,1,3,1019,24499.23502241208,85.98563859464149,1.5190647045691692,0.002056962025316456,36.0,2.0,0.3,36,9,3,59.620835336702015,2.2113992023660884,0.02816455696202531,0.012735079913518382,40
Semantic_and_Neologism,Semantic,Neologism,1,3,1019,24499.23502241208,85.98563859464149,1.5190647045691692,0.002056962025316456,36.0,2.0,0.4,36,9,4,15.04741549459342,1.1889534321995396,0.006487341772151901,0.005455346393777972,40
Semantic_and_Neologism,Semantic,Neologism,1,3,1019,24499.23502241208,85.98563859464149,1.5190647045691692,0.002056962025316456,37.0,1.2,0.8,37,1,8,2.9448817986040687,0.6181252694315805,0.002056962025316456,0.003326742978713699,40
Semantic_and_Neologism,Semantic,Neologism,1,3,1019,24499.23502241208,85.98563859464149,1.5190647045691692,0.002056962025316456,37.0,1.2,0.9,37,1,9,5.91166450871063,0.8201452427599322,0.004430379746835444,0.005400945309011903,40
Semantic_and_Neologism,Semantic,Neologism,1,3,1019,24499.23502241208,85.98563859464149,1.5190647045691692,0.002056962025316456,37.0,1.2,1.0,37,1,10,25.64522407868528,1.4758798903244033,0.013291139240506329,0.009004569713118657,30
Semantic_and_Neologism,Semantic,Neologism,1,3,1019,24499.23502241208,85.98563859464149,1.5190647045691692,0.002056962025316456,37.0,1.3,0.7,37,2,7,4.475900800331166,0.7332253978791714,0.002531645569620254,0.0034517521508978678,40
Semantic_and_Neologism,Semantic,Neologism,1,3,1019,24499.23502241208,85.98563859464149,1.5190647045691692,0.002056962025316456,37.0,1.3,0.8,37,2,8,14.45136975698214,1.1698536378202553,0.009177215189873416,0.007843755013091194,40
Semantic_and_Neologism,Semantic,Neologism,1,3,1019,24499.23502241208,85.98563859464149,1.5190647045691692,0.002056962025316456,37.0,1.3,0.9,37,2,9,36.48141999434877,1.7171724330869675,0.01708860759493671,0.00995059674454851,40
Semantic_and_Neologism,Semantic,Neologism,1,3,1019,24499.23502241208,85.98563859464149,1.5190647045691692,0.002056962025316456,37.0,1.3,1.0,37,2,10,66.89231263472468,3.035729502585723,0.03426451331296377,0.011286077219422387,29
Semantic_and_Neologism,Semantic,Neologism,1,3,1019,24499.23502241208,85.98563859464149,1.5190647045691692,0.002056962025316456,37.0,1.4,0.6,37,3,6,8.356806854407319,0.9418418831582857,0.0056962025316455705,0.006046939291619152,40
Semantic_and_Neologism,Semantic,Neologism,1,3,1019,24499.23502241208,85.98563859464149,1.5190647045691692,0.002056962025316456,37.0,1.4,0.7,37,3,7,23.10993288070156,1.4133626228348324,0.015822784810126583,0.011194134606284023,40
Semantic_and_Neologism,Semantic,Neologism,1,3,1019,24499.23502241208,85.98563859464149,1.5190647045691692,0.002056962025316456,37.0,1.4,0.8,37,3,8,65.86866860456844,2.6104688230348545,0.029746835443037984,0.011394208086973124,40
Semantic_and_Neologism,Semantic,Neologism,1,3,1019,24499.23502241208,85.98563859464149,1.5190647045691692,0.002056962025316456,37.0,1.4,0.9,37,3,9,64.08366342782307,2.350134342760167,0.030221518987341777,0.01285848570576074,40
Semantic_and_Neologism,Semantic,Neologism,1,3,1019,24499.23502241208,85.98563859464149,1.5190647045691692,0.002056962025316456,37.0,1.4,1.0,37,3,10,34.78553336549996,1.6818937240528178,0.019860323003055434,0.011807310310593528,29
Semantic_and_Neologism,Semantic,Neologism,1,3,1019,24499.23502241208,85.98563859464149,1.5190647045691692,0.002056962025316456,37.0,1.5,0.5,37,4,5,6.4238508222064254,0.8479245977190205,0.0064873417721519,0.007649847480546415,40
Semantic_and_Neologism,Semantic,Neologism,1,3,1019,24499.23502241208,85.98563859464149,1.5190647045691692,0.002056962025316456,37.0,1.5,0.6,37,4,6,59.69676169678612,2.15991470006719,0.023575949367088605,0.010914222423531452,40
Semantic_and_Neologism,Semantic,Neologism,1,3,1019,24499.23502241208,85.98563859464149,1.5190647045691692,0.002056962025316456,37.0,1.5,0.7,37,4,7,64.69018705806917,2.316918362869668,0.03528481012658227,0.015228198702918272,40
Semantic_and_Neologism,Semantic,Neologism,1,3,1019,24499.23502241208,85.98563859464149,1.5190647045691692,0.002056962025316456,37.0,1.5,0.8,37,4,8,30.54044924080091,1.589634571834347,0.024208860759493682,0.015228198702918274,40
Semantic_and_Neologism,Semantic,Neologism,1,3,1019,24499.23502241208,85.98563859464149,1.5190647045691692,0.002056962025316456,37.0,1.5,0.9,37,4,9,21.645228737548567,1.3762233409295368,0.011867088607594936,0.008621938046944909,40
Semantic_and_Neologism,Semantic,Neologism,1,3,1019,24499.23502241208,85.98563859464149,1.5190647045691692,0.002056962025316456,37.0,1.5,1.0,37,4,10,2.4479520081102724,0.5722964951086559,0.0028371890004364915,0.004956550893087026,29
Semantic_and_Neologism,Semantic,Neologism,1,3,1019,24499.23502241208,85.98563859464149,1.5190647045691692,0.002056962025316456,37.0,1.6,0.4,37,5,4,7.618917935957856,0.9077942754986077,0.00617088607594937,0.006796670179799271,40
Semantic_and_Neologism,Semantic,Neologism,1,3,1019,24499.23502241208,85.98563859464149,1.5190647045691692,0.002056962025316456,37.0,1.6,0.5,37,5,5,33.147588983897606,1.6469179164423164,0.02436708860759493,0.014794569569267233,40
Semantic_and_Neologism,Semantic,Neologism,1,3,1019,24499.23502241208,85.98563859464149,1.5190647045691692,0.002056962025316456,37.0,1.6,0.6,37,5,6,72.94611612855816,2.7559882661134227,0.03322784810126582,0.012055599989855809,40
Semantic_and_Neologism,Semantic,Neologism,1,3,1019,24499.23502241208,85.98563859464149,1.5190647045691692,0.002056962025316456,37.0,1.6,0.7,37,5,7,35.18072456415699,1.6902213480583088,0.018512658227848096,0.010951801092658696,40
Semantic_and_Neologism,Semantic,Neologism,1,3,1019,24499.23502241208,85.98563859464149,1.5190647045691692,0.002056962025316456,37.0,1.6,0.8,37,5,8,10.000431991401676,1.0112083197853656,0.005063291139240508,0.005006169185786781,40
Semantic_and_Neologism,Semantic,Neologism,1,3,1019,24499.23502241208,85.98563859464149,1.5190647045691692,0.002056962025316456,37.0,1.7,0.4,37,6,4,23.51167919379197,1.4233982767405586,0.021677215189873415,0.01522819870291827,40
Semantic_and_Neologism,Semantic,Neologism,1,3,1019,24499.23502241208,85.98563859464149,1.5190647045691692,0.002056962025316456,37.0,1.7,0.5,37,6,5,59.69377151419923,2.5213293486995987,0.03671490768362493,0.014560726218972949,40
Semantic_and_Neologism,Semantic,Neologism,1,3,1019,24499.23502241208,85.98563859464149,1.5190647045691692,0.002056962025316456,37.0,1.7,0.6,37,6,6,24.372828869970675,1.4447613014034595,0.015189873417721517,0.010512759887509363,40
Semantic_and_Neologism,Semantic,Neologism,1,3,1019,24499.23502241208,85.98563859464149,1.5190647045691692,0.002056962025316456,37.0,1.7,0.7,37,6,7,6.695840431332889,0.8621913643608817,0.0047468354430379766,0.0055045474216639505,40
Semantic_and_Neologism,Semantic,Neologism,1,3,1019,24499.23502241208,85.98563859464149,1.5190647045691692,0.002056962025316456,37.0,1.8,0.3,37,7,3,9.464476679491318,0.9895202164970122,0.006645569620253167,0.0067149513362739196,40
Semantic_and_Neologism,Semantic,Neologism,1,3,1019,24499.23502241208,85.98563859464149,1.5190647045691692,0.002056962025316456,37.0,1.8,0.4,37,7,4,64.7430287050409,2.535724437950175,0.03686708860759493,0.014538075325313145,40
Semantic_and_Neologism,Semantic,Neologism,1,3,1019,24499.23502241208,85.98563859464149,1.5190647045691692,0.002056962025316456,37.0,1.8,0.5,37,7,5,27.97415309334514,1.5311368702075034,0.017721518987341766,0.011573091991488718,40
Semantic_and_Neologism,Semantic,Neologism,1,3,1019,24499.23502241208,85.98563859464149,1.5190647045691692,0.002056962025316456,37.0,1.8,0.6,37,7,6,3.2427889571689943,0.6431758902589508,0.0033227848101265835,0.0051652148106776635,40
Semantic_and_Neologism,Semantic,Neologism,1,3,1019,24499.23502241208,85.98563859464149,1.5190647045691692,0.002056962025316456,37.0,1.9,0.2,37,8,2,2.0298675680893594,0.5284436424261231,0.002215189873417722,0.004190913187275042,40
Semantic_and_Neologism,Semantic,Neologism,1,3,1019,24499.23502241208,85.98563859464149,1.5190647045691692,0.002056962025316456,37.0,1.9,0.3,37,8,3,45.399346930460695,1.892072584074691,0.018354430379746843,0.009699700984853067,40
Semantic_and_Neologism,Semantic,Neologism,1,3,1019,24499.23502241208,85.98563859464149,1.5190647045691692,0.002056962025316456,37.0,1.9,0.4,37,8,4,44.70737699079321,1.8787542340194199,0.0254746835443038,0.013558348574189551,40
Semantic_and_Neologism,Semantic,Neologism,1,3,1019,24499.23502241208,85.98563859464149,1.5190647045691692,0.002056962025316456,37.0,1.9,0.5,37,8,5,4.515121215556216,0.7358089453262453,0.0031645569620253173,0.00429978620561239,40
Semantic_and_Neologism,Semantic,Neologism,1,3,1019,24499.23502241208,85.98563859464149,1.5190647045691692,0.002056962025316456,37.0,2.0,0.2,37,9,2,1.6980064143570208,0.48891133223372135,0.005063291139240507,0.010355256452693614,40
Semantic_and_Neologism,Semantic,Neologism,1,3,1019,24499.23502241208,85.98563859464149,1.5190647045691692,0.002056962025316456,37.0,2.0,0.3,37,9,3,60.48043559970084,2.328931867345088,0.032911392405063286,0.014130539383580713,40
Semantic_and_Neologism,Semantic,Neologism,1,3,1019,24499.23502241208,85.98563859464149,1.5190647045691692,0.002056962025316456,37.0,2.0,0.4,37,9,4,12.13248344724601,1.091463719755317,0.006962025316455699,0.006377613590579481,40
Semantic_and_Neologism,Semantic,Neologism,1,3,1019,24499.23502241208,85.98563859464149,1.5190647045691692,0.002056962025316456,38.0,1.2,0.9,38,1,9,2.7094155048572808,0.5970995396632933,0.0023734177215189883,0.003973911323591654,40
Semantic_and_Neologism,Semantic,Neologism,1,3,1019,24499.23502241208,85.98563859464149,1.5190647045691692,0.002056962025316456,38.0,1.2,1.0,38,1,10,4.965574797042838,0.7645729823146301,0.004430379746835444,0.005793580568911987,30
Semantic_and_Neologism,Semantic,Neologism,1,3,1019,24499.23502241208,85.98563859464149,1.5190647045691692,0.002056962025316456,38.0,1.3,0.8,38,2,8,8.218462648322951,0.9355876476924971,0.007120253164556961,0.007609460850053034,40
Semantic_and_Neologism,Semantic,Neologism,1,3,1019,24499.23502241208,85.98563859464149,1.5190647045691692,0.002056962025316456,38.0,1.3,0.9,38,2,9,24.069848246051873,1.4372833024749336,0.01645569620253164,0.011448166753830447,40
Semantic_and_Neologism,Semantic,Neologism,1,3,1019,24499.23502241208,85.98563859464149,1.5190647045691692,0.002056962025316456,38.0,1.3,1.0,38,2,10,24.862588728822452,1.456814396295343,0.02684417285028372,0.018425625188869664,29
Semantic_and_Neologism,Semantic,Neologism,1,3,1019,24499.23502241208,85.98563859464149,1.5190647045691692,0.002056962025316456,38.0,1.4,0.6,38,3,6,5.106866933838337,0.7732428511402981,0.00268987341772152,0.003477691608664437,40
Semantic_and_Neologism,Semantic,Neologism,1,3,1019,24499.23502241208,85.98563859464149,1.5190647045691692,0.002056962025316456,38.0,1.4,0.7,38,3,7,21.278111478151416,1.3667631390425645,0.009968354430379748,0.0072924030378977815,40
Semantic_and_Neologism,Semantic,Neologism,1,3,1019,24499.23502241208,85.98563859464149,1.5190647045691692,0.002056962025316456,38.0,1.4,0.8,38,3,8,42.31451581298675,1.832751982940767,0.025791139240506338,0.01407135647843786,40
Semantic_and_Neologism,Semantic,Neologism,1,3,1019,24499.23502241208,85.98563859464149,1.5190647045691692,0.002056962025316456,38.0,1.4,0.9,38,3,9,66.74001615835351,2.7552574035214836,0.03227848101265822,0.011714232475703803,40
Semantic_and_Neologism,Semantic,Neologism,1,3,1019,24499.23502241208,85.98563859464149,1.5190647045691692,0.002056962025316456,38.0,1.4,1.0,38,3,10,41.98582837363588,1.8263398302086054,0.024006983849847226,0.013143861352065644,29
Semantic_and_Neologism,Semantic,Neologism,1,3,1019,24499.23502241208,85.98563859464149,1.5190647045691692,0.002056962025316456,38.0,1.5,0.5,38,4,5,3.4994713019699413,0.6635698561933271,0.0030063291139240515,0.004529539001832198,40
Semantic_and_Neologism,Semantic,Neologism,1,3,1019,24499.23502241208,85.98563859464149,1.5190647045691692,0.002056962025316456,38.0,1.5,0.6,38,4,6,24.393772963226002,1.4452781121810137,0.01534810126582278,0.010618479487350398,40
Semantic_and_Neologism,Semantic,Neologism,1,3,1019,24499.23502241208,85.98563859464149,1.5190647045691692,0.002056962025316456,38.0,1.5,0.7,38,4,7,54.487013192302676,2.0607336177799174,0.030537974683544307,0.014817982143089253,40
Semantic_and_Neologism,Semantic,Neologism,1,3,1019,24499.23502241208,85.98563859464149,1.5190647045691692,0.002056962025316456,38.0,1.5,0.8,38,4,8,42.0109562937043,1.826830993463303,0.027531645569620254,0.01506971298228076,40
Semantic_and_Neologism,Semantic,Neologism,1,3,1019,24499.23502241208,85.98563859464149,1.5190647045691692,0.002056962025316456,38.0,1.5,0.9,38,4,9,23.878722767239193,1.4325386592795204,0.012658227848101273,0.008835220765216619,40
Semantic_and_Neologism,Semantic,Neologism,1,3,1019,24499.23502241208,85.98563859464149,1.5190647045691692,0.002056962025316456,38.0,1.5,1.0,38,4,10,8.644650971760997,0.9546051778490889,0.005674378000872983,0.0059432145638246585,29
Semantic_and_Neologism,Semantic,Neologism,1,3,1019,24499.23502241208,85.98563859464149,1.5190647045691692,0.002056962025316456,38.0,1.6,0.4,38,5,4,7.9017046318035735,0.9210276523653406,0.00348101265822785,0.003778487672588412,40
Semantic_and_Neologism,Semantic,Neologism,1,3,1019,24499.23502241208,85.98563859464149,1.5190647045691692,0.002056962025316456,38.0,1.6,0.5,38,5,5,30.001875178479843,1.5775557175424324,0.01566455696202531,0.009928637849132877,40
Semantic_and_Neologism,Semantic,Neologism,1,3,1019,24499.23502241208,85.98563859464149,1.5190647045691692,0.002056962025316456,38.0,1.6,0.6,38,5,6,73.46777498049534,2.8226688001346,0.03370253164556962,0.011938952588118912,40
Semantic_and_Neologism,Semantic,Neologism,1,3,1019,24499.23502241208,85.98563859464149,1.5190647045691692,0.002056962025316456,38.0,1.6,0.7,38,5,7,38.488518728693926,1.7576192970860207,0.024367088607594935,0.013862689735310395,40
Semantic_and_Neologism,Semantic,Neologism,1,3,1019,24499.23502241208,85.98563859464149,1.5190647045691692,0.002056962025316456,38.0,1.6,0.8,38,5,8,10.73652472571215,1.039929267280911,0.007436708860759493,0.007150167963763685,40
Semantic_and_Neologism,Semantic,Neologism,1,3,1019,24499.23502241208,85.98563859464149,1.5190647045691692,0.002056962025316456,38.0,1.6,0.9,38,5,9,4.055523427107191,0.7045937741818322,0.0028481012658227857,0.004041189088499929,40
Semantic_and_Neologism,Semantic,Neologism,1,3,1019,24499.23502241208,85.98563859464149,1.5190647045691692,0.002056962025316456,38.0,1.7,0.4,38,6,4,14.674338110484973,1.1770544107066325,0.012025316455696202,0.01021544908367229,40
Semantic_and_Neologism,Semantic,Neologism,1,3,1019,24499.23502241208,85.98563859464149,1.5190647045691692,0.002056962025316456,38.0,1.7,0.5,38,6,5,58.75183156576677,2.3643054353098503,0.03196202531645571,0.013517568641393399,40
Semantic_and_Neologism,Semantic,Neologism,1,3,1019,24499.23502241208,85.98563859464149,1.5190647045691692,0.002056962025316456,38.0,1.7,0.6,38,6,6,32.31495024362488,1.6288553666212946,0.018354430379746836,0.01126729966359696,40
Semantic_and_Neologism,Semantic,Neologism,1,3,1019,24499.23502241208,85.98563859464149,1.5190647045691692,0.002056962025316456,38.0,1.7,0.7,38,6,7,9.05074761151232,0.9721581781879368,0.005063291139240508,0.005207299691186342,40
Semantic_and_Neologism,Semantic,Neologism,1,3,1019,24499.23502241208,85.98563859464149,1.5190647045691692,0.002056962025316456,38.0,1.8,0.3,38,7,3,11.175461512606306,1.0565485646233268,0.004905063291139242,0.004641534622048311,40
Semantic_and_Neologism,Semantic,Neologism,1,3,1019,24499.23502241208,85.98563859464149,1.5190647045691692,0.002056962025316456,38.0,1.8,0.4,38,7,4,37.2408697618729,1.7326235115002615,0.028639240506329117,0.01652840775433128,40
Semantic_and_Neologism,Semantic,Neologism,1,3,1019,24499.23502241208,85.98563859464149,1.5190647045691692,0.002056962025316456,38.0,1.8,0.5,38,7,5,39.23183030586268,1.7724897523644432,0.021360759493670885,0.0120502739016834,40
Semantic_and_Neologism,Semantic,Neologism,1,3,1019,24499.23502241208,85.98563859464149,1.5190647045691692,0.002056962025316456,38.0,1.8,0.6,38,7,6,6.390941330183673,0.8461721661561379,0.0037974683544303813,0.004486819980750421,40
Semantic_and_Neologism,Semantic,Neologism,1,3,1019,24499.23502241208,85.98563859464149,1.5190647045691692,0.002056962025316456,38.0,1.9,0.3,38,8,3,24.986649272193382,1.4598489437241344,0.013132911392405069,0.008995075552106423,40
Semantic_and_Neologism,Semantic,Neologism,1,3,1019,24499.23502241208,85.98563859464149,1.5190647045691692,0.002056962025316456,38.0,1.9,0.4,38,8,4,45.07048983303257,1.9760921297109566,0.028322784810126577,0.014331724868586648,40
Semantic_and_Neologism,Semantic,Neologism,1,3,1019,24499.23502241208,85.98563859464149,1.5190647045691692,0.002056962025316456,38.0,1.9,0.5,38,8,5,6.767951775477156,0.8659069199968142,0.0063291139240506345,0.007308231255564882,40
Semantic_and_Neologism,Semantic,Neologism,1,3,1019,24499.23502241208,85.98563859464149,1.5190647045691692,0.002056962025316456,38.0,2.0,0.2,38,9,2,2.3486359608464307,0.5623434113646967,0.002215189873417722,0.003938211927533556,40
Semantic_and_Neologism,Semantic,Neologism,1,3,1019,24499.23502241208,85.98563859464149,1.5190647045691692,0.002056962025316456,38.0,2.0,0.3,38,9,3,64.384071823352,2.895739034634644,0.034177215189873406,0.01180158814109109,40
Semantic_and_Neologism,Semantic,Neologism,1,3,1019,24499.23502241208,85.98563859464149,1.5190647045691692,0.002056962025316456,38.0,2.0,0.4,38,9,4,14.212416917266497,1.1620497017467666,0.011234177215189874,0.009666553116104171,40
Semantic_and_Neologism,Semantic,Neologism,1,3,1019,24499.23502241208,85.98563859464149,1.5190647045691692,0.002056962025316456,39.0,1.2,1.0,39,1,10,1.5354376284034268,0.46774678612758785,0.002531645569620253,0.005411427502879075,30
Semantic_and_Neologism,Semantic,Neologism,1,3,1019,24499.23502241208,85.98563859464149,1.5190647045691692,0.002056962025316456,39.0,1.3,0.8,39,2,8,2.1104082356475913,0.5373697629968041,0.0025316455696202536,0.004710179794526903,40
Semantic_and_Neologism,Semantic,Neologism,1,3,1019,24499.23502241208,85.98563859464149,1.5190647045691692,0.002056962025316456,39.0,1.3,0.9,39,2,9,2.3491028051051726,0.5623910004942685,0.003322784810126584,0.005907317891300339,40
Semantic_and_Neologism,Semantic,Neologism,1,3,1019,24499.23502241208,85.98563859464149,1.5190647045691692,0.002056962025316456,39.0,1.3,1.0,39,2,10,5.841781787377738,0.8162220658045717,0.006547359231776517,0.008020541570703081,29
Semantic_and_Neologism,Semantic,Neologism,1,3,1019,24499.23502241208,85.98563859464149,1.5190647045691692,0.002056962025316456,39.0,1.4,0.7,39,3,7,2.2337811027110903,0.5505623998000281,0.00308341447581954,0.005599481393098183,39
Semantic_and_Neologism,Semantic,Neologism,1,3,1019,24499.23502241208,85.98563859464149,1.5190647045691692,0.002056962025316456,39.0,1.4,0.8,39,3,8,8.424567157329097,0.9448810578203258,0.008860759493670886,0.009376645387569837,40
Semantic_and_Neologism,Semantic,Neologism,1,3,1019,24499.23502241208,85.98563859464149,1.5190647045691692,0.002056962025316456,39.0,1.4,0.9,39,3,9,8.566012731839136,0.9511450589637613,0.0120253164556962,0.012641988934618821,40
Semantic_and_Neologism,Semantic,Neologism,1,3,1019,24499.23502241208,85.98563859464149,1.5190647045691692,0.002056962025316456,39.0,1.4,1.0,39,3,10,15.74984071497017,1.210804869691074,0.019423832387603666,0.016041083141406162,29
Semantic_and_Neologism,Semantic,Neologism,1,3,1019,24499.23502241208,85.98563859464149,1.5190647045691692,0.002056962025316456,39.0,1.5,0.6,39,4,6,3.328933507460723,0.6501473112097992,0.0034810126582278493,0.005353190655269117,40
Semantic_and_Neologism,Semantic,Neologism,1,3,1019,24499.23502241208,85.98563859464149,1.5190647045691692,0.002056962025316456,39.0,1.5,0.7,39,4,7,12.734910865520211,1.1124745347916243,0.011522233041220383,0.010356300487222922,39
Semantic_and_Neologism,Semantic,Neologism,1,3,1019,24499.23502241208,85.98563859464149,1.5190647045691692,0.002056962025316456,39.0,1.5,0.8,39,4,8,18.302796580151906,1.28616858850222,0.024050632911392412,0.01869844043603184,40
Semantic_and_Neologism,Semantic,Neologism,1,3,1019,24499.23502241208,85.98563859464149,1.5190647045691692,0.002056962025316456,39.0,1.5,0.9,39,4,9,24.16210084239738,1.5587735987360711,0.029113924050632917,0.018676455195699933,40
Semantic_and_Neologism,Semantic,Neologism,1,3,1019,24499.23502241208,85.98563859464149,1.5190647045691692,0.002056962025316456,39.0,1.5,1.0,39,4,10,23.521449911031066,1.42364301866851,0.02313400261894369,0.016248862019890502,29
Semantic_and_Neologism,Semantic,Neologism,1,3,1019,24499.23502241208,85.98563859464149,1.5190647045691692,0.002056962025316456,39.0,1.6,0.5,39,5,5,4.487259745060356,0.7339757413148215,0.004057124310288869,0.005526600003538348,39
Semantic_and_Neologism,Semantic,Neologism,1,3,1019,24499.23502241208,85.98563859464149,1.5190647045691692,0.002056962025316456,39.0,1.6,0.6,39,5,6,9.85609561065376,1.0054096556685954,0.01408227848101266,0.014005508095098783,40
Semantic_and_Neologism,Semantic,Neologism,1,3,1019,24499.23502241208,85.98563859464149,1.5190647045691692,0.002056962025316456,39.0,1.6,0.7,39,5,7,23.47105029901433,1.422381542764968,0.02223304122038299,0.015629856104308112,39
Semantic_and_Neologism,Semantic,Neologism,1,3,1019,24499.23502241208,85.98563859464149,1.5190647045691692,0.002056962025316456,39.0,1.6,0.8,39,5,8,23.980777855471313,1.638914142054719,0.03338607594936708,0.020369851097489892,40
Semantic_and_Neologism,Semantic,Neologism,1,3,1019,24499.23502241208,85.98563859464149,1.5190647045691692,0.002056962025316456,39.0,1.6,0.9,39,5,9,18.89380184552724,1.302779427265728,0.021518987341772156,0.01651675188600896,40
Semantic_and_Neologism,Semantic,Neologism,1,3,1019,24499.23502241208,85.98563859464149,1.5190647045691692,0.002056962025316456,39.0,1.6,1.0,39,5,10,6.115707131115506,0.8313650225045177,0.00960279353993889,0.01154963453476804,29
Semantic_and_Neologism,Semantic,Neologism,1,3,1019,24499.23502241208,85.98563859464149,1.5190647045691692,0.002056962025316456,39.0,1.7,0.4,39,6,4,3.7320587785825876,0.6812269355035675,0.0036392405063291147,0.005341185278741164,40
Semantic_and_Neologism,Semantic,Neologism,1,3,1019,24499.23502241208,85.98563859464149,1.5190647045691692,0.002056962025316456,39.0,1.7,0.5,39,6,5,34.81783194774748,1.6825767411817885,0.013794222654982148,0.008197272517004797,39
Semantic_and_Neologism,Semantic,Neologism,1,3,1019,24499.23502241208,85.98563859464149,1.5190647045691692,0.002056962025316456,39.0,1.7,0.6,39,6,6,22.103426749683496,1.3879519393623856,0.03037974683544304,0.021887183570246143,40
Semantic_and_Neologism,Semantic,Neologism,1,3,1019,24499.23502241208,85.98563859464149,1.5190647045691692,0.002056962025316456,39.0,1.7,0.7,39,6,7,23.693347716335026,1.5244332366205176,0.03164556962025317,0.02075790820276756,38
Semantic_and_Neologism,Semantic,Neologism,1,3,1019,24499.23502241208,85.98563859464149,1.5190647045691692,0.002056962025316456,39.0,1.7,0.8,39,6,8,9.970594119095352,1.0100120528477774,0.014873417721518989,0.014724980427246067,40
Semantic_and_Neologism,Semantic,Neologism,1,3,1019,24499.23502241208,85.98563859464149,1.5190647045691692,0.002056962025316456,39.0,1.7,0.9,39,6,9,8.130509054487701,0.9315728627208456,0.006815968841285299,0.007315624511128301,39
Semantic_and_Neologism,Semantic,Neologism,1,3,1019,24499.23502241208,85.98563859464149,1.5190647045691692,0.002056962025316456,39.0,1.8,0.4,39,7,4,5.734302062993436,0.8101511162338625,0.008227848101265823,0.01015494243641174,40
Semantic_and_Neologism,Semantic,Neologism,1,3,1019,24499.23502241208,85.98563859464149,1.5190647045691692,0.002056962025316456,39.0,1.8,0.5,39,7,5,33.463747148493816,1.6537239762449536,0.03031312458361093,0.01832922016917343,38
Semantic_and_Neologism,Semantic,Neologism,1,3,1019,24499.23502241208,85.98563859464149,1.5190647045691692,0.002056962025316456,39.0,1.8,0.6,39,7,6,33.92993745747928,1.8084823118292068,0.03291139240506329,0.018197349074133187,40
Semantic_and_Neologism,Semantic,Neologism,1,3,1019,24499.23502241208,85.98563859464149,1.5190647045691692,0.002056962025316456,39.0,1.8,0.7,39,7,7,21.90211986881202,1.3828138927147033,0.015989340439706866,0.011561901214650816,38
Semantic_and_Neologism,Semantic,Neologism,1,3,1019,24499.23502241208,85.98563859464149,1.5190647045691692,0.002056962025316456,39.0,1.8,0.8,39,7,8,5.318386874745528,0.7859727238853095,0.004746835443037975,0.006038440426854611,40
Semantic_and_Neologism,Semantic,Neologism,1,3,1019,24499.23502241208,85.98563859464149,1.5190647045691692,0.002056962025316456,39.0,1.9,0.3,39,8,3,2.804873749826817,0.6057631473204297,0.006012658227848104,0.009924757706530795,40
Semantic_and_Neologism,Semantic,Neologism,1,3,1019,24499.23502241208,85.98563859464149,1.5190647045691692,0.002056962025316456,39.0,1.9,0.4,39,8,4,23.693429525632908,1.4279305501144521,0.025316455696202535,0.017728472693313662,40
Semantic_and_Neologism,Semantic,Neologism,1,3,1019,24499.23502241208,85.98563859464149,1.5190647045691692,0.002056962025316456,39.0,1.9,0.5,39,8,5,24.42583526775102,1.4460719877337551,0.03181212524983345,0.02199799141929203,38
Semantic_and_Neologism,Semantic,Neologism,1,3,1019,24499.23502241208,85.98563859464149,1.5190647045691692,0.002056962025316456,39.0,1.9,0.6,39,8,6,15.69918193954694,1.2092423886595844,0.015189873417721522,0.012560479452071742,40
Semantic_and_Neologism,Semantic,Neologism,1,3,1019,24499.23502241208,85.98563859464149,1.5190647045691692,0.002056962025316456,39.0,1.9,0.7,39,8,7,4.094968350113517,0.7073738650922974,0.0038307794803464365,0.005414494789090915,38
Semantic_and_Neologism,Semantic,Neologism,1,3,1019,24499.23502241208,85.98563859464149,1.5190647045691692,0.002056962025316456,39.0,2.0,0.3,39,9,3,18.96968434501211,1.304899138026159,0.012495942875689711,0.009575175285540888,39
Semantic_and_Neologism,Semantic,Neologism,1,3,1019,24499.23502241208,85.98563859464149,1.5190647045691692,0.002056962025316456,39.0,2.0,0.4,39,9,4,24.31541592825768,1.6835730170406455,0.03496835443037975,0.020769322449005805,40
Semantic_and_Neologism,Semantic,Neologism,1,3,1019,24499.23502241208,85.98563859464149,1.5190647045691692,0.002056962025316456,39.0,2.0,0.5,39,9,5,14.362853190204314,1.1669674521882958,0.02104002736914129,0.018028660835601763,37
Semantic_and_Neologism,Semantic,Neologism,1,3,1019,24499.23502241208,85.98563859464149,1.5190647045691692,0.002056962025316456,39.0,2.0,0.6,39,9,6,2.9852112792053815,0.6216101683618799,0.0038948393378773136,0.006264726553575091,39
Semantic_and_Neologism,Semantic,Neologism,2,1,7,11.863235917092362,1.7693857554196502,1.5190647045691692,0.002056962025316456,6.0,1.1,1.0,6,0,10,1.6221201200549373,0.47927244934217367,0.0023206751054852324,0.004841079090234541,30
Semantic_and_Neologism,Semantic,Neologism,2,1,7,11.863235917092362,1.7693857554196502,1.5190647045691692,0.002056962025316456,7.0,1.1,1.0,7,0,10,1.724177894882974,0.504246345011664,0.0021097046413502112,0.004182876912982702,30
Semantic_and_Neologism,Semantic,Neologism,2,1,7,11.863235917092362,1.7693857554196502,1.5190647045691692,0.002056962025316456,7.0,1.2,1.0,7,1,10,1.541831385958685,0.4686143200480108,0.0021097046413502112,0.004501006343156705,30
Semantic_and_Neologism,Semantic,Neologism,2,1,7,11.863235917092362,1.7693857554196502,1.5190647045691692,0.002056962025316456,8.0,1.1,1.0,8,0,10,1.7352186390684794,0.5331209422291473,0.003164556962025317,0.005934908180221364,30
Semantic_and_Neologism,Semantic,Neologism,2,1,7,11.863235917092362,1.7693857554196502,1.5190647045691692,0.002056962025316456,8.0,1.2,1.0,8,1,10,1.718687029505694,0.49150060032429643,0.0025316455696202536,0.005149849394588433,30
Semantic_and_Neologism,Semantic,Neologism,2,1,7,11.863235917092362,1.7693857554196502,1.5190647045691692,0.002056962025316456,8.0,1.3,1.0,8,2,10,1.7693857554196502,0.6434867030839375,0.0025316455696202536,0.003933262444720666,30
Semantic_and_Neologism,Semantic,Neologism,2,1,7,11.863235917092362,1.7693857554196502,1.5190647045691692,0.002056962025316456,9.0,1.1,1.0,9,0,10,1.751815092201943,0.5857763938201386,0.00548523206751055,0.009363037413216039,30
Semantic_and_Neologism,Semantic,Neologism,3,4,6,9.422462250510304,1.6070500900122728,1.5190647045691692,0.002056962025316456,9.0,1.3,0.5,9,2,5,1.574767405954052,0.5899868291523974,0.003164556962025317,0.005362775605926096,40
Semantic_and_Neologism,Semantic,Neologism,3,4,6,9.422462250510304,1.6070500900122728,1.5190647045691692,0.002056962025316456,9.0,1.3,0.7,9,2,7,1.5657467017283377,0.5686569211193431,0.0026898734177215194,0.0047292218927130585,40
Semantic_and_Neologism,Semantic,Neologism,3,4,6,9.422462250510304,1.6070500900122728,1.5190647045691692,0.002056962025316456,9.0,1.4,0.5,9,3,5,1.5719801104339264,0.581921043567622,0.003006329113924051,0.005165214810677664,40
Semantic_and_Neologism,Semantic,Neologism,3,4,6,9.422462250510304,1.6070500900122728,1.5190647045691692,0.002056962025316456,9.0,1.4,0.6,9,3,6,1.5625891398815965,0.5616921733982789,0.002373417721518988,0.004224477644026329,40
Semantic_and_Neologism,Semantic,Neologism,3,4,6,9.422462250510304,1.6070500900122728,1.5190647045691692,0.002056962025316456,9.0,1.4,0.7,9,3,7,1.6070500900122728,0.6747780033354355,0.0034810126582278493,0.005157752420827537,40
Semantic_and_Neologism,Semantic,Neologism,3,4,6,9.422462250510304,1.6070500900122728,1.5190647045691692,0.002056962025316456,9.0,1.5,0.6,9,4,6,1.5403288025001174,0.528443642426123,0.0022151898734177216,0.004190913187275042,40
Semantic_and_Neologism,Semantic,Neologism,4,2,4,6.308572671314709,1.635981198559152,1.5190647045691692,0.002056962025316456,8.0,1.6,0.5,8,5,5,1.5481478022724569,0.5278863724334295,0.0020569620253164562,0.003895599974411832,40
Semantic_and_Neologism,Semantic,Neologism,4,2,4,6.308572671314709,1.635981198559152,1.5190647045691692,0.002056962025316456,8.0,1.6,0.6,8,5,6,1.559279297124739,0.5623434113646967,0.002215189873417722,0.003938211927533556,40
Semantic_and_Neologism,Semantic,Neologism,4,2,4,6.308572671314709,1.635981198559152,1.5190647045691692,0.002056962025316456,8.0,1.7,0.5,8,6,5,1.635981198559152,0.7334193147399932,0.0033227848101265835,0.0045295390018321975,40
Semantic_and_Neologism,Semantic,Neologism,4,2,4,6.308572671314709,1.635981198559152,1.5190647045691692,0.002056962025316456,9.0,1.7,0.5,9,6,5,1.5651643733583605,0.5676953459041421,0.0020569620253164562,0.003622355449638975,40
Semantic_and_Neologism,Semantic,Neologism,5,5,3,5.313336514683708,1.7748901094367815,1.5190647045691692,0.002056962025316456,9.0,1.9,0.2,9,8,2,1.7733331846108669,0.5699850310474073,0.003164556962025317,0.005551000122196387,40
Semantic_and_Neologism,Semantic,Neologism,5,5,3,5.313336514683708,1.7748901094367815,1.5190647045691692,0.002056962025316456,9.0,2.0,0.2,9,9,2,1.7651132206360594,0.5436766863770028,0.0034810126582278484,0.006401725637225509,40
Semantic_and_Neologism,Semantic,Neologism,5,5,3,5.313336514683708,1.7748901094367815,1.5190647045691692,0.002056962025316456,10.0,2.0,0.2,10,9,2,1.7748901094367815,0.5747225281175814,0.0028481012658227852,0.004954610971352244,40
