pair_name,pair_a,pair_b,sign,region_rank,region_id_raw,size_voxels,tfce_threshold_used,tfce_sum,tfce_max,Layer,NoiseStd,Percent,idx_layer,idx_noise,idx_percent,tfce_value,tfce_abs_for_sign,t_value,mean_subtraction,n_valid
Phonemic_minus_Neologism,Phonemic,Neologism,negative,1,4,95,1520.58654165394,168080.3293210661,2174.9958454341927,11.0,1.8,0.5,11,7,5,-1727.0173051121967,1727.0173051121967,-7.45811351465937,-0.0930379746835443,40
Phonemic_minus_Neologism,Phonemic,Neologism,negative,1,4,95,1520.58654165394,168080.3293210661,2174.9958454341927,11.0,1.9,0.4,11,8,4,-1738.6420115844087,1738.6420115844087,-7.578179246013628,-0.06693037974683544,40
Phonemic_minus_Neologism,Phonemic,Neologism,negative,1,4,95,1520.58654165394,168080.3293210661,2174.9958454341927,11.0,1.9,0.5,11,8,5,-1719.372533651678,1719.372533651678,-7.318439446278644,-0.0856012658227848,40
Phonemic_minus_Neologism,Phonemic,Neologism,negative,1,4,95,1520.58654165394,168080.3293210661,2174.9958454341927,11.0,2.0,0.4,11,9,4,-1735.830962983784,1735.830962983784,-7.529072597707587,-0.0689873417721519,40
Phonemic_minus_Neologism,Phonemic,Neologism,negative,1,4,95,1520.58654165394,168080.3293210661,2174.9958454341927,11.0,2.0,0.5,11,9,5,-1589.86714938147,1589.86714938147,-6.539043597902143,-0.07500000000000001,40
Phonemic_minus_Neologism,Phonemic,Neologism,negative,1,4,95,1520.58654165394,168080.3293210661,2174.9958454341927,12.0,1.8,0.4,12,7,4,-1609.1553469079597,1609.1553469079597,-6.590202121554771,-0.05870253164556962,40
Phonemic_minus_Neologism,Phonemic,Neologism,negative,1,4,95,1520.58654165394,168080.3293210661,2174.9958454341927,12.0,1.9,0.4,12,8,4,-1704.201853876357,1704.201853876357,-7.174455420005113,-0.0856012658227848,40
Phonemic_minus_Neologism,Phonemic,Neologism,negative,1,4,95,1520.58654165394,168080.3293210661,2174.9958454341927,12.0,1.9,0.5,12,8,5,-1614.5432846669771,1614.5432846669771,-6.604560943374844,-0.08670886075949366,40
Phonemic_minus_Neologism,Phonemic,Neologism,negative,1,4,95,1520.58654165394,168080.3293210661,2174.9958454341927,12.0,2.0,0.3,12,9,3,-1739.2998780828527,1739.2998780828527,-6.980436696756381,-0.0754746835443038,40
Phonemic_minus_Neologism,Phonemic,Neologism,negative,1,4,95,1520.58654165394,168080.3293210661,2174.9958454341927,12.0,2.0,0.4,12,9,4,-1654.198836694289,1654.198836694289,-6.712375872207493,-0.09208860759493673,40
Phonemic_minus_Neologism,Phonemic,Neologism,negative,1,4,95,1520.58654165394,168080.3293210661,2174.9958454341927,13.0,1.7,0.5,13,6,5,-1790.6706823965985,1790.6706823965985,-7.617983454874363,-0.09651898734177215,40
Phonemic_minus_Neologism,Phonemic,Neologism,negative,1,4,95,1520.58654165394,168080.3293210661,2174.9958454341927,13.0,1.8,0.5,13,7,5,-1778.903945897951,1778.903945897951,-7.410194024455131,-0.10458860759493671,40
Phonemic_minus_Neologism,Phonemic,Neologism,negative,1,4,95,1520.58654165394,168080.3293210661,2174.9958454341927,13.0,1.9,0.4,13,8,4,-1534.4303684484712,1534.4303684484712,-6.395263266437383,-0.07151898734177214,40
Phonemic_minus_Neologism,Phonemic,Neologism,negative,1,4,95,1520.58654165394,168080.3293210661,2174.9958454341927,13.0,2.0,0.3,13,9,3,-1823.3207201877012,1823.3207201877012,-7.712029711353564,-0.09667721518987342,40
Phonemic_minus_Neologism,Phonemic,Neologism,negative,1,4,95,1520.58654165394,168080.3293210661,2174.9958454341927,13.0,2.0,0.4,13,9,4,-1793.2512369607784,1793.2512369607784,-7.171053543394767,-0.08069620253164558,40
Phonemic_minus_Neologism,Phonemic,Neologism,negative,1,4,95,1520.58654165394,168080.3293210661,2174.9958454341927,13.0,2.0,0.5,13,9,5,-1752.446012263236,1752.446012263236,-7.021090965008347,-0.06265822784810125,40
Phonemic_minus_Neologism,Phonemic,Neologism,negative,1,4,95,1520.58654165394,168080.3293210661,2174.9958454341927,14.0,1.5,0.8,14,4,8,-1656.55504249269,1656.55504249269,-6.981586468321799,-0.08465189873417721,40
Phonemic_minus_Neologism,Phonemic,Neologism,negative,1,4,95,1520.58654165394,168080.3293210661,2174.9958454341927,14.0,1.7,0.5,14,6,5,-1749.5089055000617,1749.5089055000617,-7.011785917273375,-0.09541139240506327,40
Phonemic_minus_Neologism,Phonemic,Neologism,negative,1,4,95,1520.58654165394,168080.3293210661,2174.9958454341927,14.0,1.8,0.5,14,7,5,-1562.301479183824,1562.301479183824,-6.466728115421072,-0.08955696202531646,40
Phonemic_minus_Neologism,Phonemic,Neologism,negative,1,4,95,1520.58654165394,168080.3293210661,2174.9958454341927,14.0,1.9,0.4,14,8,4,-1818.1336501942878,1818.1336501942878,-7.552121969736307,-0.08750000000000001,40
Phonemic_minus_Neologism,Phonemic,Neologism,negative,1,4,95,1520.58654165394,168080.3293210661,2174.9958454341927,14.0,1.9,0.5,14,8,5,-1582.4853465751332,1582.4853465751332,-6.519497411760042,-0.06724683544303797,40
Phonemic_minus_Neologism,Phonemic,Neologism,negative,1,4,95,1520.58654165394,168080.3293210661,2174.9958454341927,14.0,2.0,0.3,14,9,3,-1791.8147070161704,1791.8147070161704,-7.157086040911826,-0.08354430379746834,40
Phonemic_minus_Neologism,Phonemic,Neologism,negative,1,4,95,1520.58654165394,168080.3293210661,2174.9958454341927,14.0,2.0,0.4,14,9,4,-1807.486772180954,1807.486772180954,-7.361150737756349,-0.07294303797468353,40
Phonemic_minus_Neologism,Phonemic,Neologism,negative,1,4,95,1520.58654165394,168080.3293210661,2174.9958454341927,15.0,1.4,0.8,15,3,8,-1584.8181684043998,1584.8181684043998,-6.52566079303355,-0.10031645569620255,40
Phonemic_minus_Neologism,Phonemic,Neologism,negative,1,4,95,1520.58654165394,168080.3293210661,2174.9958454341927,15.0,1.5,0.7,15,4,7,-2032.389068276493,2032.389068276493,-8.682907778438093,-0.0837025316455696,40
Phonemic_minus_Neologism,Phonemic,Neologism,negative,1,4,95,1520.58654165394,168080.3293210661,2174.9958454341927,15.0,1.5,0.8,15,4,8,-1642.4188663521961,1642.4188663521961,-6.679734377758238,-0.07151898734177213,40
Phonemic_minus_Neologism,Phonemic,Neologism,negative,1,4,95,1520.58654165394,168080.3293210661,2174.9958454341927,15.0,1.6,0.5,15,5,5,-1596.1588319685857,1596.1588319685857,-6.555726812907125,-0.08465189873417722,40
Phonemic_minus_Neologism,Phonemic,Neologism,negative,1,4,95,1520.58654165394,168080.3293210661,2174.9958454341927,15.0,1.6,0.6,15,5,6,-2019.5934892532541,2019.5934892532541,-9.052717096933305,-0.104746835443038,40
Phonemic_minus_Neologism,Phonemic,Neologism,negative,1,4,95,1520.58654165394,168080.3293210661,2174.9958454341927,15.0,1.6,0.7,15,5,7,-1786.9907060223852,1786.9907060223852,-7.139570430379028,-0.08623417721518989,40
Phonemic_minus_Neologism,Phonemic,Neologism,negative,1,4,95,1520.58654165394,168080.3293210661,2174.9958454341927,15.0,1.7,0.5,15,6,5,-2067.6636061797954,2067.6636061797954,-8.881230847542925,-0.10854430379746838,40
Phonemic_minus_Neologism,Phonemic,Neologism,negative,1,4,95,1520.58654165394,168080.3293210661,2174.9958454341927,15.0,1.7,0.6,15,6,6,-1914.1970017933845,1914.1970017933845,-7.667681319653412,-0.07832278481012657,40
Phonemic_minus_Neologism,Phonemic,Neologism,negative,1,4,95,1520.58654165394,168080.3293210661,2174.9958454341927,15.0,1.8,0.4,15,7,4,-1982.3760269243287,1982.3760269243287,-8.233738359360288,-0.09620253164556962,40
Phonemic_minus_Neologism,Phonemic,Neologism,negative,1,4,95,1520.58654165394,168080.3293210661,2174.9958454341927,15.0,1.8,0.5,15,7,5,-1966.235758724753,1966.235758724753,-7.990381434931679,-0.08702531645569621,40
Phonemic_minus_Neologism,Phonemic,Neologism,negative,1,4,95,1520.58654165394,168080.3293210661,2174.9958454341927,15.0,1.9,0.3,15,8,3,-1798.034931537006,1798.034931537006,-7.1817517888112175,-0.09636075949367087,40
Phonemic_minus_Neologism,Phonemic,Neologism,negative,1,4,95,1520.58654165394,168080.3293210661,2174.9958454341927,15.0,1.9,0.4,15,8,4,-1607.1638169494527,1607.1638169494527,-6.584907209599894,-0.10268987341772151,40
Phonemic_minus_Neologism,Phonemic,Neologism,negative,1,4,95,1520.58654165394,168080.3293210661,2174.9958454341927,15.0,2.0,0.3,15,9,3,-1985.3817136558164,1985.3817136558164,-8.81381026646343,-0.14098101265822788,40
Phonemic_minus_Neologism,Phonemic,Neologism,negative,1,4,95,1520.58654165394,168080.3293210661,2174.9958454341927,16.0,1.4,0.7,16,3,7,-1949.2812797712581,1949.2812797712581,-7.896418843812359,-0.07832278481012657,40
Phonemic_minus_Neologism,Phonemic,Neologism,negative,1,4,95,1520.58654165394,168080.3293210661,2174.9958454341927,16.0,1.4,0.8,16,3,8,-1543.445475919688,1543.445475919688,-6.418045601365237,-0.10110759493670884,40
Phonemic_minus_Neologism,Phonemic,Neologism,negative,1,4,95,1520.58654165394,168080.3293210661,2174.9958454341927,16.0,1.5,0.6,16,4,6,-1949.5138719004876,1949.5138719004876,-7.898283074398703,-0.11202531645569622,40
Phonemic_minus_Neologism,Phonemic,Neologism,negative,1,4,95,1520.58654165394,168080.3293210661,2174.9958454341927,16.0,1.5,0.7,16,4,7,-2037.3745917087192,2037.3745917087192,-8.748290771056045,-0.10189873417721518,40
Phonemic_minus_Neologism,Phonemic,Neologism,negative,1,4,95,1520.58654165394,168080.3293210661,2174.9958454341927,16.0,1.5,0.8,16,4,8,-1771.8031064594786,1771.8031064594786,-7.084880741977014,-0.07832278481012658,40
Phonemic_minus_Neologism,Phonemic,Neologism,negative,1,4,95,1520.58654165394,168080.3293210661,2174.9958454341927,16.0,1.6,0.5,16,5,5,-2004.8936999705825,2004.8936999705825,-8.284801581937467,-0.11487341772151898,40
Phonemic_minus_Neologism,Phonemic,Neologism,negative,1,4,95,1520.58654165394,168080.3293210661,2174.9958454341927,16.0,1.6,0.6,16,5,6,-1924.4678199532932,1924.4678199532932,-7.715573701160596,-0.09920886075949367,40
Phonemic_minus_Neologism,Phonemic,Neologism,negative,1,4,95,1520.58654165394,168080.3293210661,2174.9958454341927,16.0,1.6,0.7,16,5,7,-1981.388328763803,1981.388328763803,-8.1809903978233,-0.0795886075949367,40
Phonemic_minus_Neologism,Phonemic,Neologism,negative,1,4,95,1520.58654165394,168080.3293210661,2174.9958454341927,16.0,1.6,0.8,16,5,8,-1549.0104067298662,1549.0104067298662,-6.432262003146959,-0.059493670886075954,40
Phonemic_minus_Neologism,Phonemic,Neologism,negative,1,4,95,1520.58654165394,168080.3293210661,2174.9958454341927,16.0,1.7,0.5,16,6,5,-2118.5966483383972,2118.5966483383972,-9.46963924315332,-0.12784810126582274,40
Phonemic_minus_Neologism,Phonemic,Neologism,negative,1,4,95,1520.58654165394,168080.3293210661,2174.9958454341927,16.0,1.8,0.4,16,7,4,-1868.935907172211,1868.935907172211,-7.456856723545531,-0.0818037974683544,40
Phonemic_minus_Neologism,Phonemic,Neologism,negative,1,4,95,1520.58654165394,168080.3293210661,2174.9958454341927,16.0,1.8,0.5,16,7,5,-2000.9325588043093,2000.9325588043093,-8.251482312591609,-0.08623417721518986,40
Phonemic_minus_Neologism,Phonemic,Neologism,negative,1,4,95,1520.58654165394,168080.3293210661,2174.9958454341927,16.0,1.9,0.4,16,8,4,-2040.7811055275736,2040.7811055275736,-9.476269557172229,-0.09050632911392403,40
Phonemic_minus_Neologism,Phonemic,Neologism,negative,1,4,95,1520.58654165394,168080.3293210661,2174.9958454341927,16.0,2.0,0.3,16,9,3,-1921.6479178446134,1921.6479178446134,-7.911190671457766,-0.10854430379746835,40
Phonemic_minus_Neologism,Phonemic,Neologism,negative,1,4,95,1520.58654165394,168080.3293210661,2174.9958454341927,16.0,2.0,0.4,16,9,4,-1916.707776942871,1916.707776942871,-7.855097373331887,-0.06455696202531644,40
Phonemic_minus_Neologism,Phonemic,Neologism,negative,1,4,95,1520.58654165394,168080.3293210661,2174.9958454341927,17.0,1.3,0.9,17,2,9,-1792.9592310201635,1792.9592310201635,-7.268149771015078,-0.08370253164556961,40
Phonemic_minus_Neologism,Phonemic,Neologism,negative,1,4,95,1520.58654165394,168080.3293210661,2174.9958454341927,17.0,1.4,0.8,17,3,8,-2174.9958454341927,2174.9958454341927,-10.822980742968012,-0.11107594936708864,40
Phonemic_minus_Neologism,Phonemic,Neologism,negative,1,4,95,1520.58654165394,168080.3293210661,2174.9958454341927,17.0,1.4,0.9,17,3,9,-1965.087098184773,1965.087098184773,-8.711787035103841,-0.10079113924050631,40
Phonemic_minus_Neologism,Phonemic,Neologism,negative,1,4,95,1520.58654165394,168080.3293210661,2174.9958454341927,17.0,1.5,0.6,17,4,6,-1634.799925744136,1634.799925744136,-6.65883001638069,-0.0598101265822785,40
Phonemic_minus_Neologism,Phonemic,Neologism,negative,1,4,95,1520.58654165394,168080.3293210661,2174.9958454341927,17.0,1.5,0.8,17,4,8,-1951.1944590287483,1951.1944590287483,-8.581680969298395,-0.09731012658227847,40
Phonemic_minus_Neologism,Phonemic,Neologism,negative,1,4,95,1520.58654165394,168080.3293210661,2174.9958454341927,17.0,1.5,0.9,17,4,9,-1897.7287628512352,1897.7287628512352,-8.144493877516277,-0.07515822784810129,40
Phonemic_minus_Neologism,Phonemic,Neologism,negative,1,4,95,1520.58654165394,168080.3293210661,2174.9958454341927,17.0,1.6,0.6,17,5,6,-1658.2001812225124,1658.2001812225124,-6.723996697375638,-0.061075949367088586,40
Phonemic_minus_Neologism,Phonemic,Neologism,negative,1,4,95,1520.58654165394,168080.3293210661,2174.9958454341927,17.0,1.7,0.6,17,6,6,-1669.5959972660796,1669.5959972660796,-6.966197771006592,-0.05332278481012659,40
Phonemic_minus_Neologism,Phonemic,Neologism,negative,1,4,95,1520.58654165394,168080.3293210661,2174.9958454341927,17.0,1.8,0.4,17,7,4,-1909.6925167600634,1909.6925167600634,-8.021274082172432,-0.10063291139240502,40
Phonemic_minus_Neologism,Phonemic,Neologism,negative,1,4,95,1520.58654165394,168080.3293210661,2174.9958454341927,17.0,1.9,0.3,17,8,3,-1926.7013307671575,1926.7013307671575,-8.334767821991045,-0.10221518987341768,40
Phonemic_minus_Neologism,Phonemic,Neologism,negative,1,4,95,1520.58654165394,168080.3293210661,2174.9958454341927,17.0,1.9,0.4,17,8,4,-1546.9213692829703,1546.9213692829703,-6.4269098414758385,-0.07547468354430382,40
Phonemic_minus_Neologism,Phonemic,Neologism,negative,1,4,95,1520.58654165394,168080.3293210661,2174.9958454341927,17.0,2.0,0.3,17,9,3,-1873.4436218388862,1873.4436218388862,-7.489738630164275,-0.11202531645569622,40
Phonemic_minus_Neologism,Phonemic,Neologism,negative,1,4,95,1520.58654165394,168080.3293210661,2174.9958454341927,18.0,1.4,0.7,18,3,7,-1566.0673162136025,1566.0673162136025,-6.476589098564533,-0.07832278481012657,40
Phonemic_minus_Neologism,Phonemic,Neologism,negative,1,4,95,1520.58654165394,168080.3293210661,2174.9958454341927,18.0,1.4,0.8,18,3,8,-1544.1647181123797,1544.1647181123797,-6.419874970384783,-0.07784810126582278,40
Phonemic_minus_Neologism,Phonemic,Neologism,negative,1,4,95,1520.58654165394,168080.3293210661,2174.9958454341927,18.0,1.5,0.6,18,4,6,-1790.7000296076878,1790.7000296076878,-7.827582044034954,-0.0971518987341772,40
Phonemic_minus_Neologism,Phonemic,Neologism,negative,1,4,95,1520.58654165394,168080.3293210661,2174.9958454341927,18.0,1.5,0.7,18,4,7,-1531.5977317063907,1531.5977317063907,-6.388119782003513,-0.07325949367088605,40
Phonemic_minus_Neologism,Phonemic,Neologism,negative,1,4,95,1520.58654165394,168080.3293210661,2174.9958454341927,18.0,1.6,0.5,18,5,5,-1664.1952110445066,1664.1952110445066,-6.763510665648301,-0.07879746835443037,40
Phonemic_minus_Neologism,Phonemic,Neologism,negative,1,4,95,1520.58654165394,168080.3293210661,2174.9958454341927,18.0,1.6,0.6,18,5,6,-1804.238648896935,1804.238648896935,-8.041836834669972,-0.08528481012658228,40
Phonemic_minus_Neologism,Phonemic,Neologism,negative,1,4,95,1520.58654165394,168080.3293210661,2174.9958454341927,18.0,1.7,0.6,18,6,6,-1634.040047270705,1634.040047270705,-6.65675178533572,-0.0552215189873418,40
Phonemic_minus_Neologism,Phonemic,Neologism,negative,1,4,95,1520.58654165394,168080.3293210661,2174.9958454341927,18.0,1.8,0.4,18,7,4,-1892.057345162688,1892.057345162688,-7.7390186886732355,-0.07009493670886076,40
Phonemic_minus_Neologism,Phonemic,Neologism,negative,1,4,95,1520.58654165394,168080.3293210661,2174.9958454341927,18.0,1.9,0.3,18,8,3,-1757.0035459139308,1757.0035459139308,-7.035648626101787,-0.09018987341772151,40
Phonemic_minus_Neologism,Phonemic,Neologism,negative,1,4,95,1520.58654165394,168080.3293210661,2174.9958454341927,19.0,1.3,0.9,19,2,9,-1578.1148827981435,1578.1148827981435,-6.50800121211832,-0.0960443037974684,40
Phonemic_minus_Neologism,Phonemic,Neologism,negative,1,4,95,1520.58654165394,168080.3293210661,2174.9958454341927,19.0,1.3,1.0,19,2,10,-1627.9395513962274,1627.9395513962274,-6.66450606970907,-0.08358795285901356,29
Phonemic_minus_Neologism,Phonemic,Neologism,negative,1,4,95,1520.58654165394,168080.3293210661,2174.9958454341927,19.0,1.4,0.7,19,3,7,-1761.975098363921,1761.975098363921,-7.475814322420846,-0.10933544303797467,40
Phonemic_minus_Neologism,Phonemic,Neologism,negative,1,4,95,1520.58654165394,168080.3293210661,2174.9958454341927,19.0,1.4,0.8,19,3,8,-1674.1639846655266,1674.1639846655266,-6.831532144711464,-0.08876582278481013,40
Phonemic_minus_Neologism,Phonemic,Neologism,negative,1,4,95,1520.58654165394,168080.3293210661,2174.9958454341927,19.0,1.4,0.9,19,3,9,-1626.1127432908931,1626.1127432908931,-6.635369615977528,-0.06882911392405064,40
Phonemic_minus_Neologism,Phonemic,Neologism,negative,1,4,95,1520.58654165394,168080.3293210661,2174.9958454341927,19.0,1.4,1.0,19,3,10,-1654.8806674237144,1654.8806674237144,-7.221332866254077,-0.07944129201222172,29
Phonemic_minus_Neologism,Phonemic,Neologism,negative,1,4,95,1520.58654165394,168080.3293210661,2174.9958454341927,19.0,1.5,0.6,19,4,6,-1758.8543717341815,1758.8543717341815,-7.443501990402888,-0.10601265822784811,40
Phonemic_minus_Neologism,Phonemic,Neologism,negative,1,4,95,1520.58654165394,168080.3293210661,2174.9958454341927,19.0,1.5,0.7,19,4,7,-1796.77818717777,1796.77818717777,-7.890428346388911,-0.09477848101265822,40
Phonemic_minus_Neologism,Phonemic,Neologism,negative,1,4,95,1520.58654165394,168080.3293210661,2174.9958454341927,19.0,1.6,0.5,19,5,5,-1540.3028390019465,1540.3028390019465,-6.4100914345036175,-0.0824367088607595,40
Phonemic_minus_Neologism,Phonemic,Neologism,negative,1,4,95,1520.58654165394,168080.3293210661,2174.9958454341927,19.0,1.6,0.7,19,5,7,-1650.0791796281537,1650.0791796281537,-6.70093877438854,-0.0661392405063291,40
Phonemic_minus_Neologism,Phonemic,Neologism,negative,1,4,95,1520.58654165394,168080.3293210661,2174.9958454341927,19.0,1.7,0.5,19,6,5,-1553.3843093607127,1553.3843093607127,-6.443492143088487,-0.08607594936708862,40
Phonemic_minus_Neologism,Phonemic,Neologism,negative,1,4,95,1520.58654165394,168080.3293210661,2174.9958454341927,19.0,1.7,0.6,19,6,6,-1667.23291888554,1667.23291888554,-7.332527357385617,-0.06313291139240505,40
Phonemic_minus_Neologism,Phonemic,Neologism,negative,1,4,95,1520.58654165394,168080.3293210661,2174.9958454341927,19.0,1.9,0.3,19,8,3,-2012.6731781925746,2012.6731781925746,-9.735755370609326,-0.08718354430379747,40
Phonemic_minus_Neologism,Phonemic,Neologism,negative,1,4,95,1520.58654165394,168080.3293210661,2174.9958454341927,19.0,2.0,0.3,19,9,3,-1906.7048126669893,1906.7048126669893,-8.489079988250927,-0.0814873417721519,40
Phonemic_minus_Neologism,Phonemic,Neologism,negative,1,4,95,1520.58654165394,168080.3293210661,2174.9958454341927,20.0,1.3,0.9,20,2,9,-1585.669027531472,1585.669027531472,-6.681328413718248,-0.09414556962025314,40
Phonemic_minus_Neologism,Phonemic,Neologism,negative,1,4,95,1520.58654165394,168080.3293210661,2174.9958454341927,20.0,1.4,0.7,20,3,7,-1749.3212805927246,1749.3212805927246,-7.372828937951958,-0.08876582278481013,40
Phonemic_minus_Neologism,Phonemic,Neologism,negative,1,4,95,1520.58654165394,168080.3293210661,2174.9958454341927,20.0,1.5,0.6,20,4,6,-1709.4589608117515,1709.4589608117515,-7.085303768568102,-0.08781645569620253,40
Phonemic_minus_Neologism,Phonemic,Neologism,negative,1,4,95,1520.58654165394,168080.3293210661,2174.9958454341927,20.0,1.5,0.7,20,4,7,-1814.3622678097886,1814.3622678097886,-8.16144209413003,-0.10253164556962024,40
Phonemic_minus_Neologism,Phonemic,Neologism,negative,1,4,95,1520.58654165394,168080.3293210661,2174.9958454341927,20.0,1.6,0.5,20,5,5,-1635.7971024758756,1635.7971024758756,-7.6446818952654905,-0.08306962025316458,40
Phonemic_minus_Neologism,Phonemic,Neologism,negative,1,4,95,1520.58654165394,168080.3293210661,2174.9958454341927,20.0,1.6,0.6,20,5,6,-1554.4138110643964,1554.4138110643964,-6.446148380243235,-0.08797468354430378,40
Phonemic_minus_Neologism,Phonemic,Neologism,negative,1,4,95,1520.58654165394,168080.3293210661,2174.9958454341927,20.0,1.6,0.7,20,5,7,-1681.226024033686,1681.226024033686,-6.881333235290113,-0.058227848101265814,40
Phonemic_minus_Neologism,Phonemic,Neologism,negative,1,4,95,1520.58654165394,168080.3293210661,2174.9958454341927,20.0,1.7,0.5,20,6,5,-1628.0387493610274,1628.0387493610274,-7.510072941597271,-0.07183544303797469,40
Phonemic_minus_Neologism,Phonemic,Neologism,negative,1,4,95,1520.58654165394,168080.3293210661,2174.9958454341927,20.0,2.0,0.3,20,9,3,-1891.8199253804949,1891.8199253804949,-8.342665829041463,-0.07658227848101266,40
Phonemic_minus_Neologism,Phonemic,Neologism,negative,2,2,15,1520.58654165394,24814.796464870247,1970.6639694075602,8.0,1.8,0.6,8,7,6,-1598.3573995515032,1598.3573995515032,-7.006898722104314,-0.0985759493670886,40
Phonemic_minus_Neologism,Phonemic,Neologism,negative,2,2,15,1520.58654165394,24814.796464870247,1970.6639694075602,8.0,2.0,0.4,8,9,4,-1588.5097279235815,1588.5097279235815,-6.948678454915411,-0.06930379746835443,40
Phonemic_minus_Neologism,Phonemic,Neologism,negative,2,2,15,1520.58654165394,24814.796464870247,1970.6639694075602,9.0,1.6,0.6,9,5,6,-1616.2439161649381,1616.2439161649381,-7.124884366407898,-0.06835443037974684,40
Phonemic_minus_Neologism,Phonemic,Neologism,negative,2,2,15,1520.58654165394,24814.796464870247,1970.6639694075602,9.0,1.6,0.7,9,5,7,-1625.6158916243844,1625.6158916243844,-7.304430709926114,-0.09699367088607594,40
Phonemic_minus_Neologism,Phonemic,Neologism,negative,2,2,15,1520.58654165394,24814.796464870247,1970.6639694075602,9.0,1.7,0.5,9,6,5,-1604.374514835554,1604.374514835554,-7.043603108474931,-0.08227848101265822,40
Phonemic_minus_Neologism,Phonemic,Neologism,negative,2,2,15,1520.58654165394,24814.796464870247,1970.6639694075602,9.0,1.7,0.6,9,6,6,-1674.0054427881512,1674.0054427881512,-7.954798312928933,-0.07911392405063293,40
Phonemic_minus_Neologism,Phonemic,Neologism,negative,2,2,15,1520.58654165394,24814.796464870247,1970.6639694075602,9.0,1.7,0.7,9,6,7,-1544.9482712486433,1544.9482712486433,-6.689897657308376,-0.09335443037974682,40
Phonemic_minus_Neologism,Phonemic,Neologism,negative,2,2,15,1520.58654165394,24814.796464870247,1970.6639694075602,9.0,1.8,0.5,9,7,5,-1825.4154156959492,1825.4154156959492,-9.134023196096857,-0.0925632911392405,40
Phonemic_minus_Neologism,Phonemic,Neologism,negative,2,2,15,1520.58654165394,24814.796464870247,1970.6639694075602,9.0,1.8,0.6,9,7,6,-1613.6206659166533,1613.6206659166533,-7.1017744124732785,-0.08639240506329114,40
Phonemic_minus_Neologism,Phonemic,Neologism,negative,2,2,15,1520.58654165394,24814.796464870247,1970.6639694075602,9.0,1.9,0.5,9,8,5,-1970.6639694075602,1970.6639694075602,-10.561561600881404,-0.10522151898734178,40
Phonemic_minus_Neologism,Phonemic,Neologism,negative,2,2,15,1520.58654165394,24814.796464870247,1970.6639694075602,9.0,1.9,0.6,9,8,6,-1527.4869212754322,1527.4869212754322,-6.584180118767838,-0.07499999999999998,40
Phonemic_minus_Neologism,Phonemic,Neologism,negative,2,2,15,1520.58654165394,24814.796464870247,1970.6639694075602,9.0,2.0,0.4,9,9,4,-1655.5550793296288,1655.5550793296288,-7.49430814412458,-0.08085443037974685,40
Phonemic_minus_Neologism,Phonemic,Neologism,negative,2,2,15,1520.58654165394,24814.796464870247,1970.6639694075602,9.0,2.0,0.5,9,9,5,-1696.8022644189184,1696.8022644189184,-7.894316634364302,-0.09968354430379747,40
Phonemic_minus_Neologism,Phonemic,Neologism,negative,2,2,15,1520.58654165394,24814.796464870247,1970.6639694075602,10.0,1.7,0.6,10,6,6,-1647.2431690874469,1647.2431690874469,-7.509660669837036,-0.09145569620253166,40
Phonemic_minus_Neologism,Phonemic,Neologism,negative,2,2,15,1520.58654165394,24814.796464870247,1970.6639694075602,10.0,1.8,0.6,10,7,6,-1625.953815601902,1625.953815601902,-7.233445899924118,-0.09208860759493667,40
Phonemic_minus_Neologism,Phonemic,Neologism,negative,3,1,7,1520.58654165394,11240.0315140369,1652.8226802889624,8.0,1.5,0.8,8,4,8,-1540.589536489281,1540.589536489281,-6.782081738231063,-0.07373417721518988,40
Phonemic_minus_Neologism,Phonemic,Neologism,negative,3,1,7,1520.58654165394,11240.0315140369,1652.8226802889624,8.0,1.5,0.9,8,4,9,-1584.3430047978243,1584.3430047978243,-7.14932405419914,-0.08227848101265826,40
Phonemic_minus_Neologism,Phonemic,Neologism,negative,3,1,7,1520.58654165394,11240.0315140369,1652.8226802889624,8.0,1.6,0.8,8,5,8,-1652.8226802889624,1652.8226802889624,-7.904396818489384,-0.1004746835443038,40
Phonemic_minus_Neologism,Phonemic,Neologism,negative,3,1,7,1520.58654165394,11240.0315140369,1652.8226802889624,8.0,1.6,0.9,8,5,9,-1614.5413416646206,1614.5413416646206,-7.433653435557732,-0.08876582278481013,40
Phonemic_minus_Neologism,Phonemic,Neologism,negative,3,1,7,1520.58654165394,11240.0315140369,1652.8226802889624,8.0,1.7,0.8,8,6,8,-1650.229232447439,1650.229232447439,-7.862773339659241,-0.10743670886075951,40
Phonemic_minus_Neologism,Phonemic,Neologism,negative,3,1,7,1520.58654165394,11240.0315140369,1652.8226802889624,8.0,1.7,0.9,8,6,9,-1613.717147147578,1613.717147147578,-7.425042219742064,-0.08813291139240507,40
Phonemic_minus_Neologism,Phonemic,Neologism,negative,3,1,7,1520.58654165394,11240.0315140369,1652.8226802889624,8.0,1.8,0.8,8,7,8,-1583.7885712011953,1583.7885712011953,-7.14447301737111,-0.08275316455696202,40
Phonemic_minus_Neologism,Phonemic,Neologism,negative,4,5,4,1520.58654165394,6377.766697514777,1652.0423699446233,12.0,1.6,0.7,12,5,7,-1652.0423699446233,1652.0423699446233,-8.292310905880408,-0.09272151898734178,40
Phonemic_minus_Neologism,Phonemic,Neologism,negative,4,5,4,1520.58654165394,6377.766697514777,1652.0423699446233,12.0,1.7,0.7,12,6,7,-1623.1881104919532,1623.1881104919532,-7.852211914493133,-0.08022151898734177,40
Phonemic_minus_Neologism,Phonemic,Neologism,negative,4,5,4,1520.58654165394,6377.766697514777,1652.0423699446233,12.0,1.8,0.7,12,7,7,-1581.9496754242605,1581.9496754242605,-7.35014416750004,-0.06471518987341773,40
Phonemic_minus_Neologism,Phonemic,Neologism,negative,4,5,4,1520.58654165394,6377.766697514777,1652.0423699446233,13.0,1.6,0.7,13,5,7,-1520.58654165394,1520.58654165394,-6.627740069238586,-0.09525316455696203,40
Phonemic_minus_Neologism,Phonemic,Neologism,negative,5,3,3,1520.58654165394,4601.084262262564,1536.7153388178444,11.0,1.5,0.8,11,4,8,-1530.4125476794966,1530.4125476794966,-7.138998660435428,-0.08575949367088606,40
Phonemic_minus_Neologism,Phonemic,Neologism,negative,5,3,3,1520.58654165394,4601.084262262564,1536.7153388178444,11.0,1.5,0.9,11,4,9,-1533.9563757652234,1533.9563757652234,-7.207722102810453,-0.07262658227848098,40
Phonemic_minus_Neologism,Phonemic,Neologism,negative,5,3,3,1520.58654165394,4601.084262262564,1536.7153388178444,11.0,1.6,0.8,11,5,8,-1536.7153388178444,1536.7153388178444,-7.260297636546347,-0.08117088607594938,40
Phonemic_minus_Neologism,Phonemic,Neologism,positive,1,1,249,24574.94972635025,11481866.848932607,99952.1621603409,23.0,1.3,0.7,23,2,7,32643.450281863334,32643.450281863334,20.67493535732386,0.0689873417721519,40
Phonemic_minus_Neologism,Phonemic,Neologism,positive,1,1,249,24574.94972635025,11481866.848932607,99952.1621603409,23.0,1.4,0.7,23,3,7,31328.976051430953,31328.976051430953,17.00220308597201,0.1308544303797468,40
Phonemic_minus_Neologism,Phonemic,Neologism,positive,1,1,249,24574.94972635025,11481866.848932607,99952.1621603409,23.0,1.8,0.3,23,7,3,31981.053616724257,31981.053616724257,17.15652009129408,0.08401898734177214,40
Phonemic_minus_Neologism,Phonemic,Neologism,positive,1,1,249,24574.94972635025,11481866.848932607,99952.1621603409,23.0,1.9,0.3,23,8,3,28812.91058367931,28812.91058367931,16.385029750983865,0.1180379746835443,40
Phonemic_minus_Neologism,Phonemic,Neologism,positive,1,1,249,24574.94972635025,11481866.848932607,99952.1621603409,24.0,1.2,0.9,24,1,9,32960.066271671865,32960.066271671865,18.263054826896457,0.08971518987341774,40
Phonemic_minus_Neologism,Phonemic,Neologism,positive,1,1,249,24574.94972635025,11481866.848932607,99952.1621603409,24.0,1.2,1.0,24,1,10,24729.6434201518,24729.6434201518,15.32592624333714,0.13628691983122365,30
Phonemic_minus_Neologism,Phonemic,Neologism,positive,1,1,249,24574.94972635025,11481866.848932607,99952.1621603409,24.0,1.3,0.8,24,2,8,27484.012648878208,27484.012648878208,16.05120148177776,0.12547468354430374,40
Phonemic_minus_Neologism,Phonemic,Neologism,positive,1,1,249,24574.94972635025,11481866.848932607,99952.1621603409,24.0,1.3,0.9,24,2,9,32659.31703450084,32659.31703450084,17.319632174498512,0.1481012658227848,40
Phonemic_minus_Neologism,Phonemic,Neologism,positive,1,1,249,24574.94972635025,11481866.848932607,99952.1621603409,24.0,1.4,0.7,24,3,7,32679.143155214904,32679.143155214904,20.75784050971162,0.1490506329113924,40
Phonemic_minus_Neologism,Phonemic,Neologism,positive,1,1,249,24574.94972635025,11481866.848932607,99952.1621603409,24.0,1.5,0.6,24,4,6,40921.1795236013,40921.1795236013,21.294890274439286,0.1490506329113924,40
Phonemic_minus_Neologism,Phonemic,Neologism,positive,1,1,249,24574.94972635025,11481866.848932607,99952.1621603409,24.0,1.5,0.7,24,4,7,25882.869092802863,25882.869092802863,15.633553846642553,0.14905063291139237,40
Phonemic_minus_Neologism,Phonemic,Neologism,positive,1,1,249,24574.94972635025,11481866.848932607,99952.1621603409,24.0,1.6,0.4,24,5,4,25945.665451245804,25945.665451245804,15.65017295419432,0.07674050632911389,40
Phonemic_minus_Neologism,Phonemic,Neologism,positive,1,1,249,24574.94972635025,11481866.848932607,99952.1621603409,24.0,1.6,0.5,24,5,5,37346.122483183724,37346.122483183724,19.507274430118176,0.14050632911392408,40
Phonemic_minus_Neologism,Phonemic,Neologism,positive,1,1,249,24574.94972635025,11481866.848932607,99952.1621603409,24.0,1.6,0.6,24,5,6,26632.437348994004,26632.437348994004,15.830596898573896,0.12974683544303794,40
Phonemic_minus_Neologism,Phonemic,Neologism,positive,1,1,249,24574.94972635025,11481866.848932607,99952.1621603409,24.0,1.8,0.3,24,7,3,34297.26473429366,34297.26473429366,17.709636828111996,0.09636075949367091,40
Phonemic_minus_Neologism,Phonemic,Neologism,positive,1,1,249,24574.94972635025,11481866.848932607,99952.1621603409,24.0,1.9,0.3,24,8,3,50280.83293355782,50280.83293355782,23.216208991394105,0.13987341772151898,40
Phonemic_minus_Neologism,Phonemic,Neologism,positive,1,1,249,24574.94972635025,11481866.848932607,99952.1621603409,24.0,2.0,0.3,24,9,3,25529.908329834518,25529.908329834518,15.540007730523218,0.1572784810126582,40
Phonemic_minus_Neologism,Phonemic,Neologism,positive,1,1,249,24574.94972635025,11481866.848932607,99952.1621603409,25.0,1.3,0.9,25,2,9,42398.17775232741,42398.17775232741,19.55665491462545,0.17104430379746838,40
Phonemic_minus_Neologism,Phonemic,Neologism,positive,1,1,249,24574.94972635025,11481866.848932607,99952.1621603409,25.0,1.3,1.0,25,2,10,25694.403697777772,25694.403697777772,15.583639953547443,0.15626364033173287,29
Phonemic_minus_Neologism,Phonemic,Neologism,positive,1,1,249,24574.94972635025,11481866.848932607,99952.1621603409,25.0,1.4,0.7,25,3,7,31326.915711044396,31326.915711044396,16.998087731757824,0.13813291139240502,40
Phonemic_minus_Neologism,Phonemic,Neologism,positive,1,1,249,24574.94972635025,11481866.848932607,99952.1621603409,25.0,1.4,0.8,25,3,8,39167.08958221845,39167.08958221845,18.824106660583638,0.15522151898734177,40
Phonemic_minus_Neologism,Phonemic,Neologism,positive,1,1,249,24574.94972635025,11481866.848932607,99952.1621603409,25.0,1.5,0.6,25,4,6,39988.21615943672,39988.21615943672,19.011490607158656,0.14319620253164553,40
Phonemic_minus_Neologism,Phonemic,Neologism,positive,1,1,249,24574.94972635025,11481866.848932607,99952.1621603409,25.0,1.5,0.7,25,4,7,35918.1813579265,35918.1813579265,18.086065103895656,0.1349683544303797,40
Phonemic_minus_Neologism,Phonemic,Neologism,positive,1,1,249,24574.94972635025,11481866.848932607,99952.1621603409,25.0,1.6,0.5,25,5,5,36916.93200546474,36916.93200546474,18.312293894157143,0.16060126582278483,40
Phonemic_minus_Neologism,Phonemic,Neologism,positive,1,1,249,24574.94972635025,11481866.848932607,99952.1621603409,25.0,1.7,0.4,25,6,4,25386.134550194954,25386.134550194954,15.501736753812741,0.135126582278481,40
Phonemic_minus_Neologism,Phonemic,Neologism,positive,1,1,249,24574.94972635025,11481866.848932607,99952.1621603409,25.0,1.8,0.3,25,7,3,28388.4594386747,28388.4594386747,16.279277314686787,0.08449367088607593,40
Phonemic_minus_Neologism,Phonemic,Neologism,positive,1,1,249,24574.94972635025,11481866.848932607,99952.1621603409,25.0,1.8,0.4,25,7,4,28439.68481578282,28439.68481578282,16.292143134694367,0.1560126582278481,40
Phonemic_minus_Neologism,Phonemic,Neologism,positive,1,1,249,24574.94972635025,11481866.848932607,99952.1621603409,25.0,1.9,0.3,25,8,3,50875.88794560899,50875.88794560899,24.265832224300542,0.14857594936708854,40
Phonemic_minus_Neologism,Phonemic,Neologism,positive,1,1,249,24574.94972635025,11481866.848932607,99952.1621603409,25.0,2.0,0.3,25,9,3,29118.69576656145,29118.69576656145,16.460827185443975,0.15775316455696203,40
Phonemic_minus_Neologism,Phonemic,Neologism,positive,1,1,249,24574.94972635025,11481866.848932607,99952.1621603409,26.0,1.3,0.9,26,2,9,60358.69210597593,60358.69210597593,23.91779695144123,0.1694620253164557,40
Phonemic_minus_Neologism,Phonemic,Neologism,positive,1,1,249,24574.94972635025,11481866.848932607,99952.1621603409,26.0,1.3,1.0,26,2,10,55343.730051747145,55343.730051747145,22.556416965216897,0.1865997381056307,29
Phonemic_minus_Neologism,Phonemic,Neologism,positive,1,1,249,24574.94972635025,11481866.848932607,99952.1621603409,26.0,1.4,0.7,26,3,7,39119.12116947912,39119.12116947912,18.81312659828721,0.14129746835443036,40
Phonemic_minus_Neologism,Phonemic,Neologism,positive,1,1,249,24574.94972635025,11481866.848932607,99952.1621603409,26.0,1.4,0.8,26,3,8,53065.99354976093,53065.99354976093,22.00410240308204,0.17721518987341775,40
Phonemic_minus_Neologism,Phonemic,Neologism,positive,1,1,249,24574.94972635025,11481866.848932607,99952.1621603409,26.0,1.4,0.9,26,3,9,67019.23954584028,67019.23954584028,27.033748409677916,0.18069620253164562,40
Phonemic_minus_Neologism,Phonemic,Neologism,positive,1,1,249,24574.94972635025,11481866.848932607,99952.1621603409,26.0,1.5,0.6,26,4,6,49622.04823861724,49622.04823861724,21.177041414040634,0.16518987341772154,40
Phonemic_minus_Neologism,Phonemic,Neologism,positive,1,1,249,24574.94972635025,11481866.848932607,99952.1621603409,26.0,1.5,0.7,26,4,7,50093.33315716791,50093.33315716791,22.175043011602067,0.1727848101265823,40
Phonemic_minus_Neologism,Phonemic,Neologism,positive,1,1,249,24574.94972635025,11481866.848932607,99952.1621603409,26.0,1.5,0.8,26,4,8,35688.70948774399,35688.70948774399,18.033185895931428,0.12832278481012654,40
Phonemic_minus_Neologism,Phonemic,Neologism,positive,1,1,249,24574.94972635025,11481866.848932607,99952.1621603409,26.0,1.6,0.5,26,5,5,52452.474136928264,52452.474136928264,22.467517957955273,0.17215189873417722,40
Phonemic_minus_Neologism,Phonemic,Neologism,positive,1,1,249,24574.94972635025,11481866.848932607,99952.1621603409,26.0,1.6,0.6,26,5,6,31575.851909494435,31575.851909494435,17.058540875162866,0.17294303797468352,40
Phonemic_minus_Neologism,Phonemic,Neologism,positive,1,1,249,24574.94972635025,11481866.848932607,99952.1621603409,26.0,1.6,0.7,26,5,7,37234.59791145049,37234.59791145049,18.384671522943247,0.1082278481012658,40
Phonemic_minus_Neologism,Phonemic,Neologism,positive,1,1,249,24574.94972635025,11481866.848932607,99952.1621603409,26.0,1.7,0.4,26,6,4,44787.17803370873,44787.17803370873,20.08803446024519,0.14145569620253168,40
Phonemic_minus_Neologism,Phonemic,Neologism,positive,1,1,249,24574.94972635025,11481866.848932607,99952.1621603409,26.0,1.7,0.5,26,6,5,52301.85572584196,52301.85572584196,22.16703672380177,0.17753164556962028,40
Phonemic_minus_Neologism,Phonemic,Neologism,positive,1,1,249,24574.94972635025,11481866.848932607,99952.1621603409,26.0,1.7,0.6,26,6,6,24959.574204681358,24959.574204681358,15.387613328417356,0.11582278481012656,40
Phonemic_minus_Neologism,Phonemic,Neologism,positive,1,1,249,24574.94972635025,11481866.848932607,99952.1621603409,26.0,1.8,0.3,26,7,3,30812.206360642,30812.206360642,16.874243163891016,0.07389240506329113,40
Phonemic_minus_Neologism,Phonemic,Neologism,positive,1,1,249,24574.94972635025,11481866.848932607,99952.1621603409,26.0,1.8,0.4,26,7,4,72298.2701705036,72298.2701705036,30.226412937004685,0.19224683544303797,40
Phonemic_minus_Neologism,Phonemic,Neologism,positive,1,1,249,24574.94972635025,11481866.848932607,99952.1621603409,26.0,1.9,0.3,26,8,3,48721.9192434361,48721.9192434361,20.96961658713614,0.15632911392405063,40
Phonemic_minus_Neologism,Phonemic,Neologism,positive,1,1,249,24574.94972635025,11481866.848932607,99952.1621603409,26.0,1.9,0.4,26,8,4,31324.771119446774,31324.771119446774,16.997570588511813,0.14018987341772154,40
Phonemic_minus_Neologism,Phonemic,Neologism,positive,1,1,249,24574.94972635025,11481866.848932607,99952.1621603409,26.0,2.0,0.3,26,9,3,66886.08852367097,66886.08852367097,31.622609013073482,0.1982594936708861,40
Phonemic_minus_Neologism,Phonemic,Neologism,positive,1,1,249,24574.94972635025,11481866.848932607,99952.1621603409,27.0,1.2,1.0,27,1,10,28851.289795325793,28851.289795325793,16.394591611679434,0.12172995780590717,30
Phonemic_minus_Neologism,Phonemic,Neologism,positive,1,1,249,24574.94972635025,11481866.848932607,99952.1621603409,27.0,1.3,0.8,27,2,8,38876.59932027787,38876.59932027787,18.757844343967456,0.10537974683544304,40
Phonemic_minus_Neologism,Phonemic,Neologism,positive,1,1,249,24574.94972635025,11481866.848932607,99952.1621603409,27.0,1.3,0.9,27,2,9,46265.65805611888,46265.65805611888,20.41688718430532,0.15253164556962023,40
Phonemic_minus_Neologism,Phonemic,Neologism,positive,1,1,249,24574.94972635025,11481866.848932607,99952.1621603409,27.0,1.3,1.0,27,2,10,49745.4176724815,49745.4176724815,21.205959560923702,0.1833260584897425,29
Phonemic_minus_Neologism,Phonemic,Neologism,positive,1,1,249,24574.94972635025,11481866.848932607,99952.1621603409,27.0,1.4,0.7,27,3,7,46076.52669132554,46076.52669132554,20.374433054052744,0.14177215189873416,40
Phonemic_minus_Neologism,Phonemic,Neologism,positive,1,1,249,24574.94972635025,11481866.848932607,99952.1621603409,27.0,1.4,0.8,27,3,8,73631.1592968318,73631.1592968318,32.49891349192658,0.182120253164557,40
Phonemic_minus_Neologism,Phonemic,Neologism,positive,1,1,249,24574.94972635025,11481866.848932607,99952.1621603409,27.0,1.4,0.9,27,3,9,68058.07372599456,68058.07372599456,27.509950464272404,0.17515822784810126,40
Phonemic_minus_Neologism,Phonemic,Neologism,positive,1,1,249,24574.94972635025,11481866.848932607,99952.1621603409,27.0,1.5,0.6,27,4,6,53365.70799629994,53365.70799629994,24.804988083019676,0.16202531645569618,40
Phonemic_minus_Neologism,Phonemic,Neologism,positive,1,1,249,24574.94972635025,11481866.848932607,99952.1621603409,27.0,1.5,0.7,27,4,7,44838.0360896382,44838.0360896382,20.0993417748354,0.17626582278481012,40
Phonemic_minus_Neologism,Phonemic,Neologism,positive,1,1,249,24574.94972635025,11481866.848932607,99952.1621603409,27.0,1.5,0.8,27,4,8,49932.72337294301,49932.72337294301,21.25012999710043,0.12547468354430374,40
Phonemic_minus_Neologism,Phonemic,Neologism,positive,1,1,249,24574.94972635025,11481866.848932607,99952.1621603409,27.0,1.5,0.9,27,4,9,39281.33237136633,39281.33237136633,18.85027651372703,0.10996835443037975,40
Phonemic_minus_Neologism,Phonemic,Neologism,positive,1,1,249,24574.94972635025,11481866.848932607,99952.1621603409,27.0,1.6,0.5,27,5,5,49516.113761857676,49516.113761857676,21.152414338626716,0.14999999999999997,40
Phonemic_minus_Neologism,Phonemic,Neologism,positive,1,1,249,24574.94972635025,11481866.848932607,99952.1621603409,27.0,1.6,0.6,27,5,6,51656.56001881996,51656.56001881996,21.6584733311184,0.16044303797468357,40
Phonemic_minus_Neologism,Phonemic,Neologism,positive,1,1,249,24574.94972635025,11481866.848932607,99952.1621603409,27.0,1.6,0.7,27,5,7,51868.34586968323,51868.34586968323,22.098548023050252,0.130379746835443,40
Phonemic_minus_Neologism,Phonemic,Neologism,positive,1,1,249,24574.94972635025,11481866.848932607,99952.1621603409,27.0,1.6,0.8,27,5,8,25769.257095257177,25769.257095257177,15.603485481356758,0.08939873417721518,40
Phonemic_minus_Neologism,Phonemic,Neologism,positive,1,1,249,24574.94972635025,11481866.848932607,99952.1621603409,27.0,1.6,0.9,27,5,9,25200.53415862986,25200.53415862986,15.452163569991965,0.06360759493670885,40
Phonemic_minus_Neologism,Phonemic,Neologism,positive,1,1,249,24574.94972635025,11481866.848932607,99952.1621603409,27.0,1.7,0.4,27,6,4,69675.05313940725,69675.05313940725,28.07156789825277,0.1294303797468354,40
Phonemic_minus_Neologism,Phonemic,Neologism,positive,1,1,249,24574.94972635025,11481866.848932607,99952.1621603409,27.0,1.7,0.5,27,6,5,52012.58936415851,52012.58936415851,21.74517067777634,0.17373417721518988,40
Phonemic_minus_Neologism,Phonemic,Neologism,positive,1,1,249,24574.94972635025,11481866.848932607,99952.1621603409,27.0,1.7,0.6,27,6,6,29611.57921652664,29611.57921652664,16.58252007549,0.11012658227848102,40
Phonemic_minus_Neologism,Phonemic,Neologism,positive,1,1,249,24574.94972635025,11481866.848932607,99952.1621603409,27.0,1.7,0.7,27,6,7,31791.298090255532,31791.298090255532,17.110705540606688,0.07879746835443038,40
Phonemic_minus_Neologism,Phonemic,Neologism,positive,1,1,249,24574.94972635025,11481866.848932607,99952.1621603409,27.0,1.8,0.4,27,7,4,73282.43720237794,73282.43720237794,31.25437326068024,0.17056962025316455,40
Phonemic_minus_Neologism,Phonemic,Neologism,positive,1,1,249,24574.94972635025,11481866.848932607,99952.1621603409,27.0,1.8,0.5,27,7,5,36830.28253154526,36830.28253154526,18.292686325237913,0.12990506329113924,40
Phonemic_minus_Neologism,Phonemic,Neologism,positive,1,1,249,24574.94972635025,11481866.848932607,99952.1621603409,27.0,1.8,0.6,27,7,6,48830.828659603794,48830.828659603794,22.749788389486756,0.08117088607594936,40
Phonemic_minus_Neologism,Phonemic,Neologism,positive,1,1,249,24574.94972635025,11481866.848932607,99952.1621603409,27.0,1.9,0.3,27,8,3,52314.635119624356,52314.635119624356,21.81993588624428,0.14667721518987337,40
Phonemic_minus_Neologism,Phonemic,Neologism,positive,1,1,249,24574.94972635025,11481866.848932607,99952.1621603409,27.0,1.9,0.4,27,8,4,37201.69976481632,37201.69976481632,18.377117024458276,0.1384493670886076,40
Phonemic_minus_Neologism,Phonemic,Neologism,positive,1,1,249,24574.94972635025,11481866.848932607,99952.1621603409,27.0,1.9,0.5,27,8,5,38284.76626883712,38284.76626883712,21.13438002314316,0.08781645569620253,40
Phonemic_minus_Neologism,Phonemic,Neologism,positive,1,1,249,24574.94972635025,11481866.848932607,99952.1621603409,27.0,2.0,0.3,27,9,3,60846.348444193754,60846.348444193754,23.9284730270135,0.18243670886075952,40
Phonemic_minus_Neologism,Phonemic,Neologism,positive,1,1,249,24574.94972635025,11481866.848932607,99952.1621603409,27.0,2.0,0.4,27,9,4,51607.892961565216,51607.892961565216,21.64687396085601,0.11281645569620254,40
Phonemic_minus_Neologism,Phonemic,Neologism,positive,1,1,249,24574.94972635025,11481866.848932607,99952.1621603409,28.0,1.3,0.8,28,2,8,30492.224112827553,30492.224112827553,16.79698597159246,0.10174050632911395,40
Phonemic_minus_Neologism,Phonemic,Neologism,positive,1,1,249,24574.94972635025,11481866.848932607,99952.1621603409,28.0,1.3,0.9,28,2,9,59297.854983557554,59297.854983557554,23.512145534900064,0.15759493670886074,40
Phonemic_minus_Neologism,Phonemic,Neologism,positive,1,1,249,24574.94972635025,11481866.848932607,99952.1621603409,28.0,1.3,1.0,28,2,10,40888.86442336594,40888.86442336594,19.214268211250996,0.17677869925796597,29
Phonemic_minus_Neologism,Phonemic,Neologism,positive,1,1,249,24574.94972635025,11481866.848932607,99952.1621603409,28.0,1.4,0.7,28,3,7,45470.5546826671,45470.5546826671,20.239345649547232,0.1457278481012658,40
Phonemic_minus_Neologism,Phonemic,Neologism,positive,1,1,249,24574.94972635025,11481866.848932607,99952.1621603409,28.0,1.4,0.8,28,3,8,69949.97489747805,69949.97489747805,28.61060588462474,0.18860759493670892,40
Phonemic_minus_Neologism,Phonemic,Neologism,positive,1,1,249,24574.94972635025,11481866.848932607,99952.1621603409,28.0,1.4,0.9,28,3,9,70643.69778781643,70643.69778781643,29.186454522751152,0.17879746835443036,40
Phonemic_minus_Neologism,Phonemic,Neologism,positive,1,1,249,24574.94972635025,11481866.848932607,99952.1621603409,28.0,1.4,1.0,28,3,10,68025.99837036146,68025.99837036146,27.4926476702305,0.1601920558707988,29
Phonemic_minus_Neologism,Phonemic,Neologism,positive,1,1,249,24574.94972635025,11481866.848932607,99952.1621603409,28.0,1.5,0.6,28,4,6,50231.23843580108,50231.23843580108,21.320682980201518,0.1629746835443038,40
Phonemic_minus_Neologism,Phonemic,Neologism,positive,1,1,249,24574.94972635025,11481866.848932607,99952.1621603409,28.0,1.5,0.7,28,4,7,61550.80334732622,61550.80334732622,24.132914193188046,0.18781645569620253,40
Phonemic_minus_Neologism,Phonemic,Neologism,positive,1,1,249,24574.94972635025,11481866.848932607,99952.1621603409,28.0,1.5,0.8,28,4,8,54237.733587114446,54237.733587114446,22.28944789315353,0.1609177215189873,40
Phonemic_minus_Neologism,Phonemic,Neologism,positive,1,1,249,24574.94972635025,11481866.848932607,99952.1621603409,28.0,1.5,0.9,28,4,9,49217.52188216544,49217.52188216544,21.083326117665163,0.14825949367088603,40
Phonemic_minus_Neologism,Phonemic,Neologism,positive,1,1,249,24574.94972635025,11481866.848932607,99952.1621603409,28.0,1.5,1.0,28,4,10,38937.2874503763,38937.2874503763,18.771662951736644,0.0999563509384548,29
Phonemic_minus_Neologism,Phonemic,Neologism,positive,1,1,249,24574.94972635025,11481866.848932607,99952.1621603409,28.0,1.6,0.5,28,5,5,47997.33524586714,47997.33524586714,20.80537524207541,0.15585443037974678,40
Phonemic_minus_Neologism,Phonemic,Neologism,positive,1,1,249,24574.94972635025,11481866.848932607,99952.1621603409,28.0,1.6,0.6,28,5,6,53748.1221391033,53748.1221391033,22.170605189934985,0.17515822784810128,40
Phonemic_minus_Neologism,Phonemic,Neologism,positive,1,1,249,24574.94972635025,11481866.848932607,99952.1621603409,28.0,1.6,0.7,28,5,7,50480.33745168834,50480.33745168834,21.379449470022276,0.14224683544303793,40
Phonemic_minus_Neologism,Phonemic,Neologism,positive,1,1,249,24574.94972635025,11481866.848932607,99952.1621603409,28.0,1.6,0.8,28,5,8,45145.738672466345,45145.738672466345,20.1675555463898,0.1205696202531645,40
Phonemic_minus_Neologism,Phonemic,Neologism,positive,1,1,249,24574.94972635025,11481866.848932607,99952.1621603409,28.0,1.7,0.4,28,6,4,38346.756216375674,38346.756216375674,18.63745582268628,0.13069620253164557,40
Phonemic_minus_Neologism,Phonemic,Neologism,positive,1,1,249,24574.94972635025,11481866.848932607,99952.1621603409,28.0,1.7,0.5,28,6,5,49112.7796024082,49112.7796024082,21.059276501312695,0.1625,40
Phonemic_minus_Neologism,Phonemic,Neologism,positive,1,1,249,24574.94972635025,11481866.848932607,99952.1621603409,28.0,1.7,0.6,28,6,6,62256.369483719005,62256.369483719005,25.24977022045313,0.13939873417721516,40
Phonemic_minus_Neologism,Phonemic,Neologism,positive,1,1,249,24574.94972635025,11481866.848932607,99952.1621603409,28.0,1.7,0.7,28,6,7,42393.36143074555,42393.36143074555,19.55555466638211,0.09335443037974683,40
Phonemic_minus_Neologism,Phonemic,Neologism,positive,1,1,249,24574.94972635025,11481866.848932607,99952.1621603409,28.0,1.8,0.3,28,7,3,25230.326299852557,25230.326299852557,15.460143145402228,0.07515822784810125,40
Phonemic_minus_Neologism,Phonemic,Neologism,positive,1,1,249,24574.94972635025,11481866.848932607,99952.1621603409,28.0,1.8,0.4,28,7,4,66933.1593632951,66933.1593632951,25.920996474912524,0.1727848101265823,40
Phonemic_minus_Neologism,Phonemic,Neologism,positive,1,1,249,24574.94972635025,11481866.848932607,99952.1621603409,28.0,1.8,0.5,28,7,5,57582.56027797236,57582.56027797236,23.095996798577254,0.12879746835443034,40
Phonemic_minus_Neologism,Phonemic,Neologism,positive,1,1,249,24574.94972635025,11481866.848932607,99952.1621603409,28.0,1.8,0.6,28,7,6,47893.519872708894,47893.519872708894,20.781857593653296,0.0897151898734177,40
Phonemic_minus_Neologism,Phonemic,Neologism,positive,1,1,249,24574.94972635025,11481866.848932607,99952.1621603409,28.0,1.9,0.3,28,8,3,49219.55052728899,49219.55052728899,21.083794334189076,0.15474683544303794,40
Phonemic_minus_Neologism,Phonemic,Neologism,positive,1,1,249,24574.94972635025,11481866.848932607,99952.1621603409,28.0,1.9,0.4,28,8,4,51706.27759031033,51706.27759031033,21.67053827056866,0.1545886075949367,40
Phonemic_minus_Neologism,Phonemic,Neologism,positive,1,1,249,24574.94972635025,11481866.848932607,99952.1621603409,28.0,2.0,0.3,28,9,3,60982.633822729345,60982.633822729345,23.968012780667387,0.18227848101265823,40
Phonemic_minus_Neologism,Phonemic,Neologism,positive,1,1,249,24574.94972635025,11481866.848932607,99952.1621603409,28.0,2.0,0.4,28,9,4,57377.40094478378,57377.40094478378,23.04634417141702,0.12325949367088607,40
Phonemic_minus_Neologism,Phonemic,Neologism,positive,1,1,249,24574.94972635025,11481866.848932607,99952.1621603409,29.0,1.3,0.9,29,2,9,67872.02221994835,67872.02221994835,27.415651113392247,0.1588607594936709,40
Phonemic_minus_Neologism,Phonemic,Neologism,positive,1,1,249,24574.94972635025,11481866.848932607,99952.1621603409,29.0,1.3,1.0,29,2,10,63090.05102268919,63090.05102268919,25.23501629609461,0.18965517241379307,29
Phonemic_minus_Neologism,Phonemic,Neologism,positive,1,1,249,24574.94972635025,11481866.848932607,99952.1621603409,29.0,1.4,0.7,29,3,7,41851.33183953923,41851.33183953923,19.432267796195145,0.135126582278481,40
Phonemic_minus_Neologism,Phonemic,Neologism,positive,1,1,249,24574.94972635025,11481866.848932607,99952.1621603409,29.0,1.4,0.8,29,3,8,67837.72521730282,67837.72521730282,27.39951815387449,0.16582278481012655,40
Phonemic_minus_Neologism,Phonemic,Neologism,positive,1,1,249,24574.94972635025,11481866.848932607,99952.1621603409,29.0,1.4,0.9,29,3,9,73180.92825698754,73180.92825698754,31.876372209956866,0.18046088932164883,39
Phonemic_minus_Neologism,Phonemic,Neologism,positive,1,1,249,24574.94972635025,11481866.848932607,99952.1621603409,29.0,1.4,1.0,29,3,10,69395.98918550812,69395.98918550812,28.272218270509306,0.16041030117852467,29
Phonemic_minus_Neologism,Phonemic,Neologism,positive,1,1,249,24574.94972635025,11481866.848932607,99952.1621603409,29.0,1.5,0.6,29,4,6,49811.74455950593,49811.74455950593,21.221570878355575,0.1514240506329114,40
Phonemic_minus_Neologism,Phonemic,Neologism,positive,1,1,249,24574.94972635025,11481866.848932607,99952.1621603409,29.0,1.5,0.7,29,4,7,71370.80077362702,71370.80077362702,27.78634793782625,0.1781645569620253,40
Phonemic_minus_Neologism,Phonemic,Neologism,positive,1,1,249,24574.94972635025,11481866.848932607,99952.1621603409,29.0,1.5,0.8,29,4,8,58283.79528921637,58283.79528921637,23.26660995493014,0.1569620253164557,40
Phonemic_minus_Neologism,Phonemic,Neologism,positive,1,1,249,24574.94972635025,11481866.848932607,99952.1621603409,29.0,1.5,0.9,29,4,9,38375.97633380592,38375.97633380592,18.644122347598092,0.1420886075949367,40
Phonemic_minus_Neologism,Phonemic,Neologism,positive,1,1,249,24574.94972635025,11481866.848932607,99952.1621603409,29.0,1.5,1.0,29,4,10,48676.943217010994,48676.943217010994,20.95938836612183,0.09864687909209954,29
Phonemic_minus_Neologism,Phonemic,Neologism,positive,1,1,249,24574.94972635025,11481866.848932607,99952.1621603409,29.0,1.6,0.5,29,5,5,71398.81288150618,71398.81288150618,27.80004746869393,0.1507911392405063,40
Phonemic_minus_Neologism,Phonemic,Neologism,positive,1,1,249,24574.94972635025,11481866.848932607,99952.1621603409,29.0,1.6,0.6,29,5,6,75151.43687048063,75151.43687048063,30.985517437824367,0.19240506329113924,40
Phonemic_minus_Neologism,Phonemic,Neologism,positive,1,1,249,24574.94972635025,11481866.848932607,99952.1621603409,29.0,1.6,0.7,29,5,7,73675.4706757399,73675.4706757399,29.386274134881706,0.15901898734177214,40
Phonemic_minus_Neologism,Phonemic,Neologism,positive,1,1,249,24574.94972635025,11481866.848932607,99952.1621603409,29.0,1.6,0.8,29,5,8,41584.80075172851,41584.80075172851,19.37174326364673,0.11930379746835443,40
Phonemic_minus_Neologism,Phonemic,Neologism,positive,1,1,249,24574.94972635025,11481866.848932607,99952.1621603409,29.0,1.7,0.4,29,6,4,32981.8803641438,32981.8803641438,17.397221445975372,0.12547468354430377,40
Phonemic_minus_Neologism,Phonemic,Neologism,positive,1,1,249,24574.94972635025,11481866.848932607,99952.1621603409,29.0,1.7,0.5,29,6,5,74757.27808010229,74757.27808010229,30.084293573401002,0.18797468354430386,40
Phonemic_minus_Neologism,Phonemic,Neologism,positive,1,1,249,24574.94972635025,11481866.848932607,99952.1621603409,29.0,1.7,0.6,29,6,6,61573.954900375174,61573.954900375174,24.13972778220796,0.15063291139240503,40
Phonemic_minus_Neologism,Phonemic,Neologism,positive,1,1,249,24574.94972635025,11481866.848932607,99952.1621603409,29.0,1.7,0.7,29,6,7,42699.266043727934,42699.266043727934,19.62521844820725,0.11091772151898734,40
Phonemic_minus_Neologism,Phonemic,Neologism,positive,1,1,249,24574.94972635025,11481866.848932607,99952.1621603409,29.0,1.8,0.4,29,7,4,69391.51361930769,69391.51361930769,26.877175705850316,0.1830696202531646,40
Phonemic_minus_Neologism,Phonemic,Neologism,positive,1,1,249,24574.94972635025,11481866.848932607,99952.1621603409,29.0,1.8,0.5,29,7,5,69543.84295143395,69543.84295143395,26.940457279340688,0.1621835443037975,40
Phonemic_minus_Neologism,Phonemic,Neologism,positive,1,1,249,24574.94972635025,11481866.848932607,99952.1621603409,29.0,1.8,0.6,29,7,6,49404.90075624453,49404.90075624453,21.126626387636524,0.09920886075949369,40
Phonemic_minus_Neologism,Phonemic,Neologism,positive,1,1,249,24574.94972635025,11481866.848932607,99952.1621603409,29.0,1.9,0.3,29,8,3,45474.72661496975,45474.72661496975,20.240271438304717,0.1495253164556962,40
Phonemic_minus_Neologism,Phonemic,Neologism,positive,1,1,249,24574.94972635025,11481866.848932607,99952.1621603409,29.0,1.9,0.4,29,8,4,62238.42829388265,62238.42829388265,24.338774508680235,0.170253164556962,40
Phonemic_minus_Neologism,Phonemic,Neologism,positive,1,1,249,24574.94972635025,11481866.848932607,99952.1621603409,29.0,1.9,0.5,29,8,5,46162.36368751599,46162.36368751599,20.393678786412263,0.10981012658227844,40
Phonemic_minus_Neologism,Phonemic,Neologism,positive,1,1,249,24574.94972635025,11481866.848932607,99952.1621603409,29.0,2.0,0.3,29,9,3,62314.29102295483,62314.29102295483,24.41226845372963,0.16867088607594932,40
Phonemic_minus_Neologism,Phonemic,Neologism,positive,1,1,249,24574.94972635025,11481866.848932607,99952.1621603409,29.0,2.0,0.4,29,9,4,63529.04425779301,63529.04425779301,26.284658288232823,0.13892405063291138,40
Phonemic_minus_Neologism,Phonemic,Neologism,positive,1,1,249,24574.94972635025,11481866.848932607,99952.1621603409,30.0,1.2,1.0,30,1,10,32818.98473975819,32818.98473975819,17.358072620825315,0.11919831223628691,30
Phonemic_minus_Neologism,Phonemic,Neologism,positive,1,1,249,24574.94972635025,11481866.848932607,99952.1621603409,30.0,1.3,0.9,30,2,9,34070.06566973456,34070.06566973456,17.65564214757438,0.14050632911392405,40
Phonemic_minus_Neologism,Phonemic,Neologism,positive,1,1,249,24574.94972635025,11481866.848932607,99952.1621603409,30.0,1.3,1.0,30,2,10,39838.64909957851,39838.64909957851,18.977359926411086,0.16739415102575295,29
Phonemic_minus_Neologism,Phonemic,Neologism,positive,1,1,249,24574.94972635025,11481866.848932607,99952.1621603409,30.0,1.4,0.6,30,3,6,26095.574140468903,26095.574140468903,15.689951648583301,0.05648734177215189,40
Phonemic_minus_Neologism,Phonemic,Neologism,positive,1,1,249,24574.94972635025,11481866.848932607,99952.1621603409,30.0,1.4,0.7,30,3,7,56703.01964368378,56703.01964368378,22.88325246425845,0.13496835443037972,40
Phonemic_minus_Neologism,Phonemic,Neologism,positive,1,1,249,24574.94972635025,11481866.848932607,99952.1621603409,30.0,1.4,0.8,30,3,8,51887.63396205362,51887.63396205362,21.714656704389185,0.1667721518987342,40
Phonemic_minus_Neologism,Phonemic,Neologism,positive,1,1,249,24574.94972635025,11481866.848932607,99952.1621603409,30.0,1.4,0.9,30,3,9,62048.584003748714,62048.584003748714,24.737991896855206,0.16060126582278483,40
Phonemic_minus_Neologism,Phonemic,Neologism,positive,1,1,249,24574.94972635025,11481866.848932607,99952.1621603409,30.0,1.4,1.0,30,3,10,41246.201507942445,41246.201507942445,19.2947019357181,0.1505892623308599,29
Phonemic_minus_Neologism,Phonemic,Neologism,positive,1,1,249,24574.94972635025,11481866.848932607,99952.1621603409,30.0,1.5,0.6,30,4,6,64912.16148201538,64912.16148201538,25.227949544151368,0.15063291139240506,40
Phonemic_minus_Neologism,Phonemic,Neologism,positive,1,1,249,24574.94972635025,11481866.848932607,99952.1621603409,30.0,1.5,0.7,30,4,7,65853.14216074378,65853.14216074378,25.55223080269048,0.16329113924050637,40
Phonemic_minus_Neologism,Phonemic,Neologism,positive,1,1,249,24574.94972635025,11481866.848932607,99952.1621603409,30.0,1.5,0.8,30,4,8,63475.384445847616,63475.384445847616,24.731428676007297,0.16708860759493674,40
Phonemic_minus_Neologism,Phonemic,Neologism,positive,1,1,249,24574.94972635025,11481866.848932607,99952.1621603409,30.0,1.5,0.9,30,4,9,47431.084016646426,47431.084016646426,20.677624463152267,0.14113924050632903,40
Phonemic_minus_Neologism,Phonemic,Neologism,positive,1,1,249,24574.94972635025,11481866.848932607,99952.1621603409,30.0,1.6,0.5,30,5,5,57667.048647211464,57667.048647211464,23.116580512512755,0.1495253164556962,40
Phonemic_minus_Neologism,Phonemic,Neologism,positive,1,1,249,24574.94972635025,11481866.848932607,99952.1621603409,30.0,1.6,0.6,30,5,6,69760.84938313157,69760.84938313157,27.034356058128125,0.16645569620253167,40
Phonemic_minus_Neologism,Phonemic,Neologism,positive,1,1,249,24574.94972635025,11481866.848932607,99952.1621603409,30.0,1.6,0.7,30,5,7,76654.76939264081,76654.76939264081,32.462182349251634,0.1512658227848101,40
Phonemic_minus_Neologism,Phonemic,Neologism,positive,1,1,249,24574.94972635025,11481866.848932607,99952.1621603409,30.0,1.6,0.8,30,5,8,43341.37684149922,43341.37684149922,19.76986487706717,0.1014240506329114,40
Phonemic_minus_Neologism,Phonemic,Neologism,positive,1,1,249,24574.94972635025,11481866.848932607,99952.1621603409,30.0,1.7,0.4,30,6,4,29133.222445486892,29133.222445486892,16.464431948289164,0.11835443037974683,40
Phonemic_minus_Neologism,Phonemic,Neologism,positive,1,1,249,24574.94972635025,11481866.848932607,99952.1621603409,30.0,1.7,0.5,30,6,5,76720.68979446942,76720.68979446942,31.959785171864507,0.16645569620253164,40
Phonemic_minus_Neologism,Phonemic,Neologism,positive,1,1,249,24574.94972635025,11481866.848932607,99952.1621603409,30.0,1.7,0.6,30,6,6,75228.8409418584,75228.8409418584,30.44605502196311,0.14129746835443036,40
Phonemic_minus_Neologism,Phonemic,Neologism,positive,1,1,249,24574.94972635025,11481866.848932607,99952.1621603409,30.0,1.7,0.7,30,6,7,34617.09352114547,34617.09352114547,17.785210930004208,0.08259493670886076,40
Phonemic_minus_Neologism,Phonemic,Neologism,positive,1,1,249,24574.94972635025,11481866.848932607,99952.1621603409,30.0,1.8,0.4,30,7,4,99952.1621603409,99952.1621603409,45.06939094329986,0.1582278481012658,40
Phonemic_minus_Neologism,Phonemic,Neologism,positive,1,1,249,24574.94972635025,11481866.848932607,99952.1621603409,30.0,1.8,0.5,30,7,5,47301.53852487837,47301.53852487837,20.648326884795313,0.1474683544303797,40
Phonemic_minus_Neologism,Phonemic,Neologism,positive,1,1,249,24574.94972635025,11481866.848932607,99952.1621603409,30.0,1.8,0.6,30,7,6,35526.02455528153,35526.02455528153,17.99558347741189,0.08212025316455697,40
Phonemic_minus_Neologism,Phonemic,Neologism,positive,1,1,249,24574.94972635025,11481866.848932607,99952.1621603409,30.0,1.9,0.3,30,8,3,55875.99885755335,55875.99885755335,22.683908091246536,0.14351265822784803,40
Phonemic_minus_Neologism,Phonemic,Neologism,positive,1,1,249,24574.94972635025,11481866.848932607,99952.1621603409,30.0,1.9,0.4,30,8,4,67303.74314995194,67303.74314995194,26.06187008174735,0.167246835443038,40
Phonemic_minus_Neologism,Phonemic,Neologism,positive,1,1,249,24574.94972635025,11481866.848932607,99952.1621603409,30.0,1.9,0.5,30,8,5,28094.109905274705,28094.109905274705,16.205395272829506,0.09414556962025317,40
Phonemic_minus_Neologism,Phonemic,Neologism,positive,1,1,249,24574.94972635025,11481866.848932607,99952.1621603409,30.0,2.0,0.3,30,9,3,64178.49869422253,64178.49869422253,27.18255061189805,0.16962025316455695,40
Phonemic_minus_Neologism,Phonemic,Neologism,positive,1,1,249,24574.94972635025,11481866.848932607,99952.1621603409,30.0,2.0,0.4,30,9,4,55838.45480610039,55838.45480610039,22.674858088727046,0.12705696202531644,40
Phonemic_minus_Neologism,Phonemic,Neologism,positive,1,1,249,24574.94972635025,11481866.848932607,99952.1621603409,31.0,1.3,0.9,31,2,9,24996.02389220887,24996.02389220887,15.397395849278576,0.11249999999999998,40
Phonemic_minus_Neologism,Phonemic,Neologism,positive,1,1,249,24574.94972635025,11481866.848932607,99952.1621603409,31.0,1.3,1.0,31,2,10,27136.59337923685,27136.59337923685,15.961651054685799,0.14382365779135753,29
Phonemic_minus_Neologism,Phonemic,Neologism,positive,1,1,249,24574.94972635025,11481866.848932607,99952.1621603409,31.0,1.4,0.7,31,3,7,25085.40204056743,25085.40204056743,15.421357602082654,0.08401898734177213,40
Phonemic_minus_Neologism,Phonemic,Neologism,positive,1,1,249,24574.94972635025,11481866.848932607,99952.1621603409,31.0,1.4,0.8,31,3,8,48115.138426370504,48115.138426370504,20.832122014492064,0.13401898734177214,40
Phonemic_minus_Neologism,Phonemic,Neologism,positive,1,1,249,24574.94972635025,11481866.848932607,99952.1621603409,31.0,1.4,0.9,31,3,9,59752.74370904103,59752.74370904103,23.622624243082605,0.1545886075949367,40
Phonemic_minus_Neologism,Phonemic,Neologism,positive,1,1,249,24574.94972635025,11481866.848932607,99952.1621603409,31.0,1.4,1.0,31,3,10,50675.586126030874,50675.586126030874,21.4256699555605,0.1588825840244435,29
Phonemic_minus_Neologism,Phonemic,Neologism,positive,1,1,249,24574.94972635025,11481866.848932607,99952.1621603409,31.0,1.5,0.6,31,4,6,38903.839936397264,38903.839936397264,18.764038783003347,0.09731012658227847,40
Phonemic_minus_Neologism,Phonemic,Neologism,positive,1,1,249,24574.94972635025,11481866.848932607,99952.1621603409,31.0,1.5,0.7,31,4,7,54198.93815138045,54198.93815138045,22.27997838210044,0.14208860759493672,40
Phonemic_minus_Neologism,Phonemic,Neologism,positive,1,1,249,24574.94972635025,11481866.848932607,99952.1621603409,31.0,1.5,0.8,31,4,8,63550.27712770055,63550.27712770055,24.85299788672955,0.1550632911392405,40
Phonemic_minus_Neologism,Phonemic,Neologism,positive,1,1,249,24574.94972635025,11481866.848932607,99952.1621603409,31.0,1.5,0.9,31,4,9,62726.48956688808,62726.48956688808,24.493075850412158,0.13781645569620252,40
Phonemic_minus_Neologism,Phonemic,Neologism,positive,1,1,249,24574.94972635025,11481866.848932607,99952.1621603409,31.0,1.5,1.0,31,4,10,39076.545170366975,39076.545170366975,18.803401428845557,0.10475774770842426,29
Phonemic_minus_Neologism,Phonemic,Neologism,positive,1,1,249,24574.94972635025,11481866.848932607,99952.1621603409,31.0,1.6,0.5,31,5,5,31529.354642352293,31529.354642352293,17.047242170171266,0.10284810126582278,40
Phonemic_minus_Neologism,Phonemic,Neologism,positive,1,1,249,24574.94972635025,11481866.848932607,99952.1621603409,31.0,1.6,0.6,31,5,6,72004.46426278769,72004.46426278769,29.78024099551753,0.14367088607594933,40
Phonemic_minus_Neologism,Phonemic,Neologism,positive,1,1,249,24574.94972635025,11481866.848932607,99952.1621603409,31.0,1.6,0.7,31,5,7,60539.949123441,60539.949123441,23.841595790426684,0.15094936708860757,40
Phonemic_minus_Neologism,Phonemic,Neologism,positive,1,1,249,24574.94972635025,11481866.848932607,99952.1621603409,31.0,1.6,0.8,31,5,8,47224.54972173256,47224.54972173256,20.631069731014758,0.11787974683544303,40
Phonemic_minus_Neologism,Phonemic,Neologism,positive,1,1,249,24574.94972635025,11481866.848932607,99952.1621603409,31.0,1.6,0.9,31,5,9,31201.465241696005,31201.465241696005,16.967906917253835,0.0625,40
Phonemic_minus_Neologism,Phonemic,Neologism,positive,1,1,249,24574.94972635025,11481866.848932607,99952.1621603409,31.0,1.7,0.5,31,6,5,58632.707839532035,58632.707839532035,23.351362880354827,0.1555379746835443,40
Phonemic_minus_Neologism,Phonemic,Neologism,positive,1,1,249,24574.94972635025,11481866.848932607,99952.1621603409,31.0,1.7,0.6,31,6,6,60539.9345599071,60539.9345599071,23.841591687782753,0.15110759493670883,40
Phonemic_minus_Neologism,Phonemic,Neologism,positive,1,1,249,24574.94972635025,11481866.848932607,99952.1621603409,31.0,1.7,0.7,31,6,7,44692.503929852726,44692.503929852726,20.06709110659839,0.09319620253164557,40
Phonemic_minus_Neologism,Phonemic,Neologism,positive,1,1,249,24574.94972635025,11481866.848932607,99952.1621603409,31.0,1.8,0.4,31,7,4,63429.41888696743,63429.41888696743,24.715758631989434,0.14746835443037973,40
Phonemic_minus_Neologism,Phonemic,Neologism,positive,1,1,249,24574.94972635025,11481866.848932607,99952.1621603409,31.0,1.8,0.5,31,7,5,63988.53571355463,63988.53571355463,25.340612146826526,0.1479430379746835,40
Phonemic_minus_Neologism,Phonemic,Neologism,positive,1,1,249,24574.94972635025,11481866.848932607,99952.1621603409,31.0,1.8,0.6,31,7,6,38337.7019486598,38337.7019486598,18.635395097466567,0.09003164556962025,40
Phonemic_minus_Neologism,Phonemic,Neologism,positive,1,1,249,24574.94972635025,11481866.848932607,99952.1621603409,31.0,1.9,0.3,31,8,3,34036.23863183789,34036.23863183789,17.647576158173496,0.09145569620253166,40
Phonemic_minus_Neologism,Phonemic,Neologism,positive,1,1,249,24574.94972635025,11481866.848932607,99952.1621603409,31.0,1.9,0.4,31,8,4,67811.25601149553,67811.25601149553,26.77815548367028,0.14825949367088606,40
Phonemic_minus_Neologism,Phonemic,Neologism,positive,1,1,249,24574.94972635025,11481866.848932607,99952.1621603409,31.0,1.9,0.5,31,8,5,48123.53414393292,48123.53414393292,20.834037200074793,0.10189873417721518,40
Phonemic_minus_Neologism,Phonemic,Neologism,positive,1,1,249,24574.94972635025,11481866.848932607,99952.1621603409,31.0,2.0,0.3,31,9,3,45901.78803358097,45901.78803358097,20.33534996022822,0.13734177215189872,40
Phonemic_minus_Neologism,Phonemic,Neologism,positive,1,1,249,24574.94972635025,11481866.848932607,99952.1621603409,31.0,2.0,0.4,31,9,4,63315.948426390125,63315.948426390125,24.679329547836033,0.1151898734177215,40
Phonemic_minus_Neologism,Phonemic,Neologism,positive,1,1,249,24574.94972635025,11481866.848932607,99952.1621603409,32.0,1.3,0.9,32,2,9,32208.731048786176,32208.731048786176,17.211287761115933,0.08481012658227849,40
Phonemic_minus_Neologism,Phonemic,Neologism,positive,1,1,249,24574.94972635025,11481866.848932607,99952.1621603409,32.0,1.3,1.0,32,2,10,36898.72135728633,36898.72135728633,18.308165160638328,0.12287210824967267,29
Phonemic_minus_Neologism,Phonemic,Neologism,positive,1,1,249,24574.94972635025,11481866.848932607,99952.1621603409,32.0,1.4,0.7,32,3,7,33816.018104883166,33816.018104883166,17.595291230537477,0.08401898734177213,40
Phonemic_minus_Neologism,Phonemic,Neologism,positive,1,1,249,24574.94972635025,11481866.848932607,99952.1621603409,32.0,1.4,0.8,32,3,8,30836.813808589886,30836.813808589886,16.88018842273093,0.1174050632911392,40
Phonemic_minus_Neologism,Phonemic,Neologism,positive,1,1,249,24574.94972635025,11481866.848932607,99952.1621603409,32.0,1.4,0.9,32,3,9,39812.10856024403,39812.10856024403,18.971302232889247,0.12515822784810127,40
Phonemic_minus_Neologism,Phonemic,Neologism,positive,1,1,249,24574.94972635025,11481866.848932607,99952.1621603409,32.0,1.4,1.0,32,3,10,46312.04431195762,46312.04431195762,20.427344645571853,0.14622435617634222,29
Phonemic_minus_Neologism,Phonemic,Neologism,positive,1,1,249,24574.94972635025,11481866.848932607,99952.1621603409,32.0,1.5,0.7,32,4,7,47284.55266356482,47284.55266356482,20.644493292158494,0.1310126582278481,40
Phonemic_minus_Neologism,Phonemic,Neologism,positive,1,1,249,24574.94972635025,11481866.848932607,99952.1621603409,32.0,1.5,0.8,32,4,8,59603.318647130734,59603.318647130734,23.586184921662902,0.13987341772151898,40
Phonemic_minus_Neologism,Phonemic,Neologism,positive,1,1,249,24574.94972635025,11481866.848932607,99952.1621603409,32.0,1.5,0.9,32,4,9,44597.279888305726,44597.279888305726,20.046107704412858,0.1245253164556962,40
Phonemic_minus_Neologism,Phonemic,Neologism,positive,1,1,249,24574.94972635025,11481866.848932607,99952.1621603409,32.0,1.5,1.0,32,4,10,29470.126790284223,29470.126790284223,16.547599461576176,0.08467917939764295,29
Phonemic_minus_Neologism,Phonemic,Neologism,positive,1,1,249,24574.94972635025,11481866.848932607,99952.1621603409,32.0,1.6,0.5,32,5,5,29147.842928032293,29147.842928032293,16.468066619539556,0.10031645569620254,40
Phonemic_minus_Neologism,Phonemic,Neologism,positive,1,1,249,24574.94972635025,11481866.848932607,99952.1621603409,32.0,1.6,0.6,32,5,6,32733.19308838707,32733.19308838707,17.33741571711907,0.1254746835443038,40
Phonemic_minus_Neologism,Phonemic,Neologism,positive,1,1,249,24574.94972635025,11481866.848932607,99952.1621603409,32.0,1.6,0.7,32,5,7,56477.94872305764,56477.94872305764,22.82874277397237,0.1384493670886076,40
Phonemic_minus_Neologism,Phonemic,Neologism,positive,1,1,249,24574.94972635025,11481866.848932607,99952.1621603409,32.0,1.6,0.8,32,5,8,33047.702140191075,33047.702140191075,17.413053628817053,0.10110759493670887,40
Phonemic_minus_Neologism,Phonemic,Neologism,positive,1,1,249,24574.94972635025,11481866.848932607,99952.1621603409,32.0,1.7,0.4,32,6,4,31079.870117528975,31079.870117528975,16.93864587367599,0.08338607594936712,40
Phonemic_minus_Neologism,Phonemic,Neologism,positive,1,1,249,24574.94972635025,11481866.848932607,99952.1621603409,32.0,1.7,0.5,32,6,5,47069.41349113477,47069.41349113477,20.596475135928348,0.1275316455696202,40
Phonemic_minus_Neologism,Phonemic,Neologism,positive,1,1,249,24574.94972635025,11481866.848932607,99952.1621603409,32.0,1.7,0.6,32,6,6,41266.09590728687,41266.09590728687,19.299184316541538,0.12816455696202528,40
Phonemic_minus_Neologism,Phonemic,Neologism,positive,1,1,249,24574.94972635025,11481866.848932607,99952.1621603409,32.0,1.7,0.7,32,6,7,38122.099286381774,38122.099286381774,18.586466364289144,0.08085443037974681,40
Phonemic_minus_Neologism,Phonemic,Neologism,positive,1,1,249,24574.94972635025,11481866.848932607,99952.1621603409,32.0,1.8,0.4,32,7,4,32305.68622776327,32305.68622776327,17.234662573654536,0.1310126582278481,40
Phonemic_minus_Neologism,Phonemic,Neologism,positive,1,1,249,24574.94972635025,11481866.848932607,99952.1621603409,32.0,1.8,0.5,32,7,5,64605.00353523852,64605.00353523852,26.257447075869354,0.13813291139240508,40
Phonemic_minus_Neologism,Phonemic,Neologism,positive,1,1,249,24574.94972635025,11481866.848932607,99952.1621603409,32.0,1.9,0.4,32,8,4,44751.03904677482,44751.03904677482,20.08002421010762,0.13860759493670885,40
Phonemic_minus_Neologism,Phonemic,Neologism,positive,1,1,249,24574.94972635025,11481866.848932607,99952.1621603409,32.0,1.9,0.5,32,8,5,41972.00122075975,41972.00122075975,19.45969352700652,0.08401898734177217,40
Phonemic_minus_Neologism,Phonemic,Neologism,positive,1,1,249,24574.94972635025,11481866.848932607,99952.1621603409,32.0,2.0,0.3,32,9,3,52342.38495110428,52342.38495110428,24.424737390812815,0.12025316455696203,40
Phonemic_minus_Neologism,Phonemic,Neologism,positive,1,1,249,24574.94972635025,11481866.848932607,99952.1621603409,32.0,2.0,0.4,32,9,4,50765.737673305586,50765.737673305586,21.447182592127927,0.10791139240506327,40
Phonemic_minus_Neologism,Phonemic,Neologism,positive,1,1,249,24574.94972635025,11481866.848932607,99952.1621603409,33.0,1.4,0.7,33,3,7,26092.504800644274,26092.504800644274,15.689134833397354,0.062183544303797446,40
Phonemic_minus_Neologism,Phonemic,Neologism,positive,1,1,249,24574.94972635025,11481866.848932607,99952.1621603409,33.0,1.4,0.9,33,3,9,45970.89224109297,45970.89224109297,20.750933005811888,0.12626582278481013,40
Phonemic_minus_Neologism,Phonemic,Neologism,positive,1,1,249,24574.94972635025,11481866.848932607,99952.1621603409,33.0,1.4,1.0,33,3,10,38018.514604256525,38018.514604256525,18.562899030847937,0.13902226102138804,29
Phonemic_minus_Neologism,Phonemic,Neologism,positive,1,1,249,24574.94972635025,11481866.848932607,99952.1621603409,33.0,1.5,0.7,33,4,7,47451.28487834585,47451.28487834585,21.02723525146739,0.1166139240506329,40
Phonemic_minus_Neologism,Phonemic,Neologism,positive,1,1,249,24574.94972635025,11481866.848932607,99952.1621603409,33.0,1.5,0.8,33,4,8,45694.94435151118,45694.94435151118,20.289106957388046,0.14303797468354426,40
Phonemic_minus_Neologism,Phonemic,Neologism,positive,1,1,249,24574.94972635025,11481866.848932607,99952.1621603409,33.0,1.5,0.9,33,4,9,46205.76948953429,46205.76948953429,21.281342620199776,0.12515822784810124,40
Phonemic_minus_Neologism,Phonemic,Neologism,positive,1,1,249,24574.94972635025,11481866.848932607,99952.1621603409,33.0,1.6,0.6,33,5,6,36952.13874058697,36952.13874058697,18.320315508901704,0.11645569620253167,40
Phonemic_minus_Neologism,Phonemic,Neologism,positive,1,1,249,24574.94972635025,11481866.848932607,99952.1621603409,33.0,1.6,0.7,33,5,7,37150.808991817416,37150.808991817416,18.36549104249328,0.13639240506329112,40
Phonemic_minus_Neologism,Phonemic,Neologism,positive,1,1,249,24574.94972635025,11481866.848932607,99952.1621603409,33.0,1.6,0.8,33,5,8,42255.56839437053,42255.56839437053,19.524192935238652,0.09367088607594934,40
Phonemic_minus_Neologism,Phonemic,Neologism,positive,1,1,249,24574.94972635025,11481866.848932607,99952.1621603409,33.0,1.7,0.5,33,6,5,38502.95444308235,38502.95444308235,18.673093632887767,0.10617088607594934,40
Phonemic_minus_Neologism,Phonemic,Neologism,positive,1,1,249,24574.94972635025,11481866.848932607,99952.1621603409,33.0,1.7,0.6,33,6,6,41408.77969348573,41408.77969348573,19.48832131618548,0.14034810126582273,40
Phonemic_minus_Neologism,Phonemic,Neologism,positive,1,1,249,24574.94972635025,11481866.848932607,99952.1621603409,33.0,1.8,0.5,33,7,5,56546.18921136278,56546.18921136278,22.84521610061685,0.13243670886075945,40
Phonemic_minus_Neologism,Phonemic,Neologism,positive,1,1,249,24574.94972635025,11481866.848932607,99952.1621603409,33.0,1.8,0.6,33,7,6,30555.352293825395,30555.352293825395,16.81228908426382,0.06993670886075948,40
Phonemic_minus_Neologism,Phonemic,Neologism,positive,1,1,249,24574.94972635025,11481866.848932607,99952.1621603409,33.0,1.9,0.4,33,8,4,33742.62046939854,33742.62046939854,17.577860993786796,0.12579113924050633,40
Phonemic_minus_Neologism,Phonemic,Neologism,positive,1,1,249,24574.94972635025,11481866.848932607,99952.1621603409,33.0,1.9,0.5,33,8,5,33668.98861380931,33668.98861380931,17.560387601721867,0.09098101265822783,40
Phonemic_minus_Neologism,Phonemic,Neologism,positive,1,1,249,24574.94972635025,11481866.848932607,99952.1621603409,33.0,2.0,0.4,33,9,4,50636.073247776076,50636.073247776076,21.416278558513056,0.1139240506329114,40
Phonemic_minus_Neologism,Phonemic,Neologism,positive,1,1,249,24574.94972635025,11481866.848932607,99952.1621603409,34.0,1.4,0.9,34,3,9,32204.919749166456,32204.919749166456,17.21036875516355,0.11503164556962024,40
Phonemic_minus_Neologism,Phonemic,Neologism,positive,1,1,249,24574.94972635025,11481866.848932607,99952.1621603409,34.0,1.4,1.0,34,3,10,38020.01852835154,38020.01852835154,18.567261478316755,0.12527280663465734,29
Phonemic_minus_Neologism,Phonemic,Neologism,positive,1,1,249,24574.94972635025,11481866.848932607,99952.1621603409,34.0,1.5,0.8,34,4,8,29470.536638372392,29470.536638372392,16.547700833886736,0.12246835443037973,40
Phonemic_minus_Neologism,Phonemic,Neologism,positive,1,1,249,24574.94972635025,11481866.848932607,99952.1621603409,34.0,1.5,0.9,34,4,9,40854.34326447863,40854.34326447863,19.20647607705691,0.1134493670886076,40
Phonemic_minus_Neologism,Phonemic,Neologism,positive,1,1,249,24574.94972635025,11481866.848932607,99952.1621603409,34.0,1.6,0.7,34,5,7,37318.39795952076,37318.39795952076,18.847983318626465,0.11977848101265823,40
Phonemic_minus_Neologism,Phonemic,Neologism,positive,1,1,249,24574.94972635025,11481866.848932607,99952.1621603409,34.0,1.7,0.6,34,6,6,43709.1770264529,43709.1770264529,22.891593525337893,0.11424050632911391,40
Phonemic_minus_Neologism,Phonemic,Neologism,positive,1,1,249,24574.94972635025,11481866.848932607,99952.1621603409,34.0,1.8,0.5,34,7,5,37630.53626881815,37630.53626881815,18.47497776209572,0.11598101265822783,40
Phonemic_minus_Neologism,Phonemic,Neologism,positive,1,1,249,24574.94972635025,11481866.848932607,99952.1621603409,34.0,1.9,0.4,34,8,4,31330.714408617103,31330.714408617103,16.999012692696507,0.11819620253164557,40
Phonemic_minus_Neologism,Phonemic,Neologism,positive,1,1,249,24574.94972635025,11481866.848932607,99952.1621603409,34.0,2.0,0.4,34,9,4,42149.346736687694,42149.346736687694,19.500017908728857,0.10110759493670887,40
Phonemic_minus_Neologism,Phonemic,Neologism,positive,1,1,249,24574.94972635025,11481866.848932607,99952.1621603409,35.0,1.5,0.9,35,4,9,39466.58824859692,39466.58824859692,18.892654508199666,0.0901898734177215,40
Phonemic_minus_Neologism,Phonemic,Neologism,positive,1,1,249,24574.94972635025,11481866.848932607,99952.1621603409,35.0,1.6,0.6,35,5,6,31159.100861521532,31159.100861521532,16.95770427536829,0.08781645569620253,40
Phonemic_minus_Neologism,Phonemic,Neologism,positive,1,1,249,24574.94972635025,11481866.848932607,99952.1621603409,35.0,1.6,0.7,35,5,7,25991.314482763388,25991.314482763388,15.66226078835345,0.12246835443037976,40
Phonemic_minus_Neologism,Phonemic,Neologism,positive,1,1,249,24574.94972635025,11481866.848932607,99952.1621603409,35.0,1.7,0.6,35,6,6,43768.762422496744,43768.762422496744,23.004190294038555,0.11487341772151902,40
Phonemic_minus_Neologism,Phonemic,Neologism,positive,1,1,249,24574.94972635025,11481866.848932607,99952.1621603409,35.0,1.8,0.5,35,7,5,33967.3530050491,33967.3530050491,17.63118072894575,0.11882911392405063,40
Phonemic_minus_Neologism,Phonemic,Neologism,positive,1,1,249,24574.94972635025,11481866.848932607,99952.1621603409,35.0,1.9,0.4,35,8,4,26801.43501179785,26801.43501179785,15.87471964932654,0.11772151898734173,40
Phonemic_minus_Neologism,Phonemic,Neologism,positive,1,1,249,24574.94972635025,11481866.848932607,99952.1621603409,36.0,1.4,0.9,36,3,9,29871.97415831172,29871.97415831172,16.64645850476529,0.0865506329113924,40
Phonemic_minus_Neologism,Phonemic,Neologism,positive,1,1,249,24574.94972635025,11481866.848932607,99952.1621603409,36.0,1.5,0.7,36,4,7,26385.100028044984,26385.100028044984,16.998516989194464,0.07278481012658228,40
Phonemic_minus_Neologism,Phonemic,Neologism,positive,1,1,249,24574.94972635025,11481866.848932607,99952.1621603409,36.0,1.5,0.9,36,4,9,32452.439876260385,32452.439876260385,17.269989341407705,0.09683544303797469,40
Phonemic_minus_Neologism,Phonemic,Neologism,positive,1,1,249,24574.94972635025,11481866.848932607,99952.1621603409,36.0,1.6,0.7,36,5,7,26112.256876043357,26112.256876043357,16.001445328338598,0.10221518987341774,40
Phonemic_minus_Neologism,Phonemic,Neologism,positive,1,1,249,24574.94972635025,11481866.848932607,99952.1621603409,36.0,1.7,0.6,36,6,6,42084.592960121394,42084.592960121394,20.460004770384298,0.11518987341772155,40
Phonemic_minus_Neologism,Phonemic,Neologism,positive,1,1,249,24574.94972635025,11481866.848932607,99952.1621603409,36.0,1.8,0.5,36,7,5,34522.504130582754,34522.504130582754,19.25319418552425,0.11139240506329114,40
Phonemic_minus_Neologism,Phonemic,Neologism,positive,1,1,249,24574.94972635025,11481866.848932607,99952.1621603409,36.0,1.8,0.6,36,7,6,30334.750090458634,30334.750090458634,16.758832038378785,0.05886075949367089,40
Phonemic_minus_Neologism,Phonemic,Neologism,positive,1,1,249,24574.94972635025,11481866.848932607,99952.1621603409,36.0,1.9,0.4,36,8,4,28178.39804426473,28178.39804426473,20.09014725273037,0.10411392405063291,40
Semantic_minus_Neologism,Semantic,Neologism,negative,1,1,200,10053.219715786438,2496042.05474025,16527.448250014302,11.0,1.9,0.4,11,8,4,-10581.362967090387,10581.362967090387,-10.854657483381027,-0.11455696202531647,40
Semantic_minus_Neologism,Semantic,Neologism,negative,1,1,200,10053.219715786438,2496042.05474025,16527.448250014302,11.0,2.0,0.3,11,9,3,-10801.769203219596,10801.769203219596,-10.993298607316115,-0.10094936708860758,40
Semantic_minus_Neologism,Semantic,Neologism,negative,1,1,200,10053.219715786438,2496042.05474025,16527.448250014302,11.0,2.0,0.4,11,9,4,-10980.457764858782,10980.457764858782,-12.306067226641916,-0.11787974683544303,40
Semantic_minus_Neologism,Semantic,Neologism,negative,1,1,200,10053.219715786438,2496042.05474025,16527.448250014302,12.0,2.0,0.3,12,9,3,-11324.325827694913,11324.325827694913,-12.588828829634236,-0.13053797468354433,40
Semantic_minus_Neologism,Semantic,Neologism,negative,1,1,200,10053.219715786438,2496042.05474025,16527.448250014302,13.0,1.9,0.3,13,8,3,-10111.866883648856,10111.866883648856,-10.555993657019565,-0.10537974683544307,40
Semantic_minus_Neologism,Semantic,Neologism,negative,1,1,200,10053.219715786438,2496042.05474025,16527.448250014302,13.0,2.0,0.3,13,9,3,-11127.18864889054,11127.18864889054,-11.200030479776357,-0.14920886075949374,40
Semantic_minus_Neologism,Semantic,Neologism,negative,1,1,200,10053.219715786438,2496042.05474025,16527.448250014302,14.0,1.9,0.3,14,8,3,-11086.602477346352,11086.602477346352,-11.17375901791814,-0.11028481012658231,40
Semantic_minus_Neologism,Semantic,Neologism,negative,1,1,200,10053.219715786438,2496042.05474025,16527.448250014302,14.0,1.9,0.4,14,8,4,-11275.309969420947,11275.309969420947,-11.29574194138827,-0.14382911392405062,40
Semantic_minus_Neologism,Semantic,Neologism,negative,1,1,200,10053.219715786438,2496042.05474025,16527.448250014302,14.0,2.0,0.3,14,9,3,-11549.431937087445,11549.431937087445,-11.472483347349721,-0.14018987341772152,40
Semantic_minus_Neologism,Semantic,Neologism,negative,1,1,200,10053.219715786438,2496042.05474025,16527.448250014302,14.0,2.0,0.4,14,9,4,-11567.916005842586,11567.916005842586,-11.611028719869527,-0.12515822784810127,40
Semantic_minus_Neologism,Semantic,Neologism,negative,1,1,200,10053.219715786438,2496042.05474025,16527.448250014302,15.0,1.4,0.7,15,3,7,-11061.105088072052,11061.105088072052,-11.157337846505621,-0.1349683544303797,40
Semantic_minus_Neologism,Semantic,Neologism,negative,1,1,200,10053.219715786438,2496042.05474025,16527.448250014302,15.0,1.5,0.6,15,4,6,-10738.485195917992,10738.485195917992,-10.953643101447216,-0.1457278481012658,40
Semantic_minus_Neologism,Semantic,Neologism,negative,1,1,200,10053.219715786438,2496042.05474025,16527.448250014302,15.0,1.5,0.7,15,4,7,-12552.95230966917,12552.95230966917,-12.73604713212558,-0.1417721518987342,40
Semantic_minus_Neologism,Semantic,Neologism,negative,1,1,200,10053.219715786438,2496042.05474025,16527.448250014302,15.0,1.6,0.5,15,5,5,-10229.799616356677,10229.799616356677,-10.631216840265937,-0.15933544303797464,40
Semantic_minus_Neologism,Semantic,Neologism,negative,1,1,200,10053.219715786438,2496042.05474025,16527.448250014302,15.0,1.6,0.6,15,5,6,-12456.355028168085,12456.355028168085,-13.626740421341086,-0.16392405063291138,40
Semantic_minus_Neologism,Semantic,Neologism,negative,1,1,200,10053.219715786438,2496042.05474025,16527.448250014302,15.0,1.7,0.5,15,6,5,-12353.721642633256,12353.721642633256,-12.585983536940871,-0.17943037974683546,40
Semantic_minus_Neologism,Semantic,Neologism,negative,1,1,200,10053.219715786438,2496042.05474025,16527.448250014302,15.0,1.7,0.6,15,6,6,-11464.664571769072,11464.664571769072,-11.417709557657197,-0.13528481012658225,40
Semantic_minus_Neologism,Semantic,Neologism,negative,1,1,200,10053.219715786438,2496042.05474025,16527.448250014302,15.0,1.8,0.4,15,7,4,-10862.980183043614,10862.980183043614,-11.032151773287625,-0.14794303797468356,40
Semantic_minus_Neologism,Semantic,Neologism,negative,1,1,200,10053.219715786438,2496042.05474025,16527.448250014302,15.0,1.8,0.5,15,7,5,-11672.668564115365,11672.668564115365,-11.552285353266434,-0.15031645569620256,40
Semantic_minus_Neologism,Semantic,Neologism,negative,1,1,200,10053.219715786438,2496042.05474025,16527.448250014302,15.0,2.0,0.3,15,9,3,-11904.495831104288,11904.495831104288,-11.70279574005643,-0.20933544303797472,40
Semantic_minus_Neologism,Semantic,Neologism,negative,1,1,200,10053.219715786438,2496042.05474025,16527.448250014302,16.0,1.4,0.7,16,3,7,-12593.714259631664,12593.714259631664,-12.879079418751324,-0.15696202531645573,40
Semantic_minus_Neologism,Semantic,Neologism,negative,1,1,200,10053.219715786438,2496042.05474025,16527.448250014302,16.0,1.5,0.6,16,4,6,-11800.412459504198,11800.412459504198,-11.635307750412725,-0.1879746835443038,40
Semantic_minus_Neologism,Semantic,Neologism,negative,1,1,200,10053.219715786438,2496042.05474025,16527.448250014302,16.0,1.5,0.7,16,4,7,-12824.039134611678,12824.039134611678,-14.100511018421223,-0.16835443037974687,40
Semantic_minus_Neologism,Semantic,Neologism,negative,1,1,200,10053.219715786438,2496042.05474025,16527.448250014302,16.0,1.5,0.8,16,4,8,-12618.448005938028,12618.448005938028,-12.983508295651102,-0.14193037974683542,40
Semantic_minus_Neologism,Semantic,Neologism,negative,1,1,200,10053.219715786438,2496042.05474025,16527.448250014302,16.0,1.6,0.5,16,5,5,-12348.816074125354,12348.816074125354,-12.564085759944879,-0.191613924050633,40
Semantic_minus_Neologism,Semantic,Neologism,negative,1,1,200,10053.219715786438,2496042.05474025,16527.448250014302,16.0,1.6,0.6,16,5,6,-12170.730358820732,12170.730358820732,-11.877605610884526,-0.16598101265822787,40
Semantic_minus_Neologism,Semantic,Neologism,negative,1,1,200,10053.219715786438,2496042.05474025,16527.448250014302,16.0,1.6,0.7,16,5,7,-12334.899787422992,12334.899787422992,-12.233998201449317,-0.14319620253164556,40
Semantic_minus_Neologism,Semantic,Neologism,negative,1,1,200,10053.219715786438,2496042.05474025,16527.448250014302,16.0,1.6,0.8,16,5,8,-11197.089200385828,11197.089200385828,-11.245321623126022,-0.1096518987341772,40
Semantic_minus_Neologism,Semantic,Neologism,negative,1,1,200,10053.219715786438,2496042.05474025,16527.448250014302,16.0,1.7,0.4,16,6,4,-11798.166145693876,11798.166145693876,-11.63384685265486,-0.14762658227848102,40
Semantic_minus_Neologism,Semantic,Neologism,negative,1,1,200,10053.219715786438,2496042.05474025,16527.448250014302,16.0,1.7,0.5,16,6,5,-12571.90673736711,12571.90673736711,-13.83229724163696,-0.19462025316455692,40
Semantic_minus_Neologism,Semantic,Neologism,negative,1,1,200,10053.219715786438,2496042.05474025,16527.448250014302,16.0,1.7,0.6,16,6,6,-10794.336823741172,10794.336823741172,-10.988622884318206,-0.12231012658227844,40
Semantic_minus_Neologism,Semantic,Neologism,negative,1,1,200,10053.219715786438,2496042.05474025,16527.448250014302,16.0,1.8,0.4,16,7,4,-13317.208480406303,13317.208480406303,-13.215427443595853,-0.15047468354430377,40
Semantic_minus_Neologism,Semantic,Neologism,negative,1,1,200,10053.219715786438,2496042.05474025,16527.448250014302,16.0,1.8,0.5,16,7,5,-11952.281660326898,11952.281660326898,-11.733925446725952,-0.14113924050632914,40
Semantic_minus_Neologism,Semantic,Neologism,negative,1,1,200,10053.219715786438,2496042.05474025,16527.448250014302,16.0,1.9,0.3,16,8,3,-13202.267387696058,13202.267387696058,-12.878695468614469,-0.1762658227848101,40
Semantic_minus_Neologism,Semantic,Neologism,negative,1,1,200,10053.219715786438,2496042.05474025,16527.448250014302,16.0,1.9,0.4,16,8,4,-13801.779969956344,13801.779969956344,-15.51197967790783,-0.1488924050632911,40
Semantic_minus_Neologism,Semantic,Neologism,negative,1,1,200,10053.219715786438,2496042.05474025,16527.448250014302,16.0,2.0,0.3,16,9,3,-13491.648016732861,13491.648016732861,-14.112473836713468,-0.1854430379746836,40
Semantic_minus_Neologism,Semantic,Neologism,negative,1,1,200,10053.219715786438,2496042.05474025,16527.448250014302,16.0,2.0,0.4,16,9,4,-13332.311602209522,13332.311602209522,-13.265069837561764,-0.11787974683544304,40
Semantic_minus_Neologism,Semantic,Neologism,negative,1,1,200,10053.219715786438,2496042.05474025,16527.448250014302,17.0,1.2,1.0,17,1,10,-10224.429604106395,10224.429604106395,-10.85657548815915,-0.15042194092827005,30
Semantic_minus_Neologism,Semantic,Neologism,negative,1,1,200,10053.219715786438,2496042.05474025,16527.448250014302,17.0,1.3,0.8,17,2,8,-12628.992797534715,12628.992797534715,-12.965684164367367,-0.14952531645569622,40
Semantic_minus_Neologism,Semantic,Neologism,negative,1,1,200,10053.219715786438,2496042.05474025,16527.448250014302,17.0,1.3,0.9,17,2,9,-11308.436511199914,11308.436511199914,-11.317074800260198,-0.16598101265822787,40
Semantic_minus_Neologism,Semantic,Neologism,negative,1,1,200,10053.219715786438,2496042.05474025,16527.448250014302,17.0,1.4,0.7,17,3,7,-11038.985065194058,11038.985065194058,-11.143197986652957,-0.1254746835443038,40
Semantic_minus_Neologism,Semantic,Neologism,negative,1,1,200,10053.219715786438,2496042.05474025,16527.448250014302,17.0,1.4,0.8,17,3,8,-13355.893437480028,13355.893437480028,-15.467163219184398,-0.18971518987341768,40
Semantic_minus_Neologism,Semantic,Neologism,negative,1,1,200,10053.219715786438,2496042.05474025,16527.448250014302,17.0,1.4,0.9,17,3,9,-13447.68098205187,13447.68098205187,-15.839641090036631,-0.16518987341772154,40
Semantic_minus_Neologism,Semantic,Neologism,negative,1,1,200,10053.219715786438,2496042.05474025,16527.448250014302,17.0,1.5,0.6,17,4,6,-10555.296073909707,10555.296073909707,-10.838167478968895,-0.14177215189873418,40
Semantic_minus_Neologism,Semantic,Neologism,negative,1,1,200,10053.219715786438,2496042.05474025,16527.448250014302,17.0,1.5,0.8,17,4,8,-12518.148376748335,12518.148376748335,-12.628145892996283,-0.15822784810126583,40
Semantic_minus_Neologism,Semantic,Neologism,negative,1,1,200,10053.219715786438,2496042.05474025,16527.448250014302,17.0,1.5,0.9,17,4,9,-12657.287928993639,12657.287928993639,-13.061732503363162,-0.12768987341772153,40
Semantic_minus_Neologism,Semantic,Neologism,negative,1,1,200,10053.219715786438,2496042.05474025,16527.448250014302,17.0,1.6,0.6,17,5,6,-12188.357842926276,12188.357842926276,-11.890074311404152,-0.12958860759493668,40
Semantic_minus_Neologism,Semantic,Neologism,negative,1,1,200,10053.219715786438,2496042.05474025,16527.448250014302,17.0,1.6,0.7,17,5,7,-10504.190934196187,10504.190934196187,-10.805779000675136,-0.13022151898734177,40
Semantic_minus_Neologism,Semantic,Neologism,negative,1,1,200,10053.219715786438,2496042.05474025,16527.448250014302,17.0,1.7,0.6,17,6,6,-12317.757825060016,12317.757825060016,-12.740747342189291,-0.11012658227848102,40
Semantic_minus_Neologism,Semantic,Neologism,negative,1,1,200,10053.219715786438,2496042.05474025,16527.448250014302,17.0,1.8,0.4,17,7,4,-12892.785466686508,12892.785466686508,-12.497243203304203,-0.16914556962025312,40
Semantic_minus_Neologism,Semantic,Neologism,negative,1,1,200,10053.219715786438,2496042.05474025,16527.448250014302,17.0,1.9,0.3,17,8,3,-13618.483224507583,13618.483224507583,-13.498323307828777,-0.19699367088607594,40
Semantic_minus_Neologism,Semantic,Neologism,negative,1,1,200,10053.219715786438,2496042.05474025,16527.448250014302,17.0,1.9,0.4,17,8,4,-10979.002039626092,10979.002039626092,-11.105195825903687,-0.13401898734177214,40
Semantic_minus_Neologism,Semantic,Neologism,negative,1,1,200,10053.219715786438,2496042.05474025,16527.448250014302,17.0,2.0,0.3,17,9,3,-11989.178293475252,11989.178293475252,-11.758082138660132,-0.18623417721518984,40
Semantic_minus_Neologism,Semantic,Neologism,negative,1,1,200,10053.219715786438,2496042.05474025,16527.448250014302,17.0,2.0,0.4,17,9,4,-10446.989058689083,10446.989058689083,-10.769444943541467,-0.10617088607594938,40
Semantic_minus_Neologism,Semantic,Neologism,negative,1,1,200,10053.219715786438,2496042.05474025,16527.448250014302,18.0,1.2,1.0,18,1,10,-10195.923102034802,10195.923102034802,-10.609575145810314,-0.1561181434599156,30
Semantic_minus_Neologism,Semantic,Neologism,negative,1,1,200,10053.219715786438,2496042.05474025,16527.448250014302,18.0,1.3,0.9,18,2,9,-12870.655327649607,12870.655327649607,-12.927899126183297,-0.15474683544303797,40
Semantic_minus_Neologism,Semantic,Neologism,negative,1,1,200,10053.219715786438,2496042.05474025,16527.448250014302,18.0,1.3,1.0,18,2,10,-12774.79933449351,12774.79933449351,-12.328726438944413,-0.15342645133129643,29
Semantic_minus_Neologism,Semantic,Neologism,negative,1,1,200,10053.219715786438,2496042.05474025,16527.448250014302,18.0,1.4,0.7,18,3,7,-12023.195123316102,12023.195123316102,-11.780382846241663,-0.16297468354430372,40
Semantic_minus_Neologism,Semantic,Neologism,negative,1,1,200,10053.219715786438,2496042.05474025,16527.448250014302,18.0,1.4,0.9,18,3,9,-11613.009312803473,11613.009312803473,-11.513565436246338,-0.11550632911392404,40
Semantic_minus_Neologism,Semantic,Neologism,negative,1,1,200,10053.219715786438,2496042.05474025,16527.448250014302,18.0,1.5,0.6,18,4,6,-12360.343358842209,12360.343358842209,-12.012499304192264,-0.17626582278481012,40
Semantic_minus_Neologism,Semantic,Neologism,negative,1,1,200,10053.219715786438,2496042.05474025,16527.448250014302,18.0,1.5,0.7,18,4,7,-12745.63158425805,12745.63158425805,-12.301741817833214,-0.14414556962025313,40
Semantic_minus_Neologism,Semantic,Neologism,negative,1,1,200,10053.219715786438,2496042.05474025,16527.448250014302,18.0,1.6,0.5,18,5,5,-12379.948608254046,12379.948608254046,-12.02664911646505,-0.15996835443037977,40
Semantic_minus_Neologism,Semantic,Neologism,negative,1,1,200,10053.219715786438,2496042.05474025,16527.448250014302,18.0,1.6,0.6,18,5,6,-12424.271729117616,12424.271729117616,-12.0591163072683,-0.15490506329113923,40
Semantic_minus_Neologism,Semantic,Neologism,negative,1,1,200,10053.219715786438,2496042.05474025,16527.448250014302,18.0,1.7,0.4,18,6,4,-12481.705460765483,12481.705460765483,-12.698048784012864,-0.15348101265822783,40
Semantic_minus_Neologism,Semantic,Neologism,negative,1,1,200,10053.219715786438,2496042.05474025,16527.448250014302,18.0,1.7,0.5,18,6,5,-12308.184010936247,12308.184010936247,-11.97514366090631,-0.12246835443037977,40
Semantic_minus_Neologism,Semantic,Neologism,negative,1,1,200,10053.219715786438,2496042.05474025,16527.448250014302,18.0,1.7,0.6,18,6,6,-10461.451818697955,10461.451818697955,-10.778647258977397,-0.10886075949367091,40
Semantic_minus_Neologism,Semantic,Neologism,negative,1,1,200,10053.219715786438,2496042.05474025,16527.448250014302,18.0,1.8,0.4,18,7,4,-12378.659088196904,12378.659088196904,-12.025709355144498,-0.14303797468354434,40
Semantic_minus_Neologism,Semantic,Neologism,negative,1,1,200,10053.219715786438,2496042.05474025,16527.448250014302,18.0,1.8,0.5,18,7,5,-11356.604503821634,11356.604503821634,-11.348072379474276,-0.09287974683544305,40
Semantic_minus_Neologism,Semantic,Neologism,negative,1,1,200,10053.219715786438,2496042.05474025,16527.448250014302,18.0,1.9,0.3,18,8,3,-13695.39061144896,13695.39061144896,-13.645485040577345,-0.1835443037974684,40
Semantic_minus_Neologism,Semantic,Neologism,negative,1,1,200,10053.219715786438,2496042.05474025,16527.448250014302,19.0,1.2,1.0,19,1,10,-10084.361912621584,10084.361912621584,-10.538451606576317,-0.18312236286919834,30
Semantic_minus_Neologism,Semantic,Neologism,negative,1,1,200,10053.219715786438,2496042.05474025,16527.448250014302,19.0,1.3,0.8,19,2,8,-13001.274454587656,13001.274454587656,-13.461991358450621,-0.1811708860759494,40
Semantic_minus_Neologism,Semantic,Neologism,negative,1,1,200,10053.219715786438,2496042.05474025,16527.448250014302,19.0,1.3,0.9,19,2,9,-12582.596115195778,12582.596115195778,-12.176076640970019,-0.19177215189873414,40
Semantic_minus_Neologism,Semantic,Neologism,negative,1,1,200,10053.219715786438,2496042.05474025,16527.448250014302,19.0,1.3,1.0,19,2,10,-12836.347076173219,12836.347076173219,-12.436645018231774,-0.1743780008729812,29
Semantic_minus_Neologism,Semantic,Neologism,negative,1,1,200,10053.219715786438,2496042.05474025,16527.448250014302,19.0,1.4,0.7,19,3,7,-14328.839256131027,14328.839256131027,-14.362585215746362,-0.20870253164556968,40
Semantic_minus_Neologism,Semantic,Neologism,negative,1,1,200,10053.219715786438,2496042.05474025,16527.448250014302,19.0,1.4,0.8,19,3,8,-12818.503596120361,12818.503596120361,-12.370019052275325,-0.16962025316455695,40
Semantic_minus_Neologism,Semantic,Neologism,negative,1,1,200,10053.219715786438,2496042.05474025,16527.448250014302,19.0,1.4,0.9,19,3,9,-12933.31782178197,12933.31782178197,-12.866892731608068,-0.1389240506329114,40
Semantic_minus_Neologism,Semantic,Neologism,negative,1,1,200,10053.219715786438,2496042.05474025,16527.448250014302,19.0,1.4,1.0,19,3,10,-12931.574639800136,12931.574639800136,-12.856363531791876,-0.14229594063727632,29
Semantic_minus_Neologism,Semantic,Neologism,negative,1,1,200,10053.219715786438,2496042.05474025,16527.448250014302,19.0,1.5,0.6,19,4,6,-14449.021658495118,14449.021658495118,-14.637242563365923,-0.20363924050632906,40
Semantic_minus_Neologism,Semantic,Neologism,negative,1,1,200,10053.219715786438,2496042.05474025,16527.448250014302,19.0,1.5,0.7,19,4,7,-13726.575150445016,13726.575150445016,-13.272629501387096,-0.1768987341772152,40
Semantic_minus_Neologism,Semantic,Neologism,negative,1,1,200,10053.219715786438,2496042.05474025,16527.448250014302,19.0,1.6,0.5,19,5,5,-12149.571529130282,12149.571529130282,-11.8636138325765,-0.16882911392405064,40
Semantic_minus_Neologism,Semantic,Neologism,negative,1,1,200,10053.219715786438,2496042.05474025,16527.448250014302,19.0,1.6,0.6,19,5,6,-12884.09789995884,12884.09789995884,-12.43471251557935,-0.16677215189873415,40
Semantic_minus_Neologism,Semantic,Neologism,negative,1,1,200,10053.219715786438,2496042.05474025,16527.448250014302,19.0,1.6,0.7,19,5,7,-11919.616176848454,11919.616176848454,-11.712614773294055,-0.130379746835443,40
Semantic_minus_Neologism,Semantic,Neologism,negative,1,1,200,10053.219715786438,2496042.05474025,16527.448250014302,19.0,1.7,0.4,19,6,4,-12273.0407914141,12273.0407914141,-11.950107832836304,-0.16598101265822784,40
Semantic_minus_Neologism,Semantic,Neologism,negative,1,1,200,10053.219715786438,2496042.05474025,16527.448250014302,19.0,1.7,0.5,19,6,5,-12310.00158130368,12310.00158130368,-11.976443751669382,-0.1618670886075949,40
Semantic_minus_Neologism,Semantic,Neologism,negative,1,1,200,10053.219715786438,2496042.05474025,16527.448250014302,19.0,1.7,0.6,19,6,6,-12942.45028328117,12942.45028328117,-12.800180068627075,-0.1231012658227848,40
Semantic_minus_Neologism,Semantic,Neologism,negative,1,1,200,10053.219715786438,2496042.05474025,16527.448250014302,19.0,1.8,0.4,19,7,4,-11716.9670118659,11716.9670118659,-11.581084827471917,-0.14683544303797466,40
Semantic_minus_Neologism,Semantic,Neologism,negative,1,1,200,10053.219715786438,2496042.05474025,16527.448250014302,19.0,1.8,0.5,19,7,5,-13285.883796181628,13285.883796181628,-12.990288312643138,-0.11139240506329111,40
Semantic_minus_Neologism,Semantic,Neologism,negative,1,1,200,10053.219715786438,2496042.05474025,16527.448250014302,19.0,1.9,0.3,19,8,3,-16527.448250014302,16527.448250014302,-19.96158346199921,-0.18386075949367087,40
Semantic_minus_Neologism,Semantic,Neologism,negative,1,1,200,10053.219715786438,2496042.05474025,16527.448250014302,19.0,1.9,0.4,19,8,4,-10363.234982595635,10363.234982595635,-10.716136186056461,-0.12056962025316456,40
Semantic_minus_Neologism,Semantic,Neologism,negative,1,1,200,10053.219715786438,2496042.05474025,16527.448250014302,19.0,2.0,0.3,19,9,3,-15735.814702672438,15735.814702672438,-17.93136998989966,-0.16344936708860758,40
Semantic_minus_Neologism,Semantic,Neologism,negative,1,1,200,10053.219715786438,2496042.05474025,16527.448250014302,20.0,1.2,1.0,20,1,10,-10174.610926545727,10174.610926545727,-11.29409326295068,-0.15738396624472575,30
Semantic_minus_Neologism,Semantic,Neologism,negative,1,1,200,10053.219715786438,2496042.05474025,16527.448250014302,20.0,1.3,0.8,20,2,8,-12272.4805364212,12272.4805364212,-11.949709490725768,-0.13860759493670888,40
Semantic_minus_Neologism,Semantic,Neologism,negative,1,1,200,10053.219715786438,2496042.05474025,16527.448250014302,20.0,1.3,0.9,20,2,9,-12816.556224326927,12816.556224326927,-13.581402072679262,-0.1944620253164557,40
Semantic_minus_Neologism,Semantic,Neologism,negative,1,1,200,10053.219715786438,2496042.05474025,16527.448250014302,20.0,1.4,0.7,20,3,7,-14814.922340457477,14814.922340457477,-16.16390483614293,-0.1919303797468354,40
Semantic_minus_Neologism,Semantic,Neologism,negative,1,1,200,10053.219715786438,2496042.05474025,16527.448250014302,20.0,1.4,0.8,20,3,8,-10810.644264349525,10810.644264349525,-10.99892380942704,-0.155379746835443,40
Semantic_minus_Neologism,Semantic,Neologism,negative,1,1,200,10053.219715786438,2496042.05474025,16527.448250014302,20.0,1.4,0.9,20,3,9,-10298.423063626933,10298.423063626933,-10.674830937429965,-0.15474683544303797,40
Semantic_minus_Neologism,Semantic,Neologism,negative,1,1,200,10053.219715786438,2496042.05474025,16527.448250014302,20.0,1.5,0.6,20,4,6,-14551.871097265888,14551.871097265888,-15.093823149960002,-0.19636075949367085,40
Semantic_minus_Neologism,Semantic,Neologism,negative,1,1,200,10053.219715786438,2496042.05474025,16527.448250014302,20.0,1.5,0.7,20,4,7,-14449.35541156904,14449.35541156904,-14.638141838831425,-0.19129746835443034,40
Semantic_minus_Neologism,Semantic,Neologism,negative,1,1,200,10053.219715786438,2496042.05474025,16527.448250014302,20.0,1.5,0.9,20,4,9,-10152.545321979733,10152.545321979733,-10.581940580121218,-0.10205696202531651,40
Semantic_minus_Neologism,Semantic,Neologism,negative,1,1,200,10053.219715786438,2496042.05474025,16527.448250014302,20.0,1.6,0.5,20,5,5,-15356.011560993538,15356.011560993538,-17.699097844696183,-0.19699367088607597,40
Semantic_minus_Neologism,Semantic,Neologism,negative,1,1,200,10053.219715786438,2496042.05474025,16527.448250014302,20.0,1.6,0.6,20,5,6,-12712.375270858887,12712.375270858887,-12.271650487136744,-0.17705696202531643,40
Semantic_minus_Neologism,Semantic,Neologism,negative,1,1,200,10053.219715786438,2496042.05474025,16527.448250014302,20.0,1.6,0.7,20,5,7,-14367.473002074843,14367.473002074843,-14.445549320832136,-0.12246835443037976,40
Semantic_minus_Neologism,Semantic,Neologism,negative,1,1,200,10053.219715786438,2496042.05474025,16527.448250014302,20.0,1.7,0.4,20,6,4,-14726.524763664094,14726.524763664094,-16.137647097685903,-0.1710443037974683,40
Semantic_minus_Neologism,Semantic,Neologism,negative,1,1,200,10053.219715786438,2496042.05474025,16527.448250014302,20.0,1.7,0.5,20,6,5,-15305.839966382413,15305.839966382413,-17.538937260518974,-0.16962025316455695,40
Semantic_minus_Neologism,Semantic,Neologism,negative,1,1,200,10053.219715786438,2496042.05474025,16527.448250014302,20.0,1.7,0.6,20,6,6,-12414.042320653694,12414.042320653694,-12.051574769219803,-0.13528481012658233,40
Semantic_minus_Neologism,Semantic,Neologism,negative,1,1,200,10053.219715786438,2496042.05474025,16527.448250014302,20.0,1.8,0.4,20,7,4,-14583.707328987246,14583.707328987246,-15.817225991076178,-0.18322784810126586,40
Semantic_minus_Neologism,Semantic,Neologism,negative,1,1,200,10053.219715786438,2496042.05474025,16527.448250014302,20.0,1.8,0.5,20,7,5,-13440.962143715626,13440.962143715626,-13.197128093789406,-0.12294303797468357,40
Semantic_minus_Neologism,Semantic,Neologism,negative,1,1,200,10053.219715786438,2496042.05474025,16527.448250014302,20.0,1.9,0.3,20,8,3,-15456.759240744243,15456.759240744243,-17.302299288463935,-0.17927215189873416,40
Semantic_minus_Neologism,Semantic,Neologism,negative,1,1,200,10053.219715786438,2496042.05474025,16527.448250014302,20.0,1.9,0.4,20,8,4,-13496.235321279995,13496.235321279995,-13.271386003554834,-0.1406645569620253,40
Semantic_minus_Neologism,Semantic,Neologism,negative,1,1,200,10053.219715786438,2496042.05474025,16527.448250014302,20.0,2.0,0.3,20,9,3,-14880.593594423954,14880.593594423954,-16.153723757064768,-0.17832278481012662,40
Semantic_minus_Neologism,Semantic,Neologism,negative,1,1,200,10053.219715786438,2496042.05474025,16527.448250014302,20.0,2.0,0.4,20,9,4,-11864.010844519033,11864.010844519033,-11.676542250452046,-0.10743670886075947,40
Semantic_minus_Neologism,Semantic,Neologism,negative,1,1,200,10053.219715786438,2496042.05474025,16527.448250014302,21.0,1.3,0.9,21,2,9,-11054.796372094743,11054.796372094743,-11.153280356032143,-0.13639240506329114,40
Semantic_minus_Neologism,Semantic,Neologism,negative,1,1,200,10053.219715786438,2496042.05474025,16527.448250014302,21.0,1.3,1.0,21,2,10,-10981.185225405363,10981.185225405363,-11.106573633330115,-0.14338716717590574,29
Semantic_minus_Neologism,Semantic,Neologism,negative,1,1,200,10053.219715786438,2496042.05474025,16527.448250014302,21.0,1.4,0.7,21,3,7,-13552.519309995989,13552.519309995989,-13.092108272232268,-0.11281645569620255,40
Semantic_minus_Neologism,Semantic,Neologism,negative,1,1,200,10053.219715786438,2496042.05474025,16527.448250014302,21.0,1.4,0.8,21,3,8,-14988.232829226517,14988.232829226517,-16.23305041217323,-0.14683544303797463,40
Semantic_minus_Neologism,Semantic,Neologism,negative,1,1,200,10053.219715786438,2496042.05474025,16527.448250014302,21.0,1.4,0.9,21,3,9,-14958.970093686741,14958.970093686741,-16.121569701650472,-0.11946202531645571,40
Semantic_minus_Neologism,Semantic,Neologism,negative,1,1,200,10053.219715786438,2496042.05474025,16527.448250014302,21.0,1.5,0.6,21,4,6,-11088.523557252978,11088.523557252978,-11.175002685866176,-0.11424050632911391,40
Semantic_minus_Neologism,Semantic,Neologism,negative,1,1,200,10053.219715786438,2496042.05474025,16527.448250014302,21.0,1.5,0.7,21,4,7,-13941.813903488657,13941.813903488657,-13.55537734636431,-0.14240506329113925,40
Semantic_minus_Neologism,Semantic,Neologism,negative,1,1,200,10053.219715786438,2496042.05474025,16527.448250014302,21.0,1.5,0.8,21,4,8,-14282.240662336255,14282.240662336255,-14.302783731762508,-0.11598101265822783,40
Semantic_minus_Neologism,Semantic,Neologism,negative,1,1,200,10053.219715786438,2496042.05474025,16527.448250014302,21.0,1.6,0.5,21,5,5,-10949.995616503611,10949.995616503611,-11.0869309332679,-0.10047468354430378,40
Semantic_minus_Neologism,Semantic,Neologism,negative,1,1,200,10053.219715786438,2496042.05474025,16527.448250014302,21.0,1.6,0.6,21,5,6,-11595.170147425546,11595.170147425546,-11.502020634091085,-0.1129746835443038,40
Semantic_minus_Neologism,Semantic,Neologism,negative,1,1,200,10053.219715786438,2496042.05474025,16527.448250014302,21.0,1.6,0.7,21,5,7,-13440.199078744192,13440.199078744192,-12.97898613543253,-0.10712025316455698,40
Semantic_minus_Neologism,Semantic,Neologism,negative,1,1,200,10053.219715786438,2496042.05474025,16527.448250014302,21.0,1.7,0.5,21,6,5,-12502.488217376456,12502.488217376456,-12.116901391193586,-0.11075949367088608,40
Semantic_minus_Neologism,Semantic,Neologism,negative,1,1,200,10053.219715786438,2496042.05474025,16527.448250014302,21.0,1.7,0.6,21,6,6,-11402.96657405539,11402.96657405539,-11.377856921292272,-0.10189873417721522,40
Semantic_minus_Neologism,Semantic,Neologism,negative,1,1,200,10053.219715786438,2496042.05474025,16527.448250014302,21.0,1.8,0.4,21,7,4,-12976.162547244667,12976.162547244667,-12.600867455297383,-0.13734177215189874,40
Semantic_minus_Neologism,Semantic,Neologism,negative,1,1,200,10053.219715786438,2496042.05474025,16527.448250014302,21.0,1.8,0.5,21,7,5,-12047.793839314636,12047.793839314636,-11.796574361175944,-0.09699367088607595,40
Semantic_minus_Neologism,Semantic,Neologism,negative,1,1,200,10053.219715786438,2496042.05474025,16527.448250014302,21.0,1.9,0.4,21,8,4,-13732.32850594395,13732.32850594395,-13.908733740818501,-0.12199367088607596,40
Semantic_minus_Neologism,Semantic,Neologism,negative,1,1,200,10053.219715786438,2496042.05474025,16527.448250014302,21.0,2.0,0.3,21,9,3,-13965.397268334578,13965.397268334578,-14.184858258979943,-0.13275316455696204,40
Semantic_minus_Neologism,Semantic,Neologism,negative,1,1,200,10053.219715786438,2496042.05474025,16527.448250014302,21.0,2.0,0.4,21,9,4,-10617.20061756521,10617.20061756521,-10.87730447503555,-0.0908227848101266,40
Semantic_minus_Neologism,Semantic,Neologism,negative,1,1,200,10053.219715786438,2496042.05474025,16527.448250014302,22.0,1.3,0.9,22,2,9,-11081.657042435509,11081.657042435509,-11.17056714546777,-0.09224683544303797,40
Semantic_minus_Neologism,Semantic,Neologism,negative,1,1,200,10053.219715786438,2496042.05474025,16527.448250014302,22.0,1.4,0.8,22,3,8,-14636.920960317606,14636.920960317606,-15.199145123908552,-0.10838607594936711,40
Semantic_minus_Neologism,Semantic,Neologism,negative,1,1,200,10053.219715786438,2496042.05474025,16527.448250014302,22.0,1.4,0.9,22,3,9,-14377.983323203698,14377.983323203698,-14.532067794522392,-0.1299050632911392,40
Semantic_minus_Neologism,Semantic,Neologism,negative,1,1,200,10053.219715786438,2496042.05474025,16527.448250014302,22.0,1.4,1.0,22,3,10,-12980.053300212347,12980.053300212347,-12.530524392116602,-0.10912265386294193,29
Semantic_minus_Neologism,Semantic,Neologism,negative,1,1,200,10053.219715786438,2496042.05474025,16527.448250014302,22.0,1.5,0.6,22,4,6,-10639.102705771998,10639.102705771998,-10.891144233268502,-0.09509493670886075,40
Semantic_minus_Neologism,Semantic,Neologism,negative,1,1,200,10053.219715786438,2496042.05474025,16527.448250014302,22.0,1.5,0.7,22,4,7,-13803.056584598386,13803.056584598386,-13.358169888942305,-0.11867088607594937,40
Semantic_minus_Neologism,Semantic,Neologism,negative,1,1,200,10053.219715786438,2496042.05474025,16527.448250014302,22.0,1.5,0.8,22,4,8,-13310.16675408412,13310.16675408412,-12.853618469498205,-0.10712025316455695,40
Semantic_minus_Neologism,Semantic,Neologism,negative,1,1,200,10053.219715786438,2496042.05474025,16527.448250014302,22.0,1.5,0.9,22,4,9,-11187.230188031353,11187.230188031353,-11.238934629032297,-0.08813291139240503,40
Semantic_minus_Neologism,Semantic,Neologism,negative,1,1,200,10053.219715786438,2496042.05474025,16527.448250014302,22.0,1.6,0.5,22,5,5,-12766.196357436897,12766.196357436897,-12.320722065726477,-0.08180379746835444,40
Semantic_minus_Neologism,Semantic,Neologism,negative,1,1,200,10053.219715786438,2496042.05474025,16527.448250014302,22.0,1.6,0.6,22,5,6,-13611.529807698198,13611.529807698198,-13.152592046546054,-0.115506329113924,40
Semantic_minus_Neologism,Semantic,Neologism,negative,1,1,200,10053.219715786438,2496042.05474025,16527.448250014302,22.0,1.6,0.7,22,5,7,-13807.630340773756,13807.630340773756,-13.367219831751356,-0.10838607594936708,40
Semantic_minus_Neologism,Semantic,Neologism,negative,1,1,200,10053.219715786438,2496042.05474025,16527.448250014302,22.0,1.7,0.5,22,6,5,-13517.465606175405,13517.465606175405,-13.270025044598107,-0.12325949367088607,40
Semantic_minus_Neologism,Semantic,Neologism,negative,1,1,200,10053.219715786438,2496042.05474025,16527.448250014302,22.0,1.7,0.6,22,6,6,-11965.105718548377,11965.105718548377,-11.742314636749867,-0.08291139240506329,40
Semantic_minus_Neologism,Semantic,Neologism,negative,1,1,200,10053.219715786438,2496042.05474025,16527.448250014302,22.0,1.8,0.4,22,7,4,-10208.348177882206,10208.348177882206,-10.617508834076496,-0.10490506329113924,40
Semantic_minus_Neologism,Semantic,Neologism,negative,1,1,200,10053.219715786438,2496042.05474025,16527.448250014302,22.0,1.8,0.5,22,7,5,-12031.385439428426,12031.385439428426,-11.785765475296934,-0.10553797468354428,40
Semantic_minus_Neologism,Semantic,Neologism,negative,1,1,200,10053.219715786438,2496042.05474025,16527.448250014302,22.0,1.9,0.4,22,8,4,-14212.382638693827,14212.382638693827,-15.695441693439317,-0.11265822784810128,40
Semantic_minus_Neologism,Semantic,Neologism,negative,1,1,200,10053.219715786438,2496042.05474025,16527.448250014302,22.0,2.0,0.3,22,9,3,-14382.203215310574,14382.203215310574,-15.996869552464434,-0.14272151898734173,40
Semantic_minus_Neologism,Semantic,Neologism,negative,1,1,200,10053.219715786438,2496042.05474025,16527.448250014302,23.0,1.3,1.0,23,2,10,-12350.66857155361,12350.66857155361,-12.005545181783225,-0.11217808817110429,29
Semantic_minus_Neologism,Semantic,Neologism,negative,1,1,200,10053.219715786438,2496042.05474025,16527.448250014302,23.0,1.4,0.9,23,3,9,-14011.894605839874,14011.894605839874,-13.688553316944787,-0.13085443037974684,40
Semantic_minus_Neologism,Semantic,Neologism,negative,1,1,200,10053.219715786438,2496042.05474025,16527.448250014302,23.0,1.4,1.0,23,3,10,-12409.989577127364,12409.989577127364,-12.048600226670755,-0.12767350501964206,29
Semantic_minus_Neologism,Semantic,Neologism,negative,1,1,200,10053.219715786438,2496042.05474025,16527.448250014302,23.0,1.5,0.7,23,4,7,-13994.130366160723,13994.130366160723,-13.857442640913241,-0.11234177215189875,40
Semantic_minus_Neologism,Semantic,Neologism,negative,1,1,200,10053.219715786438,2496042.05474025,16527.448250014302,23.0,1.5,0.8,23,4,8,-13539.625370259511,13539.625370259511,-13.079013152019881,-0.12579113924050636,40
Semantic_minus_Neologism,Semantic,Neologism,negative,1,1,200,10053.219715786438,2496042.05474025,16527.448250014302,23.0,1.5,0.9,23,4,9,-11715.520088308807,11715.520088308807,-11.580142262157255,-0.08227848101265821,40
Semantic_minus_Neologism,Semantic,Neologism,negative,1,1,200,10053.219715786438,2496042.05474025,16527.448250014302,23.0,1.6,0.6,23,5,6,-14306.34960465808,14306.34960465808,-15.310802506460961,-0.11740506329113924,40
Semantic_minus_Neologism,Semantic,Neologism,negative,1,1,200,10053.219715786438,2496042.05474025,16527.448250014302,23.0,1.6,0.7,23,5,7,-13990.651682169824,13990.651682169824,-13.83932720456879,-0.11867088607594933,40
Semantic_minus_Neologism,Semantic,Neologism,negative,1,1,200,10053.219715786438,2496042.05474025,16527.448250014302,23.0,1.7,0.5,23,6,5,-14924.615085131878,14924.615085131878,-18.18750506018174,-0.1139240506329114,40
Semantic_minus_Neologism,Semantic,Neologism,negative,1,1,200,10053.219715786438,2496042.05474025,16527.448250014302,23.0,1.7,0.6,23,6,6,-13426.331776173916,13426.331776173916,-12.965070094554953,-0.09193037974683546,40
Semantic_minus_Neologism,Semantic,Neologism,negative,1,1,200,10053.219715786438,2496042.05474025,16527.448250014302,23.0,1.8,0.4,23,7,4,-11928.50476440372,11928.50476440372,-11.718404269786449,-0.09857594936708856,40
Semantic_minus_Neologism,Semantic,Neologism,negative,1,1,200,10053.219715786438,2496042.05474025,16527.448250014302,23.0,1.8,0.5,23,7,5,-14069.973687139493,14069.973687139493,-15.182526554188378,-0.10395569620253164,40
Semantic_minus_Neologism,Semantic,Neologism,negative,1,1,200,10053.219715786438,2496042.05474025,16527.448250014302,23.0,1.9,0.4,23,8,4,-13996.307256886426,13996.307256886426,-14.774262166600982,-0.11708860759493671,40
Semantic_minus_Neologism,Semantic,Neologism,negative,1,1,200,10053.219715786438,2496042.05474025,16527.448250014302,23.0,2.0,0.3,23,9,3,-13873.086539306689,13873.086539306689,-13.995947972149423,-0.10664556962025311,40
Semantic_minus_Neologism,Semantic,Neologism,negative,1,1,200,10053.219715786438,2496042.05474025,16527.448250014302,23.0,2.0,0.4,23,9,4,-10320.28920119476,10320.28920119476,-10.68872594025593,-0.07531645569620256,40
Semantic_minus_Neologism,Semantic,Neologism,negative,1,1,200,10053.219715786438,2496042.05474025,16527.448250014302,24.0,1.3,1.0,24,2,10,-10351.223401130479,10351.223401130479,-10.708466682192265,-0.0814054997817547,29
Semantic_minus_Neologism,Semantic,Neologism,negative,1,1,200,10053.219715786438,2496042.05474025,16527.448250014302,24.0,1.4,0.8,24,3,8,-13738.044144264333,13738.044144264333,-13.284697159633302,-0.07958860759493672,40
Semantic_minus_Neologism,Semantic,Neologism,negative,1,1,200,10053.219715786438,2496042.05474025,16527.448250014302,24.0,1.4,0.9,24,3,9,-14197.625510082431,14197.625510082431,-14.353405695644714,-0.1028481012658228,40
Semantic_minus_Neologism,Semantic,Neologism,negative,1,1,200,10053.219715786438,2496042.05474025,16527.448250014302,24.0,1.4,1.0,24,3,10,-14403.1798457517,14403.1798457517,-15.279033330747255,-0.13247490178961155,29
Semantic_minus_Neologism,Semantic,Neologism,negative,1,1,200,10053.219715786438,2496042.05474025,16527.448250014302,24.0,1.5,0.7,24,4,7,-13752.144745082162,13752.144745082162,-13.299762219070523,-0.09509493670886073,40
Semantic_minus_Neologism,Semantic,Neologism,negative,1,1,200,10053.219715786438,2496042.05474025,16527.448250014302,24.0,1.5,0.8,24,4,8,-13847.259085518537,13847.259085518537,-13.788153777739238,-0.11724683544303796,40
Semantic_minus_Neologism,Semantic,Neologism,negative,1,1,200,10053.219715786438,2496042.05474025,16527.448250014302,24.0,1.5,0.9,24,4,9,-10802.858568511849,10802.858568511849,-10.993987838588936,-0.07120253164556964,40
Semantic_minus_Neologism,Semantic,Neologism,negative,1,1,200,10053.219715786438,2496042.05474025,16527.448250014302,24.0,1.6,0.6,24,5,6,-13839.491025719506,13839.491025719506,-13.434017727734657,-0.0938291139240506,40
Semantic_minus_Neologism,Semantic,Neologism,negative,1,1,200,10053.219715786438,2496042.05474025,16527.448250014302,24.0,1.6,0.7,24,5,7,-14394.83533383219,14394.83533383219,-15.677425252770831,-0.11424050632911394,40
Semantic_minus_Neologism,Semantic,Neologism,negative,1,1,200,10053.219715786438,2496042.05474025,16527.448250014302,24.0,1.7,0.5,24,6,5,-12102.010542827094,12102.010542827094,-11.83223853494929,-0.0990506329113924,40
Semantic_minus_Neologism,Semantic,Neologism,negative,1,1,200,10053.219715786438,2496042.05474025,16527.448250014302,24.0,1.7,0.6,24,6,6,-14954.71891315545,14954.71891315545,-17.881406008786445,-0.10759493670886078,40
Semantic_minus_Neologism,Semantic,Neologism,negative,1,1,200,10053.219715786438,2496042.05474025,16527.448250014302,24.0,1.8,0.5,24,7,5,-11048.718487288195,11048.718487288195,-11.149380959506479,-0.10411392405063291,40
Semantic_minus_Neologism,Semantic,Neologism,negative,1,1,200,10053.219715786438,2496042.05474025,16527.448250014302,24.0,1.9,0.4,24,8,4,-13790.250035086932,13790.250035086932,-14.07861235643637,-0.09477848101265823,40
Semantic_minus_Neologism,Semantic,Neologism,negative,1,1,200,10053.219715786438,2496042.05474025,16527.448250014302,24.0,2.0,0.3,24,9,3,-11643.255017798268,11643.255017798268,-11.533152501017785,-0.08338607594936712,40
Semantic_minus_Neologism,Semantic,Neologism,negative,1,1,200,10053.219715786438,2496042.05474025,16527.448250014302,25.0,1.4,0.8,25,3,8,-10991.589084512958,10991.589084512958,-11.113159392650868,-0.06677215189873417,40
Semantic_minus_Neologism,Semantic,Neologism,negative,1,1,200,10053.219715786438,2496042.05474025,16527.448250014302,25.0,1.4,0.9,25,3,9,-12736.503285100183,12736.503285100183,-12.29337661480498,-0.08338607594936709,40
Semantic_minus_Neologism,Semantic,Neologism,negative,1,1,200,10053.219715786438,2496042.05474025,16527.448250014302,25.0,1.5,0.7,25,4,7,-14617.287061531331,14617.287061531331,-16.974426280171695,-0.09873417721518984,40
Semantic_minus_Neologism,Semantic,Neologism,negative,1,1,200,10053.219715786438,2496042.05474025,16527.448250014302,25.0,1.5,0.8,25,4,8,-13764.625309063009,13764.625309063009,-13.340311414391522,-0.09098101265822786,40
Semantic_minus_Neologism,Semantic,Neologism,negative,1,1,200,10053.219715786438,2496042.05474025,16527.448250014302,25.0,1.5,0.9,25,4,9,-12464.298599012818,12464.298599012818,-12.08865271320936,-0.04636075949367088,40
Semantic_minus_Neologism,Semantic,Neologism,negative,1,1,200,10053.219715786438,2496042.05474025,16527.448250014302,25.0,1.6,0.6,25,5,6,-14244.843016382114,14244.843016382114,-15.370374294437847,-0.09556962025316454,40
Semantic_minus_Neologism,Semantic,Neologism,negative,1,1,200,10053.219715786438,2496042.05474025,16527.448250014302,25.0,1.6,0.7,25,5,7,-13611.901378914148,13611.901378914148,-13.15297780285926,-0.08037974683544305,40
Semantic_minus_Neologism,Semantic,Neologism,negative,1,1,200,10053.219715786438,2496042.05474025,16527.448250014302,25.0,1.7,0.5,25,6,5,-12178.225951097113,12178.225951097113,-12.352342627406511,-0.08686708860759491,40
Semantic_minus_Neologism,Semantic,Neologism,negative,1,1,200,10053.219715786438,2496042.05474025,16527.448250014302,25.0,1.8,0.4,25,7,4,-10409.145652355628,10409.145652355628,-10.745369969000615,-0.08085443037974682,40
Semantic_minus_Neologism,Semantic,Neologism,negative,1,1,200,10053.219715786438,2496042.05474025,16527.448250014302,25.0,1.8,0.5,25,7,5,-10139.976935858038,10139.976935858038,-10.573923414754232,-0.08037974683544304,40
Semantic_minus_Neologism,Semantic,Neologism,negative,1,1,200,10053.219715786438,2496042.05474025,16527.448250014302,25.0,1.9,0.4,25,8,4,-10782.354492950451,10782.354492950451,-10.981100073468477,-0.09177215189873417,40
Semantic_minus_Neologism,Semantic,Neologism,negative,1,1,200,10053.219715786438,2496042.05474025,16527.448250014302,25.0,2.0,0.3,25,9,3,-11943.439256027401,11943.439256027401,-13.448775602908672,-0.07594936708860761,40
Semantic_minus_Neologism,Semantic,Neologism,negative,1,1,200,10053.219715786438,2496042.05474025,16527.448250014302,26.0,1.3,1.0,26,2,10,-10535.649835142742,10535.649835142742,-12.30142520339572,-0.043212570929725004,29
Semantic_minus_Neologism,Semantic,Neologism,negative,1,1,200,10053.219715786438,2496042.05474025,16527.448250014302,26.0,1.4,0.9,26,3,9,-13119.392300774784,13119.392300774784,-14.42668939597024,-0.05617088607594937,40
Semantic_minus_Neologism,Semantic,Neologism,negative,1,1,200,10053.219715786438,2496042.05474025,16527.448250014302,26.0,1.4,1.0,26,3,10,-10321.926616147488,10321.926616147488,-10.689768236735837,-0.053470100392841544,29
Semantic_minus_Neologism,Semantic,Neologism,negative,1,1,200,10053.219715786438,2496042.05474025,16527.448250014302,26.0,1.5,0.8,26,4,8,-11046.026889980167,11046.026889980167,-11.147663840940043,-0.06218354430379745,40
Semantic_minus_Neologism,Semantic,Neologism,negative,1,1,200,10053.219715786438,2496042.05474025,16527.448250014302,26.0,1.7,0.5,26,6,5,-11429.11819965877,11429.11819965877,-11.394641718388081,-0.05348101265822784,40
Semantic_minus_Neologism,Semantic,Neologism,negative,1,1,200,10053.219715786438,2496042.05474025,16527.448250014302,26.0,1.9,0.4,26,8,4,-10883.895903072198,10883.895903072198,-11.764480145749754,-0.0629746835443038,40
Semantic_minus_Neologism,Semantic,Neologism,negative,1,1,200,10053.219715786438,2496042.05474025,16527.448250014302,27.0,1.4,0.8,27,3,8,-11176.207921507972,11176.207921507972,-12.09951495428193,-0.04556962025316455,40
Semantic_minus_Neologism,Semantic,Neologism,negative,1,1,200,10053.219715786438,2496042.05474025,16527.448250014302,27.0,1.4,0.9,27,3,9,-11047.421539928062,11047.421539928062,-11.148550932360694,-0.049841772151898736,40
Semantic_minus_Neologism,Semantic,Neologism,negative,1,1,200,10053.219715786438,2496042.05474025,16527.448250014302,27.0,1.6,0.6,27,5,6,-12003.034376944423,12003.034376944423,-14.62624677311707,-0.056170886075949354,40
Semantic_minus_Neologism,Semantic,Neologism,negative,1,1,200,10053.219715786438,2496042.05474025,16527.448250014302,27.0,1.7,0.5,27,6,5,-11643.159334262851,11643.159334262851,-12.710334081488911,-0.05965189873417722,40
Semantic_minus_Neologism,Semantic,Neologism,negative,1,1,200,10053.219715786438,2496042.05474025,16527.448250014302,27.0,1.7,0.6,27,6,6,-11481.881533271677,11481.881533271677,-11.624242204707924,-0.03702531645569619,40
Semantic_minus_Neologism,Semantic,Neologism,negative,1,1,200,10053.219715786438,2496042.05474025,16527.448250014302,28.0,1.4,0.9,28,3,9,-10988.532228577116,10988.532228577116,-11.111220548743086,-0.04129746835443039,40
Semantic_minus_Neologism,Semantic,Neologism,negative,1,1,200,10053.219715786438,2496042.05474025,16527.448250014302,28.0,1.6,0.6,28,5,6,-10819.995190213924,10819.995190213924,-11.004863201088746,-0.04477848101265823,40
Semantic_minus_Neologism,Semantic,Neologism,negative,2,2,10,10053.219715786438,103284.87575814092,10677.719161399458,32.0,2.0,0.3,32,9,3,-10638.046190144572,10638.046190144572,-13.715022587473767,-0.051107594936708856,40
Semantic_minus_Neologism,Semantic,Neologism,negative,2,2,10,10053.219715786438,103284.87575814092,10677.719161399458,33.0,1.8,0.4,33,7,4,-10240.435807281949,10240.435807281949,-12.1620289078968,-0.0495253164556962,40
Semantic_minus_Neologism,Semantic,Neologism,negative,2,2,10,10053.219715786438,103284.87575814092,10677.719161399458,33.0,1.8,0.5,33,7,5,-10506.938793336081,10506.938793336081,-13.744182444301991,-0.03844936708860759,40
Semantic_minus_Neologism,Semantic,Neologism,negative,2,2,10,10053.219715786438,103284.87575814092,10677.719161399458,33.0,1.9,0.4,33,8,4,-10180.108233671064,10180.108233671064,-11.867009035791316,-0.05553797468354432,40
Semantic_minus_Neologism,Semantic,Neologism,negative,2,2,10,10053.219715786438,103284.87575814092,10677.719161399458,33.0,2.0,0.3,33,9,3,-10677.719161399458,10677.719161399458,-13.922227369005853,-0.05933544303797465,40
Semantic_minus_Neologism,Semantic,Neologism,negative,2,2,10,10053.219715786438,103284.87575814092,10677.719161399458,34.0,1.8,0.5,34,7,5,-10053.219715786438,10053.219715786438,-11.540063756098508,-0.04604430379746836,40
Semantic_minus_Neologism,Semantic,Neologism,negative,2,2,10,10053.219715786438,103284.87575814092,10677.719161399458,34.0,1.9,0.4,34,8,4,-10400.42447690936,10400.42447690936,-13.112870334943933,-0.05221518987341772,40
Semantic_minus_Neologism,Semantic,Neologism,negative,2,2,10,10053.219715786438,103284.87575814092,10677.719161399458,34.0,2.0,0.3,34,9,3,-10289.540741212557,10289.540741212557,-12.259389949105174,-0.04731012658227849,40
Semantic_minus_Neologism,Semantic,Neologism,negative,2,2,10,10053.219715786438,103284.87575814092,10677.719161399458,34.0,2.0,0.4,34,9,4,-10225.866470321427,10225.866470321427,-12.010285037357859,-0.030537974683544307,40
Semantic_minus_Neologism,Semantic,Neologism,negative,2,2,10,10053.219715786438,103284.87575814092,10677.719161399458,35.0,1.8,0.5,35,7,5,-10072.576168077994,10072.576168077994,-11.68335125948439,-0.049525316455696196,40
Semantic_minus_Neologism,Semantic,Neologism,negative,3,3,3,10053.219715786438,31565.1613335038,10926.247301672054,36.0,1.7,0.7,36,6,7,-10497.77189351793,10497.77189351793,-13.63933132103688,-0.029272151898734194,40
Semantic_minus_Neologism,Semantic,Neologism,negative,3,3,3,10053.219715786438,31565.1613335038,10926.247301672054,37.0,1.7,0.7,37,6,7,-10926.247301672054,10926.247301672054,-15.622256813623308,-0.04414556962025316,40
Semantic_minus_Neologism,Semantic,Neologism,negative,3,3,3,10053.219715786438,31565.1613335038,10926.247301672054,38.0,1.7,0.7,38,6,7,-10141.142138313817,10141.142138313817,-12.125650345839466,-0.05553797468354432,40
Semantic_minus_Neologism,Semantic,Neologism,positive,1,1,134,22402.62805173757,3702666.4236555956,34316.8335838638,22.0,1.1,0.9,22,0,9,29036.78438956343,29036.78438956343,17.309808273168038,0.0375,40
Semantic_minus_Neologism,Semantic,Neologism,positive,1,1,134,22402.62805173757,3702666.4236555956,34316.8335838638,22.0,1.5,0.4,22,4,4,24292.818598065714,24292.818598065714,15.202955966846385,0.03512658227848101,40
Semantic_minus_Neologism,Semantic,Neologism,positive,1,1,134,22402.62805173757,3702666.4236555956,34316.8335838638,23.0,1.1,0.8,23,0,8,30099.709960597484,30099.709960597484,18.56414422968083,0.032911392405063286,40
Semantic_minus_Neologism,Semantic,Neologism,positive,1,1,134,22402.62805173757,3702666.4236555956,34316.8335838638,23.0,1.1,0.9,23,0,9,29937.79711105373,29937.79711105373,18.087898435844796,0.03670886075949367,40
Semantic_minus_Neologism,Semantic,Neologism,positive,1,1,134,22402.62805173757,3702666.4236555956,34316.8335838638,23.0,1.2,0.6,23,1,6,24772.52381578014,24772.52381578014,15.399499287744815,0.025632911392405068,40
Semantic_minus_Neologism,Semantic,Neologism,positive,1,1,134,22402.62805173757,3702666.4236555956,34316.8335838638,23.0,1.2,0.7,23,1,7,28292.678318973034,28292.678318973034,16.93843347816086,0.03496835443037975,40
Semantic_minus_Neologism,Semantic,Neologism,positive,1,1,134,22402.62805173757,3702666.4236555956,34316.8335838638,23.0,1.3,0.5,23,2,5,26662.370697359296,26662.370697359296,17.166146924888825,0.03275316455696202,40
Semantic_minus_Neologism,Semantic,Neologism,positive,1,1,134,22402.62805173757,3702666.4236555956,34316.8335838638,23.0,1.3,0.6,23,2,6,26355.347427681714,26355.347427681714,16.056872074807853,0.04066455696202531,40
Semantic_minus_Neologism,Semantic,Neologism,positive,1,1,134,22402.62805173757,3702666.4236555956,34316.8335838638,23.0,1.4,0.4,23,3,4,26987.202119527934,26987.202119527934,16.326030074118385,0.028164556962025317,40
Semantic_minus_Neologism,Semantic,Neologism,positive,1,1,134,22402.62805173757,3702666.4236555956,34316.8335838638,23.0,1.5,0.4,23,4,4,28611.6186953239,28611.6186953239,20.94310634755356,0.03781645569620253,40
Semantic_minus_Neologism,Semantic,Neologism,positive,1,1,134,22402.62805173757,3702666.4236555956,34316.8335838638,24.0,1.1,0.6,24,0,6,22781.593479478248,22781.593479478248,14.581251771566334,0.016455696202531643,40
Semantic_minus_Neologism,Semantic,Neologism,positive,1,1,134,22402.62805173757,3702666.4236555956,34316.8335838638,24.0,1.1,0.7,24,0,7,30844.272899544696,30844.272899544696,19.57142857142858,0.02167721518987342,40
Semantic_minus_Neologism,Semantic,Neologism,positive,1,1,134,22402.62805173757,3702666.4236555956,34316.8335838638,24.0,1.1,0.8,24,0,8,24692.036678757813,24692.036678757813,15.366335700859088,0.03386075949367089,40
Semantic_minus_Neologism,Semantic,Neologism,positive,1,1,134,22402.62805173757,3702666.4236555956,34316.8335838638,24.0,1.1,0.9,24,0,9,30439.40150481133,30439.40150481133,19.49676932459132,0.03813291139240506,40
Semantic_minus_Neologism,Semantic,Neologism,positive,1,1,134,22402.62805173757,3702666.4236555956,34316.8335838638,24.0,1.2,0.6,24,1,6,22525.048977534465,22525.048977534465,14.475156245569663,0.026424050632911388,40
Semantic_minus_Neologism,Semantic,Neologism,positive,1,1,134,22402.62805173757,3702666.4236555956,34316.8335838638,24.0,1.2,0.7,24,1,7,30964.648496781312,30964.648496781312,19.726105575921775,0.03718354430379747,40
Semantic_minus_Neologism,Semantic,Neologism,positive,1,1,134,22402.62805173757,3702666.4236555956,34316.8335838638,24.0,1.2,0.8,24,1,8,27034.114894195936,27034.114894195936,16.346303231247802,0.03670886075949368,40
Semantic_minus_Neologism,Semantic,Neologism,positive,1,1,134,22402.62805173757,3702666.4236555956,34316.8335838638,24.0,1.3,0.6,24,2,6,29694.491772338715,29694.491772338715,18.13651823330925,0.03765822784810126,40
Semantic_minus_Neologism,Semantic,Neologism,positive,1,1,134,22402.62805173757,3702666.4236555956,34316.8335838638,24.0,1.4,0.4,24,3,4,30905.14666607077,30905.14666607077,21.6773542354574,0.0286392405063291,40
Semantic_minus_Neologism,Semantic,Neologism,positive,1,1,134,22402.62805173757,3702666.4236555956,34316.8335838638,24.0,1.6,0.3,24,5,3,23182.802560640233,23182.802560640233,14.747062120085364,0.02958860759493671,40
Semantic_minus_Neologism,Semantic,Neologism,positive,1,1,134,22402.62805173757,3702666.4236555956,34316.8335838638,25.0,1.1,0.5,25,0,5,25281.122517851876,25281.122517851876,15.60905643024724,0.012500000000000002,40
Semantic_minus_Neologism,Semantic,Neologism,positive,1,1,134,22402.62805173757,3702666.4236555956,34316.8335838638,25.0,1.1,0.6,25,0,6,28026.126698122785,28026.126698122785,16.809517797348832,0.01613924050632911,40
Semantic_minus_Neologism,Semantic,Neologism,positive,1,1,134,22402.62805173757,3702666.4236555956,34316.8335838638,25.0,1.1,0.7,25,0,7,29463.979110585904,29463.979110585904,17.846568297574745,0.022151898734177212,40
Semantic_minus_Neologism,Semantic,Neologism,positive,1,1,134,22402.62805173757,3702666.4236555956,34316.8335838638,25.0,1.1,0.8,25,0,8,27090.583946425995,27090.583946425995,16.37105361594063,0.031803797468354426,40
Semantic_minus_Neologism,Semantic,Neologism,positive,1,1,134,22402.62805173757,3702666.4236555956,34316.8335838638,25.0,1.1,0.9,25,0,9,29788.32841945207,29788.32841945207,17.82096246619089,0.03449367088607593,40
Semantic_minus_Neologism,Semantic,Neologism,positive,1,1,134,22402.62805173757,3702666.4236555956,34316.8335838638,25.0,1.1,1.0,25,0,10,25840.991398862778,25840.991398862778,15.841306197894953,0.04345991561181436,30
Semantic_minus_Neologism,Semantic,Neologism,positive,1,1,134,22402.62805173757,3702666.4236555956,34316.8335838638,25.0,1.2,0.6,25,1,6,31375.52611472647,31375.52611472647,20.314051613378755,0.025791139240506335,40
Semantic_minus_Neologism,Semantic,Neologism,positive,1,1,134,22402.62805173757,3702666.4236555956,34316.8335838638,25.0,1.2,0.7,25,1,7,31859.537291729666,31859.537291729666,21.4099500411789,0.03528481012658228,40
Semantic_minus_Neologism,Semantic,Neologism,positive,1,1,134,22402.62805173757,3702666.4236555956,34316.8335838638,25.0,1.2,0.8,25,1,8,22922.729228221928,22922.729228221928,14.63967048217191,0.03702531645569619,40
Semantic_minus_Neologism,Semantic,Neologism,positive,1,1,134,22402.62805173757,3702666.4236555956,34316.8335838638,25.0,1.3,0.4,25,2,4,25614.84075763592,25614.84075763592,15.74695944931081,0.01803797468354431,40
Semantic_minus_Neologism,Semantic,Neologism,positive,1,1,134,22402.62805173757,3702666.4236555956,34316.8335838638,25.0,1.3,0.5,25,2,5,26186.411779187812,26186.411779187812,15.985655622399399,0.028955696202531644,40
Semantic_minus_Neologism,Semantic,Neologism,positive,1,1,134,22402.62805173757,3702666.4236555956,34316.8335838638,25.0,1.3,0.6,25,2,6,32848.868761276,32848.868761276,23.33936726710742,0.03939873417721518,40
Semantic_minus_Neologism,Semantic,Neologism,positive,1,1,134,22402.62805173757,3702666.4236555956,34316.8335838638,25.0,1.4,0.4,25,3,4,29312.24306091877,29312.24306091877,17.598462499688456,0.02848101265822784,40
Semantic_minus_Neologism,Semantic,Neologism,positive,1,1,134,22402.62805173757,3702666.4236555956,34316.8335838638,25.0,1.4,0.5,25,3,5,22895.94843577762,22895.94843577762,14.628582335548021,0.03591772151898733,40
Semantic_minus_Neologism,Semantic,Neologism,positive,1,1,134,22402.62805173757,3702666.4236555956,34316.8335838638,25.0,1.5,0.4,25,4,4,30334.303156736845,30334.303156736845,18.66500871512174,0.038291139240506325,40
Semantic_minus_Neologism,Semantic,Neologism,positive,1,1,134,22402.62805173757,3702666.4236555956,34316.8335838638,25.0,1.6,0.3,25,5,3,29394.841453216603,29394.841453216603,19.892868888980292,0.03053797468354431,40
Semantic_minus_Neologism,Semantic,Neologism,positive,1,1,134,22402.62805173757,3702666.4236555956,34316.8335838638,25.0,1.7,0.3,25,6,3,28938.59693629467,28938.59693629467,18.673708276527854,0.0370253164556962,40
Semantic_minus_Neologism,Semantic,Neologism,positive,1,1,134,22402.62805173757,3702666.4236555956,34316.8335838638,26.0,1.1,0.5,26,0,5,22614.688840772425,22614.688840772425,14.512063946937381,0.01424050632911392,40
Semantic_minus_Neologism,Semantic,Neologism,positive,1,1,134,22402.62805173757,3702666.4236555956,34316.8335838638,26.0,1.1,0.8,26,0,8,23694.90449112226,23694.90449112226,14.957921795416794,0.030221518987341774,40
Semantic_minus_Neologism,Semantic,Neologism,positive,1,1,134,22402.62805173757,3702666.4236555956,34316.8335838638,26.0,1.1,0.9,26,0,9,32941.78078667634,32941.78078667634,21.726354566715067,0.0370253164556962,40
Semantic_minus_Neologism,Semantic,Neologism,positive,1,1,134,22402.62805173757,3702666.4236555956,34316.8335838638,26.0,1.2,0.5,26,1,5,24421.743957608076,24421.743957608076,16.431676725154986,0.0189873417721519,40
Semantic_minus_Neologism,Semantic,Neologism,positive,1,1,134,22402.62805173757,3702666.4236555956,34316.8335838638,26.0,1.2,0.6,26,1,6,24094.816855519264,24094.816855519264,15.121757844963522,0.025632911392405068,40
Semantic_minus_Neologism,Semantic,Neologism,positive,1,1,134,22402.62805173757,3702666.4236555956,34316.8335838638,26.0,1.2,0.7,26,1,7,27158.34832351438,27158.34832351438,16.40097211782693,0.0319620253164557,40
Semantic_minus_Neologism,Semantic,Neologism,positive,1,1,134,22402.62805173757,3702666.4236555956,34316.8335838638,26.0,1.2,0.8,26,1,8,29491.35244085809,29491.35244085809,18.09630322679719,0.03639240506329114,40
Semantic_minus_Neologism,Semantic,Neologism,positive,1,1,134,22402.62805173757,3702666.4236555956,34316.8335838638,26.0,1.3,0.4,26,2,4,23131.51497054105,23131.51497054105,14.725863771941764,0.017721518987341763,40
Semantic_minus_Neologism,Semantic,Neologism,positive,1,1,134,22402.62805173757,3702666.4236555956,34316.8335838638,26.0,1.3,0.6,26,2,6,29009.892094410323,29009.892094410323,17.292535523776596,0.035443037974683525,40
Semantic_minus_Neologism,Semantic,Neologism,positive,1,1,134,22402.62805173757,3702666.4236555956,34316.8335838638,26.0,1.4,0.3,26,3,3,24951.628532334053,24951.628532334053,16.911534525287767,0.013924050632911392,40
Semantic_minus_Neologism,Semantic,Neologism,positive,1,1,134,22402.62805173757,3702666.4236555956,34316.8335838638,26.0,1.4,0.5,26,3,5,25142.169158454777,25142.169158454777,15.551795786982922,0.039715189873417725,40
Semantic_minus_Neologism,Semantic,Neologism,positive,1,1,134,22402.62805173757,3702666.4236555956,34316.8335838638,26.0,1.5,0.3,26,4,3,24532.344871305926,24532.344871305926,15.300840728632112,0.01882911392405063,40
Semantic_minus_Neologism,Semantic,Neologism,positive,1,1,134,22402.62805173757,3702666.4236555956,34316.8335838638,26.0,1.5,0.4,26,4,4,30979.35998468141,30979.35998468141,20.34915809791938,0.03607594936708861,40
Semantic_minus_Neologism,Semantic,Neologism,positive,1,1,134,22402.62805173757,3702666.4236555956,34316.8335838638,26.0,1.6,0.3,26,5,3,28527.06468238253,28527.06468238253,17.80642421393999,0.02753164556962025,40
Semantic_minus_Neologism,Semantic,Neologism,positive,1,1,134,22402.62805173757,3702666.4236555956,34316.8335838638,26.0,1.7,0.3,26,6,3,25785.78564808687,25785.78564808687,15.818245011438666,0.03528481012658227,40
Semantic_minus_Neologism,Semantic,Neologism,positive,1,1,134,22402.62805173757,3702666.4236555956,34316.8335838638,26.0,1.8,0.2,26,7,2,27117.681028195402,27117.681028195402,17.710997313458115,0.025949367088607594,40
Semantic_minus_Neologism,Semantic,Neologism,positive,1,1,134,22402.62805173757,3702666.4236555956,34316.8335838638,26.0,1.9,0.2,26,8,2,25600.655479642483,25600.655479642483,15.741059062192539,0.031803797468354426,40
Semantic_minus_Neologism,Semantic,Neologism,positive,1,1,134,22402.62805173757,3702666.4236555956,34316.8335838638,27.0,1.1,0.6,27,0,6,27479.567710238476,27479.567710238476,16.545850680440193,0.016930379746835436,40
Semantic_minus_Neologism,Semantic,Neologism,positive,1,1,134,22402.62805173757,3702666.4236555956,34316.8335838638,27.0,1.1,0.7,27,0,7,28067.838347823865,28067.838347823865,16.82955859650488,0.02025316455696202,40
Semantic_minus_Neologism,Semantic,Neologism,positive,1,1,134,22402.62805173757,3702666.4236555956,34316.8335838638,27.0,1.1,0.8,27,0,8,29181.76182905573,29181.76182905573,17.403679308324456,0.026424050632911388,40
Semantic_minus_Neologism,Semantic,Neologism,positive,1,1,134,22402.62805173757,3702666.4236555956,34316.8335838638,27.0,1.1,0.9,27,0,9,32682.495055930434,32682.495055930434,21.166801667303602,0.031012658227848107,40
Semantic_minus_Neologism,Semantic,Neologism,positive,1,1,134,22402.62805173757,3702666.4236555956,34316.8335838638,27.0,1.2,0.4,27,1,4,27060.78418076123,27060.78418076123,16.393119745795794,0.013291139240506327,40
Semantic_minus_Neologism,Semantic,Neologism,positive,1,1,134,22402.62805173757,3702666.4236555956,34316.8335838638,27.0,1.2,0.6,27,1,6,25632.967933797656,25632.967933797656,15.754532618051384,0.0245253164556962,40
Semantic_minus_Neologism,Semantic,Neologism,positive,1,1,134,22402.62805173757,3702666.4236555956,34316.8335838638,27.0,1.2,0.7,27,1,7,28137.464929908598,28137.464929908598,16.863190978318332,0.030854430379746833,40
Semantic_minus_Neologism,Semantic,Neologism,positive,1,1,134,22402.62805173757,3702666.4236555956,34316.8335838638,27.0,1.2,0.8,27,1,8,30079.77754512984,30079.77754512984,19.728227488319035,0.037658227848101265,40
Semantic_minus_Neologism,Semantic,Neologism,positive,1,1,134,22402.62805173757,3702666.4236555956,34316.8335838638,27.0,1.3,0.4,27,2,4,27050.08092646739,27050.08092646739,16.353243452861932,0.015189873417721522,40
Semantic_minus_Neologism,Semantic,Neologism,positive,1,1,134,22402.62805173757,3702666.4236555956,34316.8335838638,27.0,1.3,0.5,27,2,5,23240.591004862734,23240.591004862734,14.770944188191427,0.02515822784810126,40
Semantic_minus_Neologism,Semantic,Neologism,positive,1,1,134,22402.62805173757,3702666.4236555956,34316.8335838638,27.0,1.3,0.6,27,2,6,29304.38929389481,29304.38929389481,17.487545550015522,0.03401898734177215,40
Semantic_minus_Neologism,Semantic,Neologism,positive,1,1,134,22402.62805173757,3702666.4236555956,34316.8335838638,27.0,1.4,0.4,27,3,4,30248.700237906825,30248.700237906825,18.499999999999993,0.023417721518987338,40
Semantic_minus_Neologism,Semantic,Neologism,positive,1,1,134,22402.62805173757,3702666.4236555956,34316.8335838638,27.0,1.4,0.5,27,3,5,30828.284746282723,30828.284746282723,20.050405341071848,0.03338607594936708,40
Semantic_minus_Neologism,Semantic,Neologism,positive,1,1,134,22402.62805173757,3702666.4236555956,34316.8335838638,27.0,1.5,0.4,27,4,4,30258.114260382285,30258.114260382285,18.509715334196475,0.03322784810126582,40
Semantic_minus_Neologism,Semantic,Neologism,positive,1,1,134,22402.62805173757,3702666.4236555956,34316.8335838638,27.0,1.6,0.2,27,5,2,28327.22400931903,28327.22400931903,17.50015332490727,0.01629746835443038,40
Semantic_minus_Neologism,Semantic,Neologism,positive,1,1,134,22402.62805173757,3702666.4236555956,34316.8335838638,27.0,1.6,0.3,27,5,3,28477.519666821583,28477.519666821583,17.71601374060042,0.02468354430379747,40
Semantic_minus_Neologism,Semantic,Neologism,positive,1,1,134,22402.62805173757,3702666.4236555956,34316.8335838638,27.0,1.6,0.4,27,5,4,27412.271404447227,27412.271404447227,16.513001918213575,0.031962025316455686,40
Semantic_minus_Neologism,Semantic,Neologism,positive,1,1,134,22402.62805173757,3702666.4236555956,34316.8335838638,27.0,1.7,0.2,27,6,2,27370.183810762734,27370.183810762734,16.494305812870603,0.018670886075949363,40
Semantic_minus_Neologism,Semantic,Neologism,positive,1,1,134,22402.62805173757,3702666.4236555956,34316.8335838638,27.0,1.7,0.3,27,6,3,29012.70266031012,29012.70266031012,19.269752929419337,0.03401898734177215,40
Semantic_minus_Neologism,Semantic,Neologism,positive,1,1,134,22402.62805173757,3702666.4236555956,34316.8335838638,27.0,1.8,0.2,27,7,2,26680.23369630685,26680.23369630685,16.194457088610182,0.02579113924050632,40
Semantic_minus_Neologism,Semantic,Neologism,positive,1,1,134,22402.62805173757,3702666.4236555956,34316.8335838638,27.0,1.9,0.2,27,8,2,27052.65747950094,27052.65747950094,17.13965339708384,0.03306962025316455,40
Semantic_minus_Neologism,Semantic,Neologism,positive,1,1,134,22402.62805173757,3702666.4236555956,34316.8335838638,27.0,2.0,0.1,27,9,1,22614.688840772447,22614.688840772447,14.51206394693739,0.014240506329113925,40
Semantic_minus_Neologism,Semantic,Neologism,positive,1,1,134,22402.62805173757,3702666.4236555956,34316.8335838638,27.0,2.0,0.2,27,9,2,23446.990668133007,23446.990668133007,14.855869275267079,0.03306962025316455,40
Semantic_minus_Neologism,Semantic,Neologism,positive,1,1,134,22402.62805173757,3702666.4236555956,34316.8335838638,28.0,1.1,0.6,28,0,6,23103.444333321375,23103.444333321375,14.714285714285714,0.016297468354430376,40
Semantic_minus_Neologism,Semantic,Neologism,positive,1,1,134,22402.62805173757,3702666.4236555956,34316.8335838638,28.0,1.1,0.7,28,0,7,30158.056655089713,30158.056655089713,18.11352961675472,0.021677215189873415,40
Semantic_minus_Neologism,Semantic,Neologism,positive,1,1,134,22402.62805173757,3702666.4236555956,34316.8335838638,28.0,1.1,0.8,28,0,8,26866.41211257073,26866.41211257073,16.274274578538712,0.025,40
Semantic_minus_Neologism,Semantic,Neologism,positive,1,1,134,22402.62805173757,3702666.4236555956,34316.8335838638,28.0,1.1,0.9,28,0,9,33576.60906732288,33576.60906732288,22.959602451042077,0.034493670886075946,40
Semantic_minus_Neologism,Semantic,Neologism,positive,1,1,134,22402.62805173757,3702666.4236555956,34316.8335838638,28.0,1.2,0.5,28,1,5,23442.417389487393,23442.417389487393,14.853985457711357,0.02025316455696202,40
Semantic_minus_Neologism,Semantic,Neologism,positive,1,1,134,22402.62805173757,3702666.4236555956,34316.8335838638,28.0,1.2,0.6,28,1,6,29937.84961280168,29937.84961280168,17.93411637412007,0.023417721518987335,40
Semantic_minus_Neologism,Semantic,Neologism,positive,1,1,134,22402.62805173757,3702666.4236555956,34316.8335838638,28.0,1.2,0.7,28,1,7,31242.257115425837,31242.257115425837,20.06988339624743,0.030696202531645574,40
Semantic_minus_Neologism,Semantic,Neologism,positive,1,1,134,22402.62805173757,3702666.4236555956,34316.8335838638,28.0,1.2,0.8,28,1,8,26046.90971549629,26046.90971549629,15.927101631234773,0.03322784810126582,40
Semantic_minus_Neologism,Semantic,Neologism,positive,1,1,134,22402.62805173757,3702666.4236555956,34316.8335838638,28.0,1.3,0.5,28,2,5,33078.4671980545,33078.4671980545,23.306527939706434,0.027848101265822784,40
Semantic_minus_Neologism,Semantic,Neologism,positive,1,1,134,22402.62805173757,3702666.4236555956,34316.8335838638,28.0,1.3,0.6,28,2,6,31277.08870782642,31277.08870782642,19.44426868707297,0.032436708860759486,40
Semantic_minus_Neologism,Semantic,Neologism,positive,1,1,134,22402.62805173757,3702666.4236555956,34316.8335838638,28.0,1.4,0.5,28,3,5,24600.958019739737,24600.958019739737,15.328966728280156,0.03639240506329115,40
Semantic_minus_Neologism,Semantic,Neologism,positive,1,1,134,22402.62805173757,3702666.4236555956,34316.8335838638,28.0,1.5,0.3,28,4,3,24365.0480752884,24365.0480752884,15.232502766733594,0.020094936708860762,40
Semantic_minus_Neologism,Semantic,Neologism,positive,1,1,134,22402.62805173757,3702666.4236555956,34316.8335838638,28.0,1.5,0.4,28,4,4,34316.8335838638,34316.8335838638,25.594545369004333,0.03275316455696201,40
Semantic_minus_Neologism,Semantic,Neologism,positive,1,1,134,22402.62805173757,3702666.4236555956,34316.8335838638,28.0,1.6,0.3,28,5,3,27867.314202390884,27867.314202390884,17.0,0.026898734177215184,40
Semantic_minus_Neologism,Semantic,Neologism,positive,1,1,134,22402.62805173757,3702666.4236555956,34316.8335838638,28.0,1.7,0.3,28,6,3,28285.700644121607,28285.700644121607,17.44472860345301,0.03512658227848101,40
Semantic_minus_Neologism,Semantic,Neologism,positive,1,1,134,22402.62805173757,3702666.4236555956,34316.8335838638,28.0,1.9,0.2,28,8,2,27340.554358050664,27340.554358050664,18.065576473569706,0.031962025316455686,40
Semantic_minus_Neologism,Semantic,Neologism,positive,1,1,134,22402.62805173757,3702666.4236555956,34316.8335838638,29.0,1.1,0.5,29,0,5,28395.36914710569,28395.36914710569,16.988641529526916,0.014398734177215189,40
Semantic_minus_Neologism,Semantic,Neologism,positive,1,1,134,22402.62805173757,3702666.4236555956,34316.8335838638,29.0,1.1,0.6,29,0,6,28334.956681810232,28334.956681810232,16.95902991483221,0.016613924050632906,40
Semantic_minus_Neologism,Semantic,Neologism,positive,1,1,134,22402.62805173757,3702666.4236555956,34316.8335838638,29.0,1.1,0.8,29,0,8,31191.776527431688,31191.776527431688,19.13154189926432,0.025791139240506328,40
Semantic_minus_Neologism,Semantic,Neologism,positive,1,1,134,22402.62805173757,3702666.4236555956,34316.8335838638,29.0,1.1,0.9,29,0,9,31510.32146874922,31510.32146874922,19.55457823839991,0.03148734177215189,40
Semantic_minus_Neologism,Semantic,Neologism,positive,1,1,134,22402.62805173757,3702666.4236555956,34316.8335838638,29.0,1.1,1.0,29,0,10,23774.00259130813,23774.00259130813,14.99046370150361,0.032278481012658226,30
Semantic_minus_Neologism,Semantic,Neologism,positive,1,1,134,22402.62805173757,3702666.4236555956,34316.8335838638,29.0,1.2,0.4,29,1,4,22614.688840772433,22614.688840772433,14.512063946937385,0.01424050632911392,40
Semantic_minus_Neologism,Semantic,Neologism,positive,1,1,134,22402.62805173757,3702666.4236555956,34316.8335838638,29.0,1.2,0.5,29,1,5,29565.15486601017,29565.15486601017,17.666666666666668,0.016772151898734176,40
Semantic_minus_Neologism,Semantic,Neologism,positive,1,1,134,22402.62805173757,3702666.4236555956,34316.8335838638,29.0,1.2,0.6,29,1,6,30939.373356114753,30939.373356114753,18.917707446655374,0.024208860759493668,40
Semantic_minus_Neologism,Semantic,Neologism,positive,1,1,134,22402.62805173757,3702666.4236555956,34316.8335838638,29.0,1.2,0.7,29,1,7,30663.915048323506,30663.915048323506,18.52649658454645,0.029746835443037977,40
Semantic_minus_Neologism,Semantic,Neologism,positive,1,1,134,22402.62805173757,3702666.4236555956,34316.8335838638,29.0,1.2,0.8,29,1,8,32489.312862446644,32489.312862446644,22.138943540190468,0.033860759493670886,40
Semantic_minus_Neologism,Semantic,Neologism,positive,1,1,134,22402.62805173757,3702666.4236555956,34316.8335838638,29.0,1.2,0.9,29,1,9,28718.988704371197,28718.988704371197,17.146988623279277,0.03022151898734176,40
Semantic_minus_Neologism,Semantic,Neologism,positive,1,1,134,22402.62805173757,3702666.4236555956,34316.8335838638,29.0,1.3,0.3,29,2,3,25487.459586123477,25487.459586123477,15.931763108361363,0.012183544303797469,40
Semantic_minus_Neologism,Semantic,Neologism,positive,1,1,134,22402.62805173757,3702666.4236555956,34316.8335838638,29.0,1.3,0.4,29,2,4,25220.334418399558,25220.334418399558,15.583981041963536,0.018670886075949363,40
Semantic_minus_Neologism,Semantic,Neologism,positive,1,1,134,22402.62805173757,3702666.4236555956,34316.8335838638,29.0,1.3,0.5,29,2,5,30643.233801442144,30643.233801442144,18.509101471825492,0.0245253164556962,40
Semantic_minus_Neologism,Semantic,Neologism,positive,1,1,134,22402.62805173757,3702666.4236555956,34316.8335838638,29.0,1.3,0.6,29,2,6,32197.389895819848,32197.389895819848,21.603571133363246,0.03132911392405063,40
Semantic_minus_Neologism,Semantic,Neologism,positive,1,1,134,22402.62805173757,3702666.4236555956,34316.8335838638,29.0,1.4,0.3,29,3,3,25421.102489674326,25421.102489674326,15.666666666666666,0.014873417721518987,40
Semantic_minus_Neologism,Semantic,Neologism,positive,1,1,134,22402.62805173757,3702666.4236555956,34316.8335838638,29.0,1.4,0.4,29,3,4,30433.46352207011,30433.46352207011,18.734993995195193,0.02658227848101265,40
Semantic_minus_Neologism,Semantic,Neologism,positive,1,1,134,22402.62805173757,3702666.4236555956,34316.8335838638,29.0,1.4,0.5,29,3,5,28958.035407187897,28958.035407187897,17.263222987742708,0.02848101265822785,40
Semantic_minus_Neologism,Semantic,Neologism,positive,1,1,134,22402.62805173757,3702666.4236555956,34316.8335838638,29.0,1.5,0.2,29,4,2,23670.763123279656,23670.763123279656,15.303822234365052,0.014082278481012659,40
Semantic_minus_Neologism,Semantic,Neologism,positive,1,1,134,22402.62805173757,3702666.4236555956,34316.8335838638,29.0,1.5,0.3,29,4,3,23580.886848050064,23580.886848050064,14.91093806565987,0.020411392405063285,40
Semantic_minus_Neologism,Semantic,Neologism,positive,1,1,134,22402.62805173757,3702666.4236555956,34316.8335838638,29.0,1.5,0.4,29,4,4,31418.833879561236,31418.833879561236,20.440418393510853,0.03496835443037975,40
Semantic_minus_Neologism,Semantic,Neologism,positive,1,1,134,22402.62805173757,3702666.4236555956,34316.8335838638,29.0,1.6,0.3,29,5,3,30199.80111242759,30199.80111242759,21.371475423074617,0.027689873417721528,40
Semantic_minus_Neologism,Semantic,Neologism,positive,1,1,134,22402.62805173757,3702666.4236555956,34316.8335838638,29.0,1.7,0.3,29,6,3,29707.06207404383,29707.06207404383,20.2501635653632,0.029272151898734177,40
Semantic_minus_Neologism,Semantic,Neologism,positive,1,1,134,22402.62805173757,3702666.4236555956,34316.8335838638,30.0,1.1,0.7,30,0,7,25042.00549709209,25042.00549709209,15.510587134374122,0.020253164556962022,40
Semantic_minus_Neologism,Semantic,Neologism,positive,1,1,134,22402.62805173757,3702666.4236555956,34316.8335838638,30.0,1.1,0.8,30,0,8,29962.00127348157,29962.00127348157,17.952849929389185,0.023892405063291138,40
Semantic_minus_Neologism,Semantic,Neologism,positive,1,1,134,22402.62805173757,3702666.4236555956,34316.8335838638,30.0,1.2,0.4,30,1,4,24085.745404266712,24085.745404266712,15.39949928774481,0.01281645569620253,40
Semantic_minus_Neologism,Semantic,Neologism,positive,1,1,134,22402.62805173757,3702666.4236555956,34316.8335838638,30.0,1.2,0.6,30,1,6,27378.944484744894,27378.944484744894,16.498180537738698,0.020094936708860762,40
Semantic_minus_Neologism,Semantic,Neologism,positive,1,1,134,22402.62805173757,3702666.4236555956,34316.8335838638,30.0,1.2,0.7,30,1,7,25450.61690095554,25450.61690095554,15.678923013371707,0.027056962025316454,40
Semantic_minus_Neologism,Semantic,Neologism,positive,1,1,134,22402.62805173757,3702666.4236555956,34316.8335838638,30.0,1.3,0.4,30,2,4,24013.323314301917,24013.323314301917,15.08836390838332,0.015664556962025313,40
Semantic_minus_Neologism,Semantic,Neologism,positive,1,1,134,22402.62805173757,3702666.4236555956,34316.8335838638,30.0,1.3,0.5,30,2,5,26111.50847178079,26111.50847178079,15.954016904564202,0.023259493670886068,40
Semantic_minus_Neologism,Semantic,Neologism,positive,1,1,134,22402.62805173757,3702666.4236555956,34316.8335838638,30.0,1.3,0.6,30,2,6,26342.49617252596,26342.49617252596,16.051433513750105,0.02863924050632912,40
Semantic_minus_Neologism,Semantic,Neologism,positive,1,1,134,22402.62805173757,3702666.4236555956,34316.8335838638,30.0,1.4,0.4,30,3,4,30479.508227848222,30479.508227848222,18.80021523038596,0.021677215189873415,40
Semantic_minus_Neologism,Semantic,Neologism,positive,1,1,134,22402.62805173757,3702666.4236555956,34316.8335838638,30.0,1.4,0.5,30,3,5,24980.816573574433,24980.816573574433,15.48540362491345,0.02753164556962025,40
Semantic_minus_Neologism,Semantic,Neologism,positive,1,1,134,22402.62805173757,3702666.4236555956,34316.8335838638,30.0,1.5,0.3,30,4,3,24679.358730100525,24679.358730100525,15.361120687533788,0.01835443037974684,40
Semantic_minus_Neologism,Semantic,Neologism,positive,1,1,134,22402.62805173757,3702666.4236555956,34316.8335838638,30.0,1.5,0.4,30,4,4,30699.801011154213,30699.801011154213,19.15163168330636,0.030221518987341774,40
Semantic_minus_Neologism,Semantic,Neologism,positive,1,1,134,22402.62805173757,3702666.4236555956,34316.8335838638,30.0,1.6,0.3,30,5,3,28286.96584161228,28286.96584161228,17.447128263865032,0.02515822784810127,40
Semantic_minus_Neologism,Semantic,Neologism,positive,1,1,134,22402.62805173757,3702666.4236555956,34316.8335838638,30.0,1.7,0.3,30,6,3,24760.656357852156,24760.656357852156,15.394592154722199,0.02895569620253165,40
Semantic_minus_Neologism,Semantic,Neologism,positive,1,1,134,22402.62805173757,3702666.4236555956,34316.8335838638,31.0,1.1,0.7,31,0,7,22711.929725027985,22711.929725027985,14.552403326898498,0.01613924050632911,40
Semantic_minus_Neologism,Semantic,Neologism,positive,1,1,134,22402.62805173757,3702666.4236555956,34316.8335838638,31.0,1.1,0.8,31,0,8,30350.903305928397,30350.903305928397,19.078187359513315,0.023101265822784815,40
Semantic_minus_Neologism,Semantic,Neologism,positive,1,1,134,22402.62805173757,3702666.4236555956,34316.8335838638,31.0,1.3,0.5,31,2,5,26332.196430124088,26332.196430124088,16.656832809369938,0.02120253164556962,40
Semantic_minus_Neologism,Semantic,Neologism,positive,1,1,134,22402.62805173757,3702666.4236555956,34316.8335838638,32.0,1.3,0.5,32,2,5,26225.088373822426,26225.088373822426,16.262743347665946,0.020253164556962026,40
Semantic_minus_Neologism,Semantic,Neologism,positive,2,2,38,22402.62805173757,916244.9814508609,26222.28649903602,32.0,1.6,0.3,32,5,3,23648.619779868346,23648.619779868346,17.913448798473468,0.02136075949367089,40
Semantic_minus_Neologism,Semantic,Neologism,positive,2,2,38,22402.62805173757,916244.9814508609,26222.28649903602,33.0,1.2,0.6,33,1,6,24519.39809505481,24519.39809505481,16.738351585299647,0.019778481012658222,40
Semantic_minus_Neologism,Semantic,Neologism,positive,2,2,38,22402.62805173757,916244.9814508609,26222.28649903602,33.0,1.5,0.3,33,4,3,23242.513972466877,23242.513972466877,15.34388420865771,0.015031645569620247,40
Semantic_minus_Neologism,Semantic,Neologism,positive,2,2,38,22402.62805173757,916244.9814508609,26222.28649903602,33.0,1.5,0.4,33,4,4,24096.543961883304,24096.543961883304,16.041470229479835,0.0268987341772152,40
Semantic_minus_Neologism,Semantic,Neologism,positive,2,2,38,22402.62805173757,916244.9814508609,26222.28649903602,33.0,1.6,0.3,33,5,3,22867.74450039648,22867.74450039648,15.054658345392435,0.018670886075949366,40
Semantic_minus_Neologism,Semantic,Neologism,positive,2,2,38,22402.62805173757,916244.9814508609,26222.28649903602,34.0,1.1,0.7,34,0,7,23183.97006456211,23183.97006456211,15.297058540778346,0.018987341772151896,40
Semantic_minus_Neologism,Semantic,Neologism,positive,2,2,38,22402.62805173757,916244.9814508609,26222.28649903602,34.0,1.1,0.8,34,0,8,22556.174686644248,22556.174686644248,14.819231615318298,0.018512658227848103,40
Semantic_minus_Neologism,Semantic,Neologism,positive,2,2,38,22402.62805173757,916244.9814508609,26222.28649903602,34.0,1.2,0.6,34,1,6,24666.287945552525,24666.287945552525,17.230551119795674,0.020569620253164556,40
Semantic_minus_Neologism,Semantic,Neologism,positive,2,2,38,22402.62805173757,916244.9814508609,26222.28649903602,34.0,1.2,0.7,34,1,7,24535.09336217191,24535.09336217191,16.777777777777775,0.023892405063291135,40
Semantic_minus_Neologism,Semantic,Neologism,positive,2,2,38,22402.62805173757,916244.9814508609,26222.28649903602,34.0,1.5,0.4,34,4,4,24779.371049748945,24779.371049748945,17.02845486609496,0.026424050632911405,40
Semantic_minus_Neologism,Semantic,Neologism,positive,2,2,38,22402.62805173757,916244.9814508609,26222.28649903602,34.0,1.7,0.3,34,6,3,22993.658618146044,22993.658618146044,15.150576979214204,0.029272151898734177,40
Semantic_minus_Neologism,Semantic,Neologism,positive,2,2,38,22402.62805173757,916244.9814508609,26222.28649903602,35.0,1.1,0.5,35,0,5,22452.30051694035,22452.30051694035,14.741259057153428,0.015664556962025317,40
Semantic_minus_Neologism,Semantic,Neologism,positive,2,2,38,22402.62805173757,916244.9814508609,26222.28649903602,35.0,1.1,0.8,35,0,8,22858.478913510102,22858.478913510102,16.08202658085629,0.02658227848101265,40
Semantic_minus_Neologism,Semantic,Neologism,positive,2,2,38,22402.62805173757,916244.9814508609,26222.28649903602,35.0,1.2,0.4,35,1,4,23750.689512087447,23750.689512087447,15.75970878705034,0.017405063291139243,40
Semantic_minus_Neologism,Semantic,Neologism,positive,2,2,38,22402.62805173757,916244.9814508609,26222.28649903602,35.0,1.2,0.5,35,1,5,24183.2199777892,24183.2199777892,16.1245154965971,0.018987341772151896,40
Semantic_minus_Neologism,Semantic,Neologism,positive,2,2,38,22402.62805173757,916244.9814508609,26222.28649903602,35.0,1.2,0.6,35,1,6,24283.915557654207,24283.915557654207,16.2400247676132,0.021360759493670885,40
Semantic_minus_Neologism,Semantic,Neologism,positive,2,2,38,22402.62805173757,916244.9814508609,26222.28649903602,35.0,1.3,0.4,35,2,4,24132.460260753654,24132.460260753654,16.07115169753126,0.021044303797468356,40
Semantic_minus_Neologism,Semantic,Neologism,positive,2,2,38,22402.62805173757,916244.9814508609,26222.28649903602,35.0,1.3,0.5,35,2,5,24944.839302184497,24944.839302184497,18.034991076410495,0.02325949367088608,40
Semantic_minus_Neologism,Semantic,Neologism,positive,2,2,38,22402.62805173757,916244.9814508609,26222.28649903602,35.0,1.3,0.6,35,2,6,24624.815530439453,24624.815530439453,16.99544714622481,0.02768987341772152,40
Semantic_minus_Neologism,Semantic,Neologism,positive,2,2,38,22402.62805173757,916244.9814508609,26222.28649903602,35.0,1.4,0.4,35,3,4,24169.09493512431,24169.09493512431,16.12451549659709,0.02531645569620252,40
Semantic_minus_Neologism,Semantic,Neologism,positive,2,2,38,22402.62805173757,916244.9814508609,26222.28649903602,35.0,1.4,0.5,35,3,5,23119.78294005618,23119.78294005618,15.246899787686953,0.029430379746835444,40
Semantic_minus_Neologism,Semantic,Neologism,positive,2,2,38,22402.62805173757,916244.9814508609,26222.28649903602,35.0,1.5,0.3,35,4,3,25825.07206837019,25825.07206837019,18.95365413686554,0.02009493670886076,40
Semantic_minus_Neologism,Semantic,Neologism,positive,2,2,38,22402.62805173757,916244.9814508609,26222.28649903602,35.0,1.5,0.4,35,4,4,25555.784233775426,25555.784233775426,18.179892039730902,0.03164556962025316,40
Semantic_minus_Neologism,Semantic,Neologism,positive,2,2,38,22402.62805173757,916244.9814508609,26222.28649903602,35.0,1.6,0.3,35,5,3,25472.737282799368,25472.737282799368,18.033840669216875,0.024367088607594938,40
Semantic_minus_Neologism,Semantic,Neologism,positive,2,2,38,22402.62805173757,916244.9814508609,26222.28649903602,35.0,1.7,0.3,35,6,3,25518.688472367598,25518.688472367598,18.173852890702324,0.030696202531645567,40
Semantic_minus_Neologism,Semantic,Neologism,positive,2,2,38,22402.62805173757,916244.9814508609,26222.28649903602,36.0,1.1,0.7,36,0,7,23203.408437162154,23203.408437162154,15.312462329445038,0.018670886075949363,40
Semantic_minus_Neologism,Semantic,Neologism,positive,2,2,38,22402.62805173757,916244.9814508609,26222.28649903602,36.0,1.2,0.4,36,1,4,23907.596845415792,23907.596845415792,15.887243133471037,0.015189873417721517,40
Semantic_minus_Neologism,Semantic,Neologism,positive,2,2,38,22402.62805173757,916244.9814508609,26222.28649903602,36.0,1.2,0.5,36,1,5,24393.179881891025,24393.179881891025,16.41028887659313,0.019462025316455696,40
Semantic_minus_Neologism,Semantic,Neologism,positive,2,2,38,22402.62805173757,916244.9814508609,26222.28649903602,36.0,1.2,0.6,36,1,6,24890.893211239196,24890.893211239196,18.077560673532755,0.021044303797468356,40
Semantic_minus_Neologism,Semantic,Neologism,positive,2,2,38,22402.62805173757,916244.9814508609,26222.28649903602,36.0,1.2,0.7,36,1,7,24321.385233349592,24321.385233349592,16.29348372633362,0.024367088607594935,40
Semantic_minus_Neologism,Semantic,Neologism,positive,2,2,38,22402.62805173757,916244.9814508609,26222.28649903602,36.0,1.3,0.4,36,2,4,24403.83405866911,24403.83405866911,16.96203190410245,0.018354430379746836,40
Semantic_minus_Neologism,Semantic,Neologism,positive,2,2,38,22402.62805173757,916244.9814508609,26222.28649903602,36.0,1.3,0.5,36,2,5,24170.120987218466,24170.120987218466,16.10997183172763,0.02515822784810127,40
Semantic_minus_Neologism,Semantic,Neologism,positive,2,2,38,22402.62805173757,916244.9814508609,26222.28649903602,36.0,1.3,0.6,36,2,6,24386.644511156337,24386.644511156337,16.393119745795794,0.026582278481012654,40
Semantic_minus_Neologism,Semantic,Neologism,positive,2,2,38,22402.62805173757,916244.9814508609,26222.28649903602,36.0,1.5,0.4,36,4,4,26222.28649903602,26222.28649903602,19.99409156895817,0.030221518987341767,40
Semantic_minus_Neologism,Semantic,Neologism,positive,2,2,38,22402.62805173757,916244.9814508609,26222.28649903602,37.0,1.3,0.5,37,2,5,23369.68743360795,23369.68743360795,15.44756028128933,0.0180379746835443,40
Semantic_minus_Neologism,Semantic,Neologism,positive,2,2,38,22402.62805173757,916244.9814508609,26222.28649903602,37.0,1.3,0.6,37,2,6,24541.88523757415,24541.88523757415,16.949773470968026,0.027215189873417717,40
Semantic_minus_Neologism,Semantic,Neologism,positive,2,2,38,22402.62805173757,916244.9814508609,26222.28649903602,37.0,1.4,0.6,37,3,6,23333.332526923914,23333.332526923914,15.417680065210316,0.03243670886075949,40
Semantic_minus_Neologism,Semantic,Neologism,positive,2,2,38,22402.62805173757,916244.9814508609,26222.28649903602,38.0,1.4,0.6,38,3,6,23119.471047269588,23119.471047269588,15.24665881856678,0.03117088607594936,40
Semantic_minus_Neologism,Semantic,Neologism,positive,3,3,4,22402.62805173757,93960.26480864329,23980.744274375145,36.0,1.6,0.2,36,5,2,22936.312813754885,22936.312813754885,16.29433887741552,0.01639078221356702,39
Semantic_minus_Neologism,Semantic,Neologism,positive,3,3,4,22402.62805173757,93960.26480864329,23980.744274375145,36.0,1.7,0.2,36,6,2,23752.037767360125,23752.037767360125,18.083707524058774,0.01996105160662123,39
Semantic_minus_Neologism,Semantic,Neologism,positive,3,3,4,22402.62805173757,93960.26480864329,23980.744274375145,36.0,1.8,0.2,36,7,2,23980.744274375145,23980.744274375145,18.7513136794701,0.023206751054852325,39
Semantic_minus_Neologism,Semantic,Neologism,positive,3,3,4,22402.62805173757,93960.26480864329,23980.744274375145,36.0,1.9,0.2,36,8,2,23291.16995315313,23291.16995315313,17.030119542245007,0.02661473547549497,39
