Layer,NoiseStd,Percent,NumSeeds,Phonemic_minus_Neologism_mean,Phonemic_minus_Neologism_t,Phonemic_minus_Neologism_tfce,Phonemic_minus_Neologism_n_valid,Semantic_minus_Neologism_mean,Semantic_minus_Neologism_t,Semantic_minus_Neologism_tfce,Semantic_minus_Neologism_n_valid
0.0,1.1,0.0,40,,0.0,0.0,0,,0.0,0.0,0
0.0,1.1,0.1,40,0.00458860759493671,1.6264359733234477,66.75859710834027,40,0.002215189873417722,3.3429685305864365,334.8869408218781,40
0.0,1.1,0.2,40,0.008069620253164557,1.2613387299648753,32.149025970875975,40,0.0009493670886075946,0.5059817244431459,1.985606227425865,40
0.0,1.1,0.3,40,0.019936708860759496,3.1733778910818455,140.75702984567178,40,0.0012658227848101268,0.751809411556112,2.09030268490635,40
0.0,1.1,0.4,40,0.004588607594936708,0.4696205287101709,1.8035625789927898,40,-0.011708860759493669,-1.1415521215640339,-23.357674991975568,40
0.0,1.1,0.5,40,0.0026898734177215225,0.0982844223731382,0.01824656465506423,40,-0.037658227848101265,-1.3760261386331436,-40.460627390375144,40
0.0,1.1,0.6,40,-0.02151898734177216,-1.1699195960917186,-2.782025894543595,40,-0.037500000000000006,-1.6820316091209442,-72.80631443277517,40
0.0,1.1,0.7,40,-0.0014240506329113896,-0.0741467944318322,-0.010274797045013285,40,-0.025632911392405054,-1.258885389574004,-31.120319730209015,40
0.0,1.1,0.8,40,0.01851265822784811,2.2498399977242114,3.879408350611002,40,-0.008069620253164557,-1.3685704583357985,-39.821732396876754,40
0.0,1.1,0.9,40,0.0012658227848101283,0.1488487277674518,0.003128010115056224,40,-0.019462025316455696,-2.2434488911141885,-120.13618111946141,40
0.0,1.1,1.0,40,-0.0040084388185654,-0.25590010889763126,-0.2118038000121053,30,-0.017510548523206753,-1.2480436660061107,-30.34067115493035,30
0.0,1.2,0.0,40,0.0,0.0,0.0,10,0.0,0.0,0.0,10
0.0,1.2,0.1,40,0.003955696202531646,1.6899371355078179,74.50175020757224,40,0.002531645569620253,3.1224989991991987,332.5699840053156,40
0.0,1.2,0.2,40,0.01012658227848101,2.4948825428751444,132.3733011572223,40,0.0037974683544303805,2.882306768491569,329.48219119022457,40
0.0,1.2,0.3,40,0.023101265822784815,3.8596906183545845,149.29248036876285,40,-0.00047468354430379756,-0.14723691926505292,-0.06244918407383728,40
0.0,1.2,0.4,40,-0.0056962025316455705,-0.2485656794997485,-0.19545494492966867,40,-0.028797468354430374,-1.2096335838146504,-27.683668460697756,40
0.0,1.2,0.5,40,-0.02278481012658227,-0.9175253651440958,-1.9419557383589034,40,-0.055221518987341775,-2.052486878884811,-106.54367272850187,40
0.0,1.2,0.6,40,-0.05094936708860759,-1.576367838108686,-3.7831442477138184,40,-0.08370253164556962,-2.301216683808813,-108.76534844295693,40
0.0,1.2,0.7,40,0.0066455696202531635,0.4958265768789947,0.10481769515843783,40,-0.019936708860759496,-1.466540579319108,-48.75885622208863,40
0.0,1.2,0.8,40,0.008386075949367088,0.4894004515294071,0.10165804651029944,40,-0.021518987341772152,-1.4492919859466755,-47.0997625295976,40
0.0,1.2,0.9,40,-0.025158227848101268,-0.998785128312632,-2.234144879121882,40,-0.041455696202531644,-1.6460991917743348,-68.35731369661988,40
0.0,1.2,1.0,40,-0.028270042194092824,-1.0805724638408938,-2.542237931747432,30,-0.04852320675105485,-1.6943445777164028,-74.37109876736496,30
0.0,1.3,0.0,40,0.0,0.0,0.0,10,0.0,0.0,0.0,10
0.0,1.3,0.1,40,0.004430379746835443,2.7058897021977395,127.70861328355343,40,0.0023734177215189874,2.563792836378394,233.91725474506504,40
0.0,1.3,0.2,40,-0.003164556962025317,-0.13797605368048996,-0.00112006914821099,40,-0.02088607594936709,-0.8994626558041331,-11.590726573954488,40
0.0,1.3,0.3,40,0.020727848101265822,2.6525889812584076,134.47197340390713,40,-0.00806962025316456,-1.5830243385601273,-12.680656421704604,40
0.0,1.3,0.4,40,0.03734177215189873,3.723096262941979,145.48327168096034,40,-0.0011075949367088602,-0.22966255022367532,-0.21279844585740015,40
0.0,1.3,0.5,40,-0.039556962025316465,-1.3887240453907257,-2.8870815021367227,40,-0.07025316455696204,-2.251878984102714,-107.47210639470838,40
0.0,1.3,0.6,40,0.008386075949367088,0.7000351780493576,0.2110340355150187,40,-0.019936708860759496,-1.6343399082992518,-66.93554648909979,40
0.0,1.3,0.7,40,0.005537974683544304,0.49612735559680954,0.1049459264684026,40,-0.01629746835443038,-1.4982831676548085,-51.90968306753439,40
0.0,1.3,0.8,40,-0.007436708860759492,-0.42225105489513987,-0.8908944856751598,40,-0.030537974683544307,-1.6918695831549277,-74.05533574286675,40
0.0,1.3,0.9,40,-0.0023734177215189874,-0.5447047794019224,-1.0373173898879546,40,-0.009651898734177216,-1.99891900630199,-118.1513427611336,40
0.0,1.3,1.0,40,-0.02130801687763713,-0.7772966687747627,-1.520632490439469,30,-0.03966244725738397,-1.4121100027183187,-43.64951461650029,30
0.0,1.4,0.0,40,0.0,0.0,0.0,10,0.0,0.0,0.0,10
0.0,1.4,0.1,40,0.006012658227848101,2.0534195615551107,123.97751341748793,40,0.003955696202531647,3.5130858446526383,245.6646082154607,40
0.0,1.4,0.2,40,0.006803797468354432,0.6612656241063276,4.87449130440932,40,-0.01582278481012658,-1.399225258956257,-42.49352672762294,40
0.0,1.4,0.3,40,0.018829113924050633,2.0220195323155656,124.45456550410537,40,-0.006487341772151897,-0.8704832417771818,-10.52749264068693,40
0.0,1.4,0.4,40,0.030696202531645574,2.4155152719522106,131.299862156187,40,-0.008069620253164557,-0.9662947054126695,-14.346390859651954,40
0.0,1.4,0.5,40,-0.021993670886075956,-0.8601775857869229,-1.7585994717723736,40,-0.05458860759493671,-1.857918183498942,-97.2431786958031,40
0.0,1.4,0.6,40,0.020094936708860762,2.412578423288683,4.799588234475155,40,-0.010917721518987341,-1.0594060435081294,-18.76775288149781,40
0.0,1.4,0.7,40,-0.006962025316455699,-0.4156163170769509,-0.8513204039750456,40,-0.02863924050632911,-1.4259133522116336,-44.91034680753374,40
0.0,1.4,0.8,40,-0.01867088607594937,-0.9573034208351047,-9.792088267065896,40,-0.035443037974683546,-1.5581008308994924,-58.207478336437795,40
0.0,1.4,0.9,40,-0.0017405063291139234,-0.3914323190100636,-0.7154568519193355,40,-0.007436708860759493,-1.4619023879683652,-48.31024339769167,40
0.0,1.4,1.0,40,0.01876909646442601,1.6837102538821993,4.595036628633945,29,-0.006329113924050632,-2.100724512700527,-81.08532574880175,29
0.0,1.5,0.0,40,0.0,0.0,0.0,10,0.0,0.0,0.0,10
0.0,1.5,0.1,40,0.005221518987341773,2.4862011850233654,126.22124948843388,40,0.004430379746835444,3.3429685305864365,243.64738499653927,40
0.0,1.5,0.2,40,-0.014715189873417722,-0.6533549903577105,-0.2964586532310905,40,-0.039715189873417725,-1.5974902262061195,-62.621632366037936,40
0.0,1.5,0.3,40,0.0018987341772151902,0.14973149192126836,0.05942049784010382,40,-0.02310126582278481,-1.2644408593895202,-31.523259858194663,40
0.0,1.5,0.4,40,0.0189873417721519,2.0344903399613936,126.65349932081563,40,-0.013765822784810125,-1.7005929382324765,-75.17395983055454,40
0.0,1.5,0.5,40,-0.020411392405063292,-0.7297554549606928,-1.3993196130341885,40,-0.05332278481012659,-1.7854336359377518,-86.61134544435959,40
0.0,1.5,0.6,40,-0.0015822784810126584,-0.2435664429027642,-0.1848077759417316,40,-0.013291139240506327,-1.8970688064741283,-103.31008489706062,40
0.0,1.5,0.7,40,-0.01803797468354431,-1.3837999489051942,-10.993970398081292,40,-0.03765822784810127,-2.4525224166483244,-217.2728520287694,40
0.0,1.5,0.8,40,-0.012183544303797469,-0.9705612160321347,-10.195074201184278,40,-0.017721518987341773,-1.149971369544487,-23.863692125925674,40
0.0,1.5,0.9,40,0.0015822784810126584,0.6129621059678985,1.838573698696206,40,-0.006012658227848102,-2.453413742323502,-133.48975742341014,40
0.0,1.5,1.0,40,-0.015931907463989523,-0.8332156100836324,-6.517888285115288,29,-0.033828022697512006,-1.7353792617331294,-79.73204513770264,29
0.0,1.6,0.0,40,0.0,0.0,0.0,10,0.0,0.0,0.0,10
0.0,1.6,0.1,40,-0.01060126582278481,-0.5745468000496547,-0.3092287288967659,40,-0.019145569620253166,-0.9032463026849964,-11.732623416409304,40
0.0,1.6,0.2,40,-0.005063291139240507,-0.2536791617459143,-0.20678242918417558,40,-0.03844936708860759,-1.8001317016958356,-75.55752859524829,40
0.0,1.6,0.3,40,-0.02151898734177215,-0.7545816057691105,-0.5394301449137617,40,-0.05031645569620252,-1.6707816437208738,-71.39380829552067,40
0.0,1.6,0.4,40,0.0022151898734177225,0.1516720735915912,0.061621576954823565,40,-0.027848101265822784,-1.866876790593193,-75.99165987355222,40
0.0,1.6,0.5,40,-0.009177215189873418,-0.40034655797745355,-0.7634861700795249,40,-0.04208860759493671,-1.5131809496191566,-53.432679615540614,40
0.0,1.6,0.6,40,0.0004746835443037988,0.0884839180913152,0.006475295695754121,40,-0.012183544303797467,-1.7375373892913917,-80.01971224790027,40
0.0,1.6,0.7,40,-0.008069620253164555,-0.5323657448092709,-1.760274809979359,40,-0.0240506329113924,-1.4327007988227571,-45.53753522273167,40
0.0,1.6,0.8,40,-0.05253164556962024,-1.8097065475618044,-39.18634440435315,40,-0.06028481012658228,-1.935873312876467,-109.55369414252097,40
0.0,1.6,0.9,40,-0.008227848101265822,-1.532610591284977,-38.40682646234679,40,-0.01518987341772152,-2.061874087808046,-131.47854213973588,40
0.0,1.6,1.0,40,-0.013531209079004807,-0.8418056430753065,-6.716615301684984,29,-0.030554343081623744,-1.4721354090363765,-49.304054725240235,29
0.0,1.7,0.0,40,0.0,0.0,0.0,10,0.0,0.0,0.0,10
0.0,1.7,0.1,40,0.01629746835443038,2.259664324004368,93.29754960129931,40,0.0020569620253164554,0.5031879469401405,0.04642251035648759,40
0.0,1.7,0.2,40,0.00917721518987342,0.6286282174898995,4.202035402097211,40,-0.029272151898734177,-1.7150019122775053,-75.29318321373152,40
0.0,1.7,0.3,40,-0.01661392405063291,-0.8013016640880812,-0.5679663246987625,40,-0.03908227848101266,-1.7215831734528846,-75.32689530812677,40
0.0,1.7,0.4,40,0.01313291139240506,1.1617331894614358,25.39007649828859,40,-0.01550632911392405,-2.003029112777328,-76.50350343974503,40
0.0,1.7,0.5,40,-0.028955696202531644,-1.1178124502382019,-1.832782538202806,40,-0.0444620253164557,-1.6654753432833997,-70.73453394748095,40
0.0,1.7,0.6,40,0.00047468354430379794,0.06441566264008312,0.006322346419084803,40,-0.011867088607594936,-1.5716303495894688,-59.69921345736873,40
0.0,1.7,0.7,40,-0.029272151898734177,-1.3353588098666445,-17.670837315459174,40,-0.045253164556962024,-1.8153099491144835,-90.90151092559962,40
0.0,1.7,0.8,40,-0.02674050632911392,-1.1654717590553536,-17.403133771505427,40,-0.035759493670886086,-1.4712913588270595,-49.22174023114276,40
0.0,1.7,0.9,40,-0.042563291139240504,-1.7680276346239905,-54.27923350254787,40,-0.057594936708860754,-2.063676951542837,-131.80949803880202,40
0.0,1.7,1.0,40,-0.0019642077695329542,-0.2874944542499729,-0.2948351445948627,29,-0.01331296377127892,-1.9179247246069329,-106.63769945157277,29
0.0,1.8,0.0,40,0.0,0.0,0.0,10,0.0,0.0,0.0,10
0.0,1.8,0.1,40,0.019936708860759496,2.420003842842393,94.17832819411272,40,-0.0011075949367088612,-0.18487650122750127,-0.11875901764302924,40
0.0,1.8,0.2,40,0.007911392405063292,0.8003251211641534,8.562210815596641,40,-0.03322784810126582,-2.2259955480133566,-78.76376112346018,40
0.0,1.8,0.3,40,-0.004905063291139241,-0.30447623867768925,-0.346498785086628,40,-0.03259493670886076,-1.6884547818047957,-73.62113327232026,40
0.0,1.8,0.4,40,0.013765822784810122,1.3088656033412016,35.756066368151025,40,-0.013132911392405064,-1.1612666088483286,-24.553868620234127,40
0.0,1.8,0.5,40,-0.06028481012658228,-1.6784608692433196,-3.9400188213194314,40,-0.06724683544303797,-1.8127406939563355,-90.52888452345685,40
0.0,1.8,0.6,40,-0.03370253164556962,-1.4923199668010654,-3.1249907925918667,40,-0.04731012658227848,-1.874618306091966,-90.73990490033357,40
0.0,1.8,0.7,40,-0.004430379746835446,-0.2946861936707624,-0.31606506838927556,40,-0.020094936708860762,-1.1253409833194736,-22.398035666096295,40
0.0,1.8,0.8,40,-0.025316455696202528,-1.5580575340845417,-40.26778867153352,40,-0.04113924050632911,-2.085371133218755,-135.84600126820584,40
0.0,1.8,0.9,40,-0.04287974683544304,-2.0329902247771208,-55.24144821841556,40,-0.05411392405063291,-2.2372493006605176,-166.50263218816468,40
0.0,1.8,1.0,40,-0.008729812309035356,-1.1878651531412328,-18.39069282872201,29,-0.017023134002618946,-2.2717681843600754,-174.02327101720812,29
0.0,1.9,0.0,40,0.0,0.0,0.0,10,0.0,0.0,0.0,10
0.0,1.9,0.1,40,0.0018987341772151883,0.13346098290961378,0.042792788304271516,40,-0.016930379746835443,-0.9589559424951666,-14.032001305539026,40
0.0,1.9,0.2,40,0.00015822784810126583,0.010785866367643362,6.231055821028437e-05,40,-0.0495253164556962,-2.3520882201222153,-79.70300428374591,40
0.0,1.9,0.3,40,-0.013449367088607594,-0.7292988003044601,-0.7537833006654794,40,-0.03465189873417722,-1.5292381721266148,-55.11136902999845,40
0.0,1.9,0.4,40,-0.005379746835443038,-0.35798170652550204,-0.5523775095993161,40,-0.02958860759493671,-1.6234200371368992,-65.636126904137,40
0.0,1.9,0.5,40,-0.06977848101265824,-1.9835768407275574,-5.396435831700079,40,-0.08006329113924052,-2.239522754364258,-129.60636109359876,40
0.0,1.9,0.6,40,-0.011550632911392402,-0.8336755352779225,-1.2181133655543377,40,-0.02325949367088608,-1.7264243924592315,-78.5418817690163,40
0.0,1.9,0.7,40,-0.003639240506329114,-0.28861743366332215,-0.29806343649833694,40,-0.02357594936708861,-1.353142572342364,-38.51276321568913,40
0.0,1.9,0.8,40,-0.06439873417721517,-2.06711005420603,-83.1560457035727,40,-0.09098101265822785,-2.6513986317895823,-272.2309495126734,40
0.0,1.9,0.9,40,-0.017405063291139243,-1.727444572989458,-54.103011637831564,40,-0.024683544303797465,-2.4417837270374885,-214.5362514583045,40
0.0,1.9,1.0,40,0.001309471846355304,0.16185842423485292,0.0016211867912234942,29,-0.012221737232649499,-2.2656499394382847,-172.67560722761507,29
0.0,2.0,0.0,40,0.0,0.0,0.0,10,0.0,0.0,0.0,10
0.0,2.0,0.1,40,-0.006170886075949365,-0.3001140841599748,-0.33270841078637364,40,-0.020253164556962022,-0.8950908657709555,-11.428455021281826,40
0.0,2.0,0.2,40,-0.030379746835443044,-1.3212078481249665,-1.4365779750734293,40,-0.07341772151898733,-2.5716145906694043,-81.0402468823917,40
0.0,2.0,0.3,40,-0.019462025316455696,-0.8720075926151095,-0.8847718396712705,40,-0.039715189873417725,-1.690431026184075,-73.87229224714756,40
0.0,2.0,0.4,40,0.014556962025316453,1.9812188951507304,117.4046632312709,40,-0.009651898734177215,-1.6566109273893876,-69.6391315131852,40
0.0,2.0,0.5,40,-0.06930379746835443,-2.1512433747533324,-6.117057533641465,40,-0.08180379746835442,-2.4550263636961285,-130.8010441341108,40
0.0,2.0,0.6,40,-0.001265822784810123,-0.0950256177301981,-0.0168761454859781,40,-0.017721518987341773,-1.4490879128389862,-47.0804354493951,40
0.0,2.0,0.7,40,-0.02705696202531645,-1.516187781476349,-37.23511239612594,40,-0.0439873417721519,-2.0574927925612587,-130.67551969751872,40
0.0,2.0,0.8,40,-0.07325949367088606,-2.1167869153768963,-83.37449223676639,40,-0.09873417721518987,-2.6576591387678143,-274.08756223031565,40
0.0,2.0,0.9,40,-0.018670886075949363,-1.8624278296019259,-67.03092934258089,40,-0.02721518987341772,-2.2605903177692346,-171.56549869119934,40
0.0,2.0,1.0,40,0.0008729812309035354,0.08682034895052057,0.0003780761062506729,29,-0.014404190309908336,-2.256775334181369,-170.73105096623016,29
1.0,1.1,0.0,40,,0.0,0.0,0,,0.0,0.0,0
1.0,1.1,0.1,40,0.007120253164556961,1.1840108112412058,26.809639240028083,40,0.002531645569620253,2.5764894473566975,237.31693697842502,40
1.0,1.1,0.2,40,0.0007911392405063292,1.4034589305344742,43.720336015983364,40,0.0018987341772151902,4.088310863215484,915.0238021722279,40
1.0,1.1,0.3,40,-0.011708860759493673,-0.65838479702622,-0.5889360640886898,40,-0.018196202531645563,-0.8731164502294257,-1.5303950472926464,40
1.0,1.1,0.4,40,-0.003481012658227848,-0.3471436234746127,-0.505772839956402,40,-0.004272151898734177,-0.43029841177188705,-1.3292844274589484,40
1.0,1.1,0.5,40,-0.012499999999999999,-0.8596036612990222,-1.75684859549134,40,-0.02151898734177215,-1.0789991804836327,-19.800392574845336,40
1.0,1.1,0.6,40,-0.11930379746835443,-2.6525442250468685,-8.718973751605454,40,-0.14509493670886076,-2.9570346763096618,-113.48649793485308,40
1.0,1.1,0.7,40,-0.036234177215189865,-1.0726323408757994,-2.5195282710310236,40,-0.0564873417721519,-1.57206153816013,-59.74692940068837,40
1.0,1.1,0.8,40,-0.045094936708860736,-1.304744769151037,-3.261950873196468,40,-0.07278481012658225,-2.009401341926407,-118.32547632778319,40
1.0,1.1,0.9,40,-0.11803797468354427,-2.16482253264292,-6.11732890621938,40,-0.16186708860759494,-2.9598102225696215,-125.04058397345693,40
1.0,1.1,1.0,40,-0.05632911392405063,-1.414329524879615,-3.667137262060151,30,-0.09430379746835443,-2.124819050683775,-119.33184224890664,30
1.0,1.2,0.0,40,0.0,0.0,0.0,10,0.0,0.0,0.0,10
1.0,1.2,0.1,40,0.0030063291139240506,1.6208544808199248,66.10521889371282,40,0.003164556962025317,2.6389933145587388,254.52681197215702,40
1.0,1.2,0.2,40,0.0015822784810126584,1.3759374562439772,41.29487202945997,40,0.0026898734177215203,4.522779608846718,1226.9787122198566,40
1.0,1.2,0.3,40,0.008544303797468353,1.6801953161070584,73.27963508370377,40,0.007278481012658228,3.45232446246112,558.1975324857407,40
1.0,1.2,0.4,40,-0.011392405063291138,-0.5430623153344071,-0.5463099028600577,40,-0.01598101265822784,-0.7260408149086149,-6.180888056665938,40
1.0,1.2,0.5,40,-0.007436708860759492,-0.3012809402538113,-0.3363544370263365,40,-0.02990506329113924,-1.1172404199785102,-21.93017648015276,40
1.0,1.2,0.6,40,-0.052531645569620256,-1.36001392665927,-3.3135085257044525,40,-0.0966772151898734,-2.3637401056467007,-109.24828749431019,40
1.0,1.2,0.7,40,-0.007911392405063288,-0.296121160512704,-0.32040206389044873,40,-0.03164556962025316,-1.1968078594519718,-26.837014036392777,40
1.0,1.2,0.8,40,-0.009651898734177216,-0.32350457967818763,-0.41203256500786456,40,-0.03908227848101266,-1.2792292985407683,-32.61686670087006,40
1.0,1.2,0.9,40,-0.05775316455696202,-1.4098873761162742,-3.651752815753131,40,-0.0832278481012658,-2.0258589720624918,-118.47561766864077,40
1.0,1.2,1.0,40,-0.06835443037974683,-1.7348431150932977,-4.468753318030055,30,-0.10232067510548525,-2.527497271108028,-121.52666888469588,30
1.0,1.3,0.0,40,0.0,0.0,0.0,10,0.0,0.0,0.0,10
1.0,1.3,0.1,40,0.0023734177215189874,1.6419051539483671,68.59256777417505,40,0.00379746835443038,2.5319871453286624,225.48616870390694,40
1.0,1.3,0.2,40,0.0012658227848101268,1.5374122295716153,56.81479491705837,40,0.00268987341772152,4.891823413179639,1370.3682410542756,40
1.0,1.3,0.3,40,-0.004272151898734181,-0.3023973798543619,-0.01384723561516421,40,-0.009493670886075951,-0.5570367650049554,-2.845637256381406,40
1.0,1.3,0.4,40,0.0020569620253164576,0.129293960432051,0.03912948292990355,40,-0.01075949367088608,-0.6659940463199203,-4.791411353485715,40
1.0,1.3,0.5,40,-0.0360759493670886,-1.0298976952127485,-2.3552147007030944,40,-0.06803797468354428,-1.8018095395358131,-88.9502346119778,40
1.0,1.3,0.6,40,-0.03370253164556962,-1.129015252430435,-2.6734216299374594,40,-0.07088607594936709,-2.1903959852749044,-107.79135708131905,40
1.0,1.3,0.7,40,-0.0034810126582278484,-0.15427961023661912,-0.05153189311428253,40,-0.048417721518987336,-1.9086384546491824,-105.14678779455284,40
1.0,1.3,0.8,40,-0.0031645569620253173,-0.12653523921208662,-0.031566610779424804,40,-0.05253164556962024,-2.146797187405795,-123.08049399986962,40
1.0,1.3,0.9,40,0.009810126582278481,1.2475982990705312,31.154524984709987,40,-0.013765822784810125,-1.9866752716863165,-118.10253399058988,40
1.0,1.3,1.0,40,-0.013291139240506325,-0.4688647783580004,-0.9385096186607704,30,-0.045569620253164564,-1.6220014702919456,-65.46918160827899,30
1.0,1.4,0.0,40,0.0,0.0,0.0,10,0.0,0.0,0.0,10
1.0,1.4,0.1,40,0.006170886075949367,1.6317328761725034,67.3827805434101,40,0.00379746835443038,2.351076148302754,181.4391322775817,40
1.0,1.4,0.2,40,0.0014240506329113924,2.6825174318556764,252.1437533670954,40,0.003006329113924051,4.693917750639146,1365.80551792693,40
1.0,1.4,0.3,40,-0.007911392405063292,-0.8206311945066619,-0.19187280156665623,40,-0.02278481012658228,-1.4243380433324788,-11.279807379470688,40
1.0,1.4,0.4,40,0.001582278481012659,0.09520212239630657,0.016792865876239994,40,-0.015506329113924055,-0.7784620384092438,-7.569652553487335,40
1.0,1.4,0.5,40,-0.017721518987341776,-0.5879979193956586,-1.1044838454677304,40,-0.062183544303797446,-1.9043485679280832,-104.46326870441138,40
1.0,1.4,0.6,40,-0.017721518987341776,-0.7630350979760976,-1.4833235784191539,40,-0.048734177215189876,-1.9210633905631012,-105.26778825239695,40
1.0,1.4,0.7,40,0.004746835443037974,0.2922850668237706,0.47308313128312307,40,-0.029430379746835444,-1.489725719952304,-51.04884825287266,40
1.0,1.4,0.8,40,-0.021202531645569615,-0.8470370436542878,-6.838655621221191,40,-0.05917721518987342,-2.120458755862961,-122.96015945920516,40
1.0,1.4,0.9,40,0.0017405063291139257,0.16795938543338385,0.08306012820181065,40,-0.018037974683544303,-1.47109256577917,-49.2023707368803,40
1.0,1.4,1.0,40,0.00611086861632475,0.5631381833636949,3.0521688810402523,29,-0.015058926233085988,-1.702018344074341,-75.35700079051608,29
1.0,1.5,0.0,40,0.0,0.0,0.0,10,0.0,0.0,0.0,10
1.0,1.5,0.1,40,0.006962025316455696,2.017823941744969,123.72134758977461,40,0.0028481012658227852,2.516080547726025,221.38133459173923,40
1.0,1.5,0.2,40,0.0033227848101265826,2.59248621205046,251.5155789244199,40,0.0033227848101265835,4.234891565240258,1013.7411295222026,40
1.0,1.5,0.3,40,0.0023734177215189887,0.19372576208046077,0.12650192186942905,40,-0.01313291139240506,-0.761638857413969,-7.104913010535702,40
1.0,1.5,0.4,40,0.024841772151898735,4.955192449459694,935.917980042997,40,0.0017405063291139236,1.1204405700569438,20.376422500629044,40
1.0,1.5,0.5,40,-0.0295886075949367,-1.0456169310893961,-1.6533883011411787,40,-0.0587025316455696,-2.02483720489234,-104.93023490319013,40
1.0,1.5,0.6,40,0.00458860759493671,0.25944269906807027,0.3413807631753953,40,-0.024208860759493675,-1.2109780375616794,-27.773262357754625,40
1.0,1.5,0.7,40,-0.02563291139240506,-1.3517389310298238,-10.933685033874395,40,-0.057278481012658235,-2.666181544176071,-276.6334366352329,40
1.0,1.5,0.8,40,-0.016455696202531643,-0.8302246215139006,-6.449982262167323,40,-0.04715189873417721,-2.010808381523308,-122.29564556364552,40
1.0,1.5,0.9,40,0.007278481012658228,0.4688573054342936,1.7953353454111156,40,-0.025000000000000005,-1.4606849077480748,-48.19301126002826,40
1.0,1.5,1.0,40,0.024006983849847233,3.103741310461182,13.60617899981382,29,-0.002182453077258839,-1.6252721107440018,-65.85453264930818,29
1.0,1.6,0.0,40,0.0,0.0,0.0,10,0.0,0.0,0.0,10
1.0,1.6,0.1,40,-0.019145569620253163,-1.1097564902279362,-0.7703063217813098,40,-0.022151898734177215,-1.042074303692052,-11.866848131676399,40
1.0,1.6,0.2,40,0.012341772151898734,2.587644193482231,250.19567502382415,40,0.003164556962025317,1.2747548783981972,29.769025512373936,40
1.0,1.6,0.3,40,0.00506329113924051,0.28411589101374723,0.4387724120067166,40,-0.020569620253164556,-0.9950603595410111,-15.631336797718722,40
1.0,1.6,0.4,40,0.023259493670886075,3.2021192839891426,454.55036687329084,40,-0.0058544303797468345,-0.9063739559681883,-11.850476240227874,40
1.0,1.6,0.5,40,0.007911392405063288,0.37145768272239826,0.9275958062564439,40,-0.022310126582278482,-1.034976351815579,-17.536372720234606,40
1.0,1.6,0.6,40,-0.004746835443037977,-0.18326994820834305,-0.0023777805405373045,40,-0.037816455696202525,-1.5054060825217428,-52.63482942125574,40
1.0,1.6,0.7,40,0.00458860759493671,0.7213161297415756,6.296049819766074,40,-0.019462025316455692,-2.843169542637938,-333.2862607535026,40
1.0,1.6,0.8,40,-0.016772151898734176,-0.7006309100815533,-3.9264732391703476,40,-0.05886075949367089,-2.5234584961713806,-235.934614232326,40
1.0,1.6,0.9,40,0.019145569620253163,2.0670503964211817,6.936965606712427,40,-0.007911392405063288,-2.268884146286755,-173.38706424290154,40
1.0,1.6,1.0,40,0.010912265386294195,1.255307044856882,4.265406203104855,29,-0.017459624618070713,-2.1014205807900908,-138.8869464387565,29
1.0,1.7,0.0,40,0.0,0.0,0.0,10,0.0,0.0,0.0,10
1.0,1.7,0.1,40,-0.01708860759493671,-0.8666772343547415,-0.5295082439124144,40,-0.01740506329113924,-0.7742226913850424,-7.4511412817575025,40
1.0,1.7,0.2,40,0.006487341772151899,2.6188458114683306,250.40783167213576,40,0.002215189873417722,0.8689289582994204,9.694707781085516,40
1.0,1.7,0.3,40,0.003006329113924057,0.13953431287222923,0.04850898801987907,40,-0.02863924050632911,-1.237320920186853,-29.584045033088,40
1.0,1.7,0.4,40,-0.0014240506329113896,-0.06772377677257789,-0.00025801347613007484,40,-0.021044303797468356,-1.0335653716078155,-17.467226827296,40
1.0,1.7,0.5,40,0.028797468354430377,3.4282559133857027,381.1534715134864,40,-0.004905063291139239,-1.7139007886901862,-76.898290559856,40
1.0,1.7,0.6,40,0.013132911392405064,2.1850837099359413,155.11830979050865,40,-0.006329113924050634,-1.7188791273808215,-77.54899059985361,40
1.0,1.7,0.7,40,0.003164556962025316,0.6289177413262955,4.207604535094574,40,-0.01629746835443038,-2.879197075735811,-345.6293959521006,40
1.0,1.7,0.8,40,0.004905063291139239,0.3837371919601335,1.0145469851038285,40,-0.03544303797468355,-3.117532399905864,-399.62242892905664,40
1.0,1.7,0.9,40,0.014082278481012655,1.673693388270207,5.54945220166123,40,-0.0129746835443038,-2.2423015522552414,-167.589870745634,40
1.0,1.7,1.0,40,-0.021169794849410735,-0.8254582499153903,-6.342466075858723,29,-0.04430379746835444,-1.6004216001770846,-62.95732857189124,29
1.0,1.8,0.0,40,0.0,0.0,0.0,10,0.0,0.0,0.0,10
1.0,1.8,0.1,40,0.009968354430379746,1.8095702934187534,90.6415407295847,40,0.004113924050632912,3.9105425950206714,803.6981311381244,40
1.0,1.8,0.2,40,0.010759493670886074,1.6794554386974878,73.18752828227433,40,-0.0022151898734177203,-0.3087182651440539,-0.5073831898134501,40
1.0,1.8,0.3,40,-0.01772151898734177,-0.7245004210289128,-0.46624195153845904,40,-0.0490506329113924,-1.8389305625834353,-74.09140180784009,40
1.0,1.8,0.4,40,0.016139240506329113,2.454394285655869,215.49894996750933,40,-0.001740506329113924,-0.9052143903798647,-11.80671885301831,40
1.0,1.8,0.5,40,-0.008544303797468355,-0.7768459505408849,-1.1269977589191564,40,-0.025316455696202528,-2.300569682739462,-180.53709851846673,40
1.0,1.8,0.6,40,0.006645569620253165,1.078770529633586,20.532112822654145,40,-0.008544303797468355,-1.5826285859683342,-60.92904111708623,40
1.0,1.8,0.7,40,0.014398734177215192,3.391430155125929,33.15894698964425,40,-0.0064873417721519,-2.841612729038777,-332.7605584881251,40
1.0,1.8,0.8,40,-0.013449367088607597,-0.6249865706406813,-2.8064324046365043,40,-0.04287974683544303,-1.9999032958569298,-120.39011691532535,40
1.0,1.8,0.9,40,-0.00917721518987342,-0.39460347844734,-0.7322316529556495,40,-0.034335443037974686,-1.4510961699306237,-47.27101429870275,40
1.0,1.8,1.0,40,-0.02095154954168485,-1.1344361682022936,-16.09138444757437,29,-0.049323439546049765,-2.515930160608076,-233.90831515688083,29
1.0,1.9,0.0,40,0.0,0.0,0.0,10,0.0,0.0,0.0,10
1.0,1.9,0.1,40,0.01471518987341772,2.5229822461206792,203.67748504888283,40,0.004905063291139241,3.3206141564465055,498.2867893872711,40
1.0,1.9,0.2,40,0.0053797468354430415,0.6233039446236537,4.100013859970141,40,-0.006645569620253167,-0.6593696389250234,-4.655551363785085,40
1.0,1.9,0.3,40,0.010917721518987344,0.8921616927883095,11.828078870478624,40,-0.023101265822784812,-1.6652001749119283,-70.70052797616673,40
1.0,1.9,0.4,40,0.010284810126582278,2.510928857375918,229.57743173667492,40,-0.005221518987341773,-1.6504761675824202,-68.88920048100343,40
1.0,1.9,0.5,40,-0.0028481012658227883,-0.22478576310268159,-0.14788716208662975,40,-0.023734177215189882,-2.044642309173682,-128.33492633761944,40
1.0,1.9,0.6,40,-0.001898734177215193,-0.13864087159452995,-0.039617189610886686,40,-0.017405063291139243,-1.2226867688837029,-28.56668052394089,40
1.0,1.9,0.7,40,-0.007911392405063292,-0.664421647790545,-3.364463959882424,40,-0.03196202531645571,-2.4209507773826235,-209.29039118426886,40
1.0,1.9,0.8,40,-0.024841772151898735,-2.0076025992300828,-82.80557080532225,40,-0.042088607594936704,-2.7984540123599024,-318.3662227273202,40
1.0,1.9,0.9,40,-0.027373417721518987,-1.1190853950146165,-15.466919706122837,40,-0.04968354430379746,-1.9779697990122864,-116.61211403287524,40
1.0,1.9,1.0,40,-0.025098210388476653,-1.2766131462219588,-22.663997431443285,29,-0.03841117415975556,-1.9201378377461062,-106.99374199942343,29
1.0,2.0,0.0,40,0.0,0.0,0.0,10,0.0,0.0,0.0,10
1.0,2.0,0.1,40,-0.002373417721518986,-0.2431230570201116,-0.18389393543743346,40,-0.009018987341772151,-0.7140019564461406,-5.887728141546965,40
1.0,2.0,0.2,40,-0.005854430379746834,-0.3368311274966289,-0.46383809827191447,40,-0.0310126582278481,-1.3992094613040964,-42.49212806014655,40
1.0,2.0,0.3,40,0.002056962025316457,0.1802282477011403,0.10204499790209369,40,-0.023259493670886075,-1.83006942997546,-74.3070397834385,40
1.0,2.0,0.4,40,0.014240506329113922,2.672793729963239,230.66943853024893,40,-0.0011075949367088608,-0.8940062510482936,-11.388463058120005,40
1.0,2.0,0.5,40,0.0011075949367088584,0.07174387495567326,0.008186188284344566,40,-0.024683544303797468,-1.8864362671846029,-101.6382838518708,40
1.0,2.0,0.6,40,-0.008860759493670886,-0.4232321618344705,-0.896758806240341,40,-0.027531645569620254,-1.3688899693693533,-39.84884715736998,40
1.0,2.0,0.7,40,-0.009177215189873418,-1.0165615561900576,-11.687851494872081,40,-0.024841772151898728,-2.373853418080024,-197.67067950175297,40
1.0,2.0,0.8,40,-0.005221518987341772,-1.1654009254067959,-17.400079037585822,40,-0.014873417721518989,-2.857480990593079,-338.15717843121024,40
1.0,2.0,0.9,40,-0.045094936708860764,-1.8785904611222857,-68.68993579186107,40,-0.06835443037974684,-2.6483841435118114,-271.33913828508895,40
1.0,2.0,1.0,40,-0.03513749454386731,-1.3629218655855426,-27.38617873832464,29,-0.04866870362287213,-1.8335266203408411,-93.57584327179646,29
2.0,1.1,0.0,40,,0.0,0.0,0,,0.0,0.0,0
2.0,1.1,0.1,40,0.0,0.0,0.0,40,0.0007911392405063292,2.360387377408329,183.5438240104535,40
2.0,1.1,0.2,40,0.00031645569620253165,1.4327007988227587,43.77950728467067,40,0.0018987341772151902,3.1224989991991996,416.42204091305354,40
2.0,1.1,0.3,40,0.0007911392405063292,1.4034589305344747,43.720336015983406,40,0.003639240506329116,6.618349323713632,3425.2979707562567,40
2.0,1.1,0.4,40,0.0020569620253164562,2.9624817752983237,365.9508744694971,40,0.006962025316455697,7.728788858235802,4165.379692890927,40
2.0,1.1,0.5,40,0.005379746835443039,3.774791627775318,716.3159261606158,40,0.008702531645569622,8.06225774829855,4186.209935405527,40
2.0,1.1,0.6,40,0.007594936708860761,4.088310863215482,791.6687329642267,40,0.007278481012658228,5.81084825535898,2508.9339102524877,40
2.0,1.1,0.7,40,0.010126582278481015,5.310686380356921,864.5325586005187,40,0.009810126582278483,6.006012387022713,2515.768073924074,40
2.0,1.1,0.8,40,0.01408227848101266,6.198995139447836,912.9173517078943,40,0.0034810126582278484,0.8051728624156776,7.767303243973687,40
2.0,1.1,0.9,40,0.0194620253164557,6.03671368986717,906.8289622419165,40,0.002689873417721519,2.0389964333422923,119.00684907962263,40
2.0,1.1,1.0,40,0.017299578059071733,5.731468438212065,890.2550951297551,30,0.00021097046413502148,0.11671083285771316,0.02898169361631083,30
2.0,1.2,0.0,40,0.0,0.0,0.0,10,0.0,0.0,0.0,10
2.0,1.2,0.1,40,0.0,0.0,0.0,40,0.000949367088607595,2.6234238965856176,250.17800765978464,40
2.0,1.2,0.2,40,0.00015822784810126583,1.0000000000000002,16.528236616115763,40,0.0034810126582278493,3.0752095583318084,398.25843916371423,40
2.0,1.2,0.3,40,0.002215189873417722,1.862321015407471,98.38167435116836,40,0.004588607594936711,7.659922885032933,4117.137976282639,40
2.0,1.2,0.4,40,0.00537974683544304,4.098453054100013,825.5450591744433,40,0.008069620253164558,8.395993286452596,4506.322912084608,40
2.0,1.2,0.5,40,0.010601265822784808,3.483043455411668,573.7995814313753,40,0.008227848101265818,6.718916253119867,3488.4019212673065,40
2.0,1.2,0.6,40,0.01060126582278481,3.8532908085332456,758.0471636679149,40,0.006012658227848104,3.2426167067348746,464.8656423903677,40
2.0,1.2,0.7,40,0.01835443037974684,5.426098909127417,867.8664199527624,40,0.005221518987341773,5.301686107182009,1935.2250811433585,40
2.0,1.2,0.8,40,0.023259493670886075,3.9522998767278104,784.2155125642417,40,0.0033227848101265826,2.8224436309735497,309.91242583839005,40
2.0,1.2,0.9,40,0.03433544303797468,4.786714937428743,831.7323848438025,40,0.002215189873417722,1.79819424369868,82.27412412861804,40
2.0,1.2,1.0,40,0.02848101265822785,2.7232945862491627,288.9126498386078,30,-0.0018987341772151891,-0.4089015926748052,-1.150874105564391,30
2.0,1.3,0.0,40,0.0,0.0,0.0,10,0.0,0.0,0.0,10
2.0,1.3,0.1,40,0.0,0.0,0.0,40,0.0011075949367088608,2.8762349126466136,327.4680800959703,40
2.0,1.3,0.2,40,0.0020569620253164554,1.0818894657940146,20.701976773154378,40,0.004272151898734178,3.2147764074744805,453.31271655989576,40
2.0,1.3,0.3,40,0.0036392405063291147,2.7586422333454546,299.5723841978936,40,0.0061708860759493705,7.705736718729652,4149.173860497836,40
2.0,1.3,0.4,40,0.01123417721518987,5.822561680349055,886.2738181745184,40,0.008702531645569622,8.06225774829855,4401.135704721902,40
2.0,1.3,0.5,40,0.012025316455696202,5.977750625282981,891.6888025321042,40,0.004588607594936711,3.018835010987205,377.23896147020145,40
2.0,1.3,0.6,40,0.014082278481012659,2.9880684142683585,374.85803364155714,40,0.0020569620253164554,0.590362017872398,3.2116396483358165,40
2.0,1.3,0.7,40,0.018512658227848096,3.9842655357413714,786.0327560059326,40,0.000949367088607595,0.46108396762070414,1.5190901330676159,40
2.0,1.3,0.8,40,0.02136075949367089,3.984265535741372,786.0327560059326,40,0.000949367088607595,0.9241291027449282,11.575924634735971,40
2.0,1.3,0.9,40,0.042405063291139244,4.566367823821219,818.9525202105808,40,-0.004746835443037974,-1.8983403537202246,-103.5106963257338,40
2.0,1.3,1.0,40,0.021097046413502112,2.408318915758459,204.26521299511117,30,-0.007594936708860759,-1.1110935924690855,-21.580166566749323,30
2.0,1.4,0.0,40,0.0,0.0,0.0,10,0.0,0.0,0.0,10
2.0,1.4,0.1,40,0.0,0.0,0.0,40,0.0011075949367088608,2.8762349126466136,327.4680800959703,40
2.0,1.4,0.2,40,0.0014240506329113924,2.467124885836172,218.67876743324973,40,0.005379746835443041,5.666666666666671,2336.992868250669,40
2.0,1.4,0.3,40,0.004905063291139242,4.287314911636989,907.2743155968682,40,0.007436708860759494,5.637225433358101,2302.9036683811573,40
2.0,1.4,0.4,40,0.018670886075949363,3.968769484578243,821.8822544547446,40,0.005854430379746836,4.282653370291851,1047.4206807744915,40
2.0,1.4,0.5,40,0.015189873417721522,3.466880678252306,566.4680610402312,40,0.0028481012658227857,0.9556514694888337,12.748948490245516,40
2.0,1.4,0.6,40,0.022784810126582275,4.143486244802745,900.965781684458,40,0.0009493670886075953,0.7579367289598675,6.522075233414107,40
2.0,1.4,0.7,40,0.03259493670886076,3.895103449540534,780.913434749967,40,-0.0014240506329113926,-1.1572064416612522,-24.304577134993735,40
2.0,1.4,0.8,40,0.027848101265822777,3.7999305486300567,729.5013520567561,40,-0.003164556962025317,-1.7188791273808213,-77.54899059985358,40
2.0,1.4,0.9,40,0.054905063291139235,4.706110253539083,821.9617185343992,40,-0.00680379746835443,-2.0178051101615018,-123.5268931857584,40
2.0,1.4,1.0,40,0.00894805761676124,1.1557650881730333,25.018750013622963,29,-0.009602793539938892,-1.41982981292024,-44.35258808161309,29
2.0,1.5,0.0,40,0.0,0.0,0.0,10,0.0,0.0,0.0,10
2.0,1.5,0.1,40,0.0,0.0,0.0,40,0.0017405063291139242,3.4390504022437534,551.9703339678499,40
2.0,1.5,0.2,40,0.0030063291139240506,3.5470790006704553,603.4529566463214,40,0.0055379746835443056,5.438937703601068,2080.7885822110634,40
2.0,1.5,0.3,40,0.006012658227848103,5.538339337236306,959.6959428537225,40,0.007278481012658229,6.763505828080175,3146.724527415279,40
2.0,1.5,0.4,40,0.0254746835443038,5.0809203072193325,941.4091654739119,40,0.003164556962025317,1.6233099319400268,60.61581683382891,40
2.0,1.5,0.5,40,0.02136075949367089,4.250856993430165,905.7857137563147,40,0.002215189873417722,2.7592654487622377,66.2687377564872,40
2.0,1.5,0.6,40,0.034810126582278486,4.194648769536765,903.3263254787703,40,-0.0025316455696202536,-1.6507243348585867,-68.91935906959621,40
2.0,1.5,0.7,40,0.028481012658227854,2.714234863736445,286.21563887964203,40,-0.00791139240506329,-2.1915646613834214,-156.83931311867798,40
2.0,1.5,0.8,40,0.02705696202531645,2.3732222985529323,195.96864528368263,40,-0.014556962025316459,-1.9427876132528135,-110.69095836467966,40
2.0,1.5,0.9,40,0.04762658227848101,2.9330968408754483,355.8812733015519,40,-0.018670886075949373,-2.2532622174176824,-169.96501269078723,40
2.0,1.5,1.0,40,0.005237887385421212,0.5564439389235881,2.9485587086863396,29,-0.019205587079877785,-1.8820108346128561,-100.94863978618748,29
2.0,1.6,0.0,40,0.0,0.0,0.0,10,0.0,0.0,0.0,10
2.0,1.6,0.1,40,0.0,0.0,0.0,40,0.0020569620253164562,3.9105425950206723,803.698131138125,40
2.0,1.6,0.2,40,0.007278481012658229,4.093842337620798,894.2052273823069,40,0.005537974683544307,6.073869597866909,2101.912357837532,40
2.0,1.6,0.3,40,0.01060126582278481,5.741415210214275,966.1700585460256,40,0.005221518987341774,4.714285714285718,1382.9152075777304,40
2.0,1.6,0.4,40,0.019778481012658222,2.2785287557401643,174.6556491000903,40,-0.004905063291139241,-0.8428411280865588,-9.562858980048125,40
2.0,1.6,0.5,40,0.02768987341772152,3.6241387530301825,640.3051760678535,40,-0.00015822784810126553,-0.058492330695923196,-0.005699230331402209,40
2.0,1.6,0.6,40,0.02990506329113924,2.930329635532202,354.9439233828322,40,-0.017088607594936706,-2.0753492924454164,-133.97220429471122,40
2.0,1.6,0.7,40,0.019936708860759496,1.860238161206571,98.06901588522344,40,-0.01518987341772152,-2.208899148317327,-160.45563264430257,40
2.0,1.6,0.8,40,0.00458860759493671,0.372925850675635,0.9376153733923631,40,-0.02990506329113925,-2.8089834310038673,-321.8427514463081,40
2.0,1.6,0.9,40,0.002056962025316459,0.10475777022461841,0.0216114478713068,40,-0.056329113924050635,-3.132649790634051,-441.1783232314857,40
2.0,1.6,1.0,40,0.00109122653862942,0.09177015763621299,0.01527220820030956,29,-0.026189436927106065,-2.636975992326429,-267.9766285633644,29
2.0,1.7,0.0,40,0.0,0.0,0.0,10,0.0,0.0,0.0,10
2.0,1.7,0.1,40,0.0004746835443037975,1.7782469350914571,86.24219619933199,40,0.003006329113924052,4.425083389516234,1151.9005084344149,40
2.0,1.7,0.2,40,0.011867088607594934,2.1537036893108334,148.87799183962343,40,0.006012658227848104,4.848110314617904,1498.6965491028182,40
2.0,1.7,0.3,40,-0.003797468354430377,-0.21512105689345176,-0.0037589731513183264,40,-0.013765822784810125,-0.7434505000487389,-6.625304848912045,40
2.0,1.7,0.4,40,0.007278481012658228,0.9793317608361988,15.543695176229,40,-0.009968354430379746,-1.2960531942073443,-33.89795225209338,40
2.0,1.7,0.5,40,0.025316455696202538,2.9931724173333465,376.6495822061233,40,-0.007594936708860758,-1.9028635654059174,-104.2275986143624,40
2.0,1.7,0.6,40,0.017405063291139236,1.6796892488603523,73.21662826205807,40,-0.02215189873417721,-2.5340424163265163,-238.80276672842012,40
2.0,1.7,0.7,40,0.007594936708860761,0.5863280713455534,3.431168269866736,40,-0.025158227848101268,-2.424589922123332,-210.20004288045084,40
2.0,1.7,0.8,40,-0.006329113924050634,-0.605142283350446,-2.5530856283359773,40,-0.031803797468354426,-3.0249141146996137,-398.74515350191723,40
2.0,1.7,0.9,40,-0.0504746835443038,-1.8786896225958742,-68.70016358604896,40,-0.10854430379746835,-3.7984407138169645,-768.4931832288432,40
2.0,1.7,1.0,40,-0.04452204277608032,-1.7620849592077386,-57.25456453147255,29,-0.07223919685726758,-2.7296639986452593,-296.1828739730609,29
2.0,1.8,0.0,40,0.0,0.0,0.0,10,0.0,0.0,0.0,10
2.0,1.8,0.1,40,0.0014240506329113924,1.9404114673681159,110.63754471524058,40,0.00348101265822785,6.2972583069836015,2605.8162430619386,40
2.0,1.8,0.2,40,0.015664556962025317,3.6584405313463555,615.0868155061311,40,0.006012658227848103,4.096424208888243,920.3020444146638,40
2.0,1.8,0.3,40,0.0056962025316455705,0.35332976413788736,0.8074981592226832,40,-0.015348101265822783,-0.9490235790084944,-13.614512438037657,40
2.0,1.8,0.4,40,0.022151898734177215,3.0606612126832218,234.57204284046594,40,-0.007436708860759492,-1.7370787176656755,-79.95854783282067,40
2.0,1.8,0.5,40,0.02056962025316455,2.5099686551008933,229.565324039727,40,-0.0120253164556962,-2.322998155247494,-185.6671778538663,40
2.0,1.8,0.6,40,-0.0052215189873417705,-0.3772204015724903,-0.6431195181309469,40,-0.0379746835443038,-2.6269675419490204,-265.0484195206824,40
2.0,1.8,0.7,40,-0.021835443037974682,-1.391907123472669,-29.100625965397963,40,-0.05268987341772152,-3.4805502108859767,-597.8678715026028,40
2.0,1.8,0.8,40,-0.02041139240506329,-1.9418139051918049,-75.41643749838516,40,-0.04525316455696203,-4.008591747930392,-896.2752858372312,40
2.0,1.8,0.9,40,-0.08908227848101266,-3.1089014407702593,-266.9319267980098,40,-0.13370253164556964,-4.018911255057412,-902.8554984906058,40
2.0,1.8,1.0,40,-0.07922304670449584,-2.588408600928823,-165.96914470538584,29,-0.10541248363160192,-3.2646048925963287,-497.00897522343905,29
2.0,1.9,0.0,40,0.0,0.0,0.0,10,0.0,0.0,0.0,10
2.0,1.9,0.1,40,0.002215189873417722,2.4027929368301737,202.9460637870112,40,0.005063291139240509,6.149648918286464,2600.0878321533905,40
2.0,1.9,0.2,40,0.0175632911392405,3.5692354448399017,613.918623803247,40,0.003164556962025317,2.7386127875258306,283.74571303698855,40
2.0,1.9,0.3,40,0.0007911392405063288,0.050477589980096535,0.0035968607299303843,40,-0.02199367088607595,-1.511091601617277,-53.21787788491016,40
2.0,1.9,0.4,40,0.0240506329113924,2.7538382488803683,231.968474863416,40,-0.016930379746835443,-1.9843888974292423,-117.71022162613465,40
2.0,1.9,0.5,40,-0.023575949367088615,-1.5131478026023404,-37.021649733787825,40,-0.04920886075949367,-2.796220969406717,-317.634240600633,40
2.0,1.9,0.6,40,-0.0240506329113924,-1.7677728386464429,-57.78214808682636,40,-0.05284810126582279,-3.472699252329118,-594.0006269007143,40
2.0,1.9,0.7,40,-0.04620253164556962,-2.0150209576125664,-83.66385410056786,40,-0.0768987341772152,-3.2342846966507652,-483.8087560339694,40
2.0,1.9,0.8,40,-0.06170886075949368,-2.8643214489174493,-215.54853990830406,40,-0.08765822784810126,-3.8099506441834254,-775.1715214218514,40
2.0,1.9,0.9,40,-0.10664556962025315,-3.664736929672841,-304.8174692797967,40,-0.146993670886076,-4.325847303863532,-1113.6918856564607,40
2.0,1.9,1.0,40,-0.13225665648188564,-3.7993970428478736,-306.6989122653687,29,-0.16062854648625058,-4.338799776962653,-1123.1987562373747,29
2.0,2.0,0.0,40,0.0,0.0,0.0,10,0.0,0.0,0.0,10
2.0,2.0,0.1,40,0.002689873417721519,2.6616205136424638,270.8546398723906,40,0.006487341772151901,6.8455335453919535,2629.5781884248026,40
2.0,2.0,0.2,40,0.01060126582278481,1.654563487734436,70.11787446795648,40,-0.005537974683544304,-0.8952051536083134,-11.432669128598572,40
2.0,2.0,0.3,40,-0.010443037974683544,-0.41819255349343226,-0.02524189283023365,40,-0.040031645569620265,-1.6511730088033165,-68.97390020838523,40
2.0,2.0,0.4,40,0.018829113924050636,1.8124701627711244,91.05524595654512,40,-0.024841772151898735,-2.4764342159620774,-223.4576086865181,40
2.0,2.0,0.5,40,-0.051740506329113936,-2.2720600145316534,-117.00837637519577,40,-0.07579113924050634,-3.0418433200633346,-405.2224106769077,40
2.0,2.0,0.6,40,-0.02658227848101266,-2.4760865022878793,-148.2918377069417,40,-0.0490506329113924,-4.079708092356397,-842.7250531316073,40
2.0,2.0,0.7,40,-0.05458860759493671,-2.735245134822606,-191.25704457402068,40,-0.0857594936708861,-3.9186822993552175,-840.1407874914883,40
2.0,2.0,0.8,40,-0.08370253164556962,-3.6341562419553344,-303.44831310427475,40,-0.11787974683544307,-4.747337035330331,-1178.6046203728972,40
2.0,2.0,0.9,40,-0.08196202531645569,-3.4839277163173903,-301.5368391640865,40,-0.1223101265822785,-4.403346579429161,-1171.3840493925698,40
2.0,2.0,1.0,40,-0.08446093408991709,-3.30724365495268,-297.44652281812483,29,-0.1204714098646879,-4.464688209433865,-1172.5925074971944,29
3.0,1.1,0.0,40,,0.0,0.0,0,,0.0,0.0,0
3.0,1.1,0.1,40,0.0028481012658227852,1.0000000000000009,16.528236616115773,40,0.004272151898734178,3.6022585338862974,632.5506350378929,40
3.0,1.1,0.2,40,0.00031645569620253165,1.0000000000000004,16.528236616115773,40,0.004746835443037977,6.708203932499373,2299.1922597895477,40
3.0,1.1,0.3,40,0.0004746835443037975,1.3556165885229265,39.56179492022006,40,0.004430379746835445,5.597130412314781,2256.8905840309453,40
3.0,1.1,0.4,40,0.006170886075949368,1.7669796147062098,84.68541016271354,40,0.008069620253164557,6.730935560818763,3495.9808625542496,40
3.0,1.1,0.5,40,0.007436708860759494,2.8793966101950623,337.9207778390682,40,0.005854430379746838,1.9076740367228577,97.88354649929386,40
3.0,1.1,0.6,40,0.01471518987341772,2.871409973089139,335.30214521379395,40,0.0063291139240506345,3.386825687172891,527.8334607839172,40
3.0,1.1,0.7,40,-0.01661392405063291,-0.7285943436397759,-0.1323937109377179,40,-0.03306962025316455,-1.3408353744166324,-16.604774328975363,40
3.0,1.1,0.8,40,0.02104430379746836,5.88032879638088,898.9630080389339,40,0.006329113924050634,4.472135954999579,687.9904568864666,40
3.0,1.1,0.9,40,0.021202531645569622,3.0670598560079148,403.1818702885061,40,0.003639240506329114,2.396913916715344,192.05513290205906,40
3.0,1.1,1.0,40,0.01540084388185654,2.122601507411717,142.86661792896936,30,-0.0033755274261603376,-0.7487026935616169,-0.14598210068931344,30
3.0,1.2,0.0,40,0.0,0.0,0.0,10,0.0,0.0,0.0,10
3.0,1.2,0.1,40,0.0009493670886075945,0.9999999999999991,16.528236616115706,40,-0.00015822784810126455,-0.04139574620062159,-7.093607372135038e-05,40
3.0,1.2,0.2,40,0.0015822784810126584,1.7060034470053185,76.55736587901049,40,0.006803797468354432,4.611443205124642,1297.740185880921,40
3.0,1.2,0.3,40,0.0011075949367088608,2.0142802289563217,123.10438373279408,40,0.006012658227848105,6.262369375482903,3094.1403933121064,40
3.0,1.2,0.4,40,0.006645569620253165,3.5315833868498845,596.1816230159342,40,0.008860759493670885,8.37427252762725,4504.793007359619,40
3.0,1.2,0.5,40,0.014873417721518987,4.012478200801135,795.6346114002745,40,0.010126582278481013,7.468369053069698,3984.6606430767138,40
3.0,1.2,0.6,40,0.01281645569620253,1.8334572380019556,94.09164091088846,40,0.0009493670886075953,0.22154919135402829,0.17591745865364197,40
3.0,1.2,0.7,40,-0.0028481012658227813,-0.14151591095737487,-0.0016835159016938145,40,-0.028797468354430384,-1.4271783428988811,-16.771301828696465,40
3.0,1.2,0.8,40,0.020569620253164556,4.205854366247186,798.0758173689476,40,-0.005537974683544304,-1.0016787337386566,-15.93468950320199,40
3.0,1.2,0.9,40,0.027056962025316454,3.6097509597709845,633.3173269556573,40,-0.003481012658227848,-1.2070340308334302,-27.510926510531174,40
3.0,1.2,1.0,40,0.027848101265822784,2.777573381185637,305.3930978264638,30,5.782411586589357e-20,3.601071138518225e-17,4.669765825806498e-50,30
3.0,1.3,0.0,40,0.0,0.0,0.0,10,0.0,0.0,0.0,10
3.0,1.3,0.1,40,0.0004746835443037975,1.3556165885229265,39.56179492022006,40,0.003955696202531647,4.272988060630658,1040.5909581650374,40
3.0,1.3,0.2,40,0.002531645569620254,1.7075970984009348,76.56201278775285,40,0.0037974683544303813,1.7489492643904134,75.74553973981602,40
3.0,1.3,0.3,40,0.002056962025316456,1.2661988578242125,32.50526274361586,40,0.00870253164556962,4.414056819444543,1143.631185537682,40
3.0,1.3,0.4,40,0.010759493670886073,3.1498658589815323,434.2441608907793,40,0.00759493670886076,5.285858351059239,1918.8485545482595,40
3.0,1.3,0.5,40,0.023417721518987338,3.9191703755618015,794.1639999703698,40,0.007436708860759494,4.600230682114341,1288.657573463203,40
3.0,1.3,0.6,40,-0.0023734177215189865,-0.15233514977807278,-0.001428193657797563,40,-0.017721518987341773,-0.9811677183956882,-13.931467696290296,40
3.0,1.3,0.7,40,0.011234177215189874,1.2121719174911794,28.684548737740087,40,-0.007278481012658228,-0.829124801074536,-9.117089782438327,40
3.0,1.3,0.8,40,0.01012658227848101,1.475004201271205,50.44161576547946,40,-0.00870253164556962,-1.816971435269686,-91.14275101148273,40
3.0,1.3,0.9,40,0.015506329113924053,1.6389696872524897,68.24244764761947,40,-0.014873417721518987,-1.8832477812957111,-101.14096782400803,40
3.0,1.3,1.0,40,0.008438818565400845,1.1494279056341767,24.628179507570763,30,-0.009915611814345991,-1.665979090729603,-70.79681024490911,30
3.0,1.4,0.0,40,0.0,0.0,0.0,10,0.0,0.0,0.0,10
3.0,1.4,0.1,40,0.002848101265822785,1.0585887518019679,19.450863791181632,40,0.004905063291139242,5.499944970008654,2147.5267931719613,40
3.0,1.4,0.2,40,0.005854430379746837,1.191135443990406,27.2740182103542,40,0.007594936708860761,7.855844048495729,3611.136973938554,40
3.0,1.4,0.3,40,0.005063291139240507,3.1853322375247832,447.9682052081874,40,0.007278481012658229,2.9623326479552627,356.90037165219314,40
3.0,1.4,0.4,40,0.018196202531645563,3.4325515365976957,551.0899480063973,40,0.0056962025316455705,3.171830631376797,435.8909317035134,40
3.0,1.4,0.5,40,0.027215189873417728,3.6091316025957685,633.0187217474102,40,0.002689873417721519,1.7334355252911033,73.80764042287367,40
3.0,1.4,0.6,40,0.0245253164556962,3.042576888009356,394.27861094064883,40,-0.005063291139240506,-0.9560078104931524,-13.907586112425273,40
3.0,1.4,0.7,40,0.0023734177215189883,0.677897030046914,5.244898017427577,40,-0.003639240506329114,-1.0879250784963626,-20.28267202130275,40
3.0,1.4,0.8,40,-0.021044303797468352,-1.3847098985127768,-28.66992389084956,40,-0.034810126582278486,-2.2377282774731744,-166.6054859200906,40
3.0,1.4,0.9,40,1.7347234759768072e-19,2.366839463414725e-17,6.585533757969012e-49,40,-0.017246835443037976,-2.6528774519743723,-272.66881062891935,40
3.0,1.4,1.0,40,-0.0026189436927106066,-0.5041431970048121,-1.5028177409449583,29,-0.011348756001745964,-1.6039912160366532,-63.36783805645468,29
3.0,1.5,0.0,40,0.0,0.0,0.0,10,0.0,0.0,0.0,10
3.0,1.5,0.1,40,0.0014240506329113924,1.650946861427701,69.6799946441159,40,0.0055379746835443056,5.438937703601068,2080.7885822110634,40
3.0,1.5,0.2,40,0.006170886075949367,1.978160994021058,116.8903535490088,40,0.009651898734177215,7.003089165317277,3563.9289436159884,40
3.0,1.5,0.3,40,0.019620253164556962,3.0480778178613197,396.269127466313,40,0.010601265822784811,6.285737366856129,3126.3125610879906,40
3.0,1.5,0.4,40,0.01803797468354431,4.10186001835079,898.9618943690599,40,0.0012658227848101264,0.8498365855987974,9.098566144136962,40
3.0,1.5,0.5,40,0.020569620253164556,3.9361977887855244,803.6009901831925,40,-0.003797468354430379,-1.2006158583931217,-27.086755206741003,40
3.0,1.5,0.6,40,0.02563291139240506,3.526185772522109,593.6710920197473,40,-0.0025316455696202536,-1.4822898159913096,-50.30780590380473,40
3.0,1.5,0.7,40,-0.003639240506329114,-1.1084646783654628,-15.044305807060072,40,-0.01329113924050633,-2.7934815231112053,-270.21567067899576,40
3.0,1.5,0.8,40,-0.050949367088607575,-1.9145285010952682,-72.46444301659236,40,-0.07009493670886077,-2.4729296058439196,-222.54625250024722,40
3.0,1.5,0.9,40,-0.024683544303797468,-1.2019675046634921,-19.032135864509986,40,-0.04256329113924051,-1.9231413929422547,-107.47787368798362,40
3.0,1.5,1.0,40,-0.010475774770842427,-1.0958120778194678,-14.549607537149289,29,-0.017677869925796598,-1.7323903255193245,-79.33395491318966,29
3.0,1.6,0.0,40,0.0,0.0,0.0,10,0.0,0.0,0.0,10
3.0,1.6,0.1,40,0.002056962025316456,1.7035978711941162,76.24891101393226,40,0.006803797468354432,6.49195878995316,2965.2672891555508,40
3.0,1.6,0.2,40,0.011867088607594932,1.8262622351199476,93.04238275812357,40,0.0068037974683544345,1.7236811171053232,72.60803199065253,40
3.0,1.6,0.3,40,0.015506329113924055,1.4022913272287498,43.61608011501384,40,-0.004430379746835444,-0.4298818156178483,-1.3257036413527639,40
3.0,1.6,0.4,40,0.009810126582278481,1.4203089704186342,45.25440370664891,40,-0.009968354430379746,-1.4948483085894426,-51.563444823107986,40
3.0,1.6,0.5,40,0.014398734177215189,2.2957144143106363,178.40827325936252,40,-0.007120253164556961,-1.8703846851468535,-99.14799499203762,40
3.0,1.6,0.6,40,0.0125,2.291354923114171,177.45306874878537,40,-0.003164556962025317,-1.4327007988227576,-45.53753522273171,40
3.0,1.6,0.7,40,-0.0044303797468354415,-0.38667663104197986,-0.6907774090457152,40,-0.02389240506329115,-2.050574851076108,-129.41255050235657,40
3.0,1.6,0.8,40,-0.05901898734177215,-2.0158719038446042,-83.7623319170486,40,-0.07721518987341773,-2.502158350413505,-230.2311933319189,40
3.0,1.6,0.9,40,-0.03227848101265822,-2.3690560757975567,-131.41844474472796,40,-0.04731012658227848,-2.982366499103409,-382.75397515094176,40
3.0,1.6,1.0,40,-0.011348756001745963,-0.6792392531706507,-3.587301137892989,29,-0.0257529463116543,-1.5425636789962376,-56.52858078128781,29
3.0,1.7,0.0,40,0.0,0.0,0.0,10,0.0,0.0,0.0,10
3.0,1.7,0.1,40,0.0012658227848101266,1.5374122295716155,56.81479491705839,40,0.006962025316455697,7.28165310284089,3002.848738660755,40
3.0,1.7,0.2,40,0.00680379746835443,1.39320654165592,42.80846263246096,40,0.0031645569620253194,0.4325969430811414,1.2756968758988216,40
3.0,1.7,0.3,40,0.01977848101265823,3.4739065239699407,569.6462010624575,40,-0.003797468354430379,-1.0710083209431243,-19.375588419542808,40
3.0,1.7,0.4,40,0.014715189873417722,2.195928970677229,157.3082815361594,40,-0.008386075949367088,-2.545209457638703,-241.85806225792535,40
3.0,1.7,0.5,40,0.009651898734177216,1.545965626038487,57.7242948163399,40,-0.0120253164556962,-2.6341765602960656,-267.1565009062103,40
3.0,1.7,0.6,40,-0.01170886075949367,-1.1698777631325932,-17.594394082296464,40,-0.026898734177215188,-2.09704100098513,-138.05511201425216,40
3.0,1.7,0.7,40,-0.015348101265822778,-0.9973940687152042,-11.050688030655776,40,-0.028481012658227854,-1.7365091181810064,-79.88261169701407,40
3.0,1.7,0.8,40,-0.06724683544303797,-2.390137936929901,-134.69179173486975,40,-0.08607594936708862,-2.8987021426013055,-352.4509762525883,40
3.0,1.7,0.9,40,-0.019778481012658226,-2.0440035969798993,-87.06853228753435,40,-0.03734177215189873,-3.435262105019178,-575.7507766364143,40
3.0,1.7,1.0,40,-0.02313400261894369,-1.5042217981469534,-36.396760424667335,29,-0.037974683544303806,-1.866364767451929,-98.5317936886254,29
3.0,1.8,0.0,40,0.0,0.0,0.0,10,0.0,0.0,0.0,10
3.0,1.8,0.1,40,0.003006329113924051,2.708622096817187,284.5528892228269,40,0.006645569620253167,5.870854611360726,2582.5880520417995,40
3.0,1.8,0.2,40,0.02468354430379747,3.547334326375256,603.5727426793131,40,0.006962025316455696,5.207752841213994,1839.2669774033357,40
3.0,1.8,0.3,40,0.019936708860759496,1.9763112257212712,116.58011541558375,40,-0.010601265822784811,-1.56773475223739,-59.26825010584846,40
3.0,1.8,0.4,40,0.0006329113924050646,0.06453593418021172,0.006347181010176305,40,-0.020886075949367085,-1.9834205356199508,-117.54440159412528,40
3.0,1.8,0.5,40,0.0015822784810126584,0.13576724242504495,0.04489050894918787,40,-0.022151898734177215,-1.8352096229694566,-93.82499259450672,40
3.0,1.8,0.6,40,-0.038291139240506325,-2.2265426677231277,-110.60193958464701,40,-0.05490506329113924,-2.6186054819449005,-262.6181829958745,40
3.0,1.8,0.7,40,-0.01993670886075949,-0.8778814125946426,-7.593085921723687,40,-0.042721518987341785,-1.8492972724148529,-95.93584940790836,40
3.0,1.8,0.8,40,-0.03765822784810126,-1.9433349466639984,-75.58252598024626,40,-0.060601265822784814,-2.7695605357588846,-308.9196212389701,40
3.0,1.8,0.9,40,-0.013924050632911394,-1.8668767905931924,-67.48469404086349,40,-0.028006329113924054,-3.010752961537154,-393.3777974770465,40
3.0,1.8,1.0,40,0.002618943692710607,0.49959746084200846,0.04495481810746005,29,-0.012439982540375384,-2.303953990671433,-181.30419801117714,29
3.0,1.9,0.0,40,0.0,0.0,0.0,10,0.0,0.0,0.0,10
3.0,1.9,0.1,40,0.0012658227848101266,2.7255405754769866,289.58271909064285,40,0.007753164556962028,5.663844691607238,2333.715597088762,40
3.0,1.9,0.2,40,0.02009493670886076,4.795671424018902,1291.2202462340574,40,0.0015822784810126586,1.3759374562439772,37.22347631311765,40
3.0,1.9,0.3,40,0.02104430379746835,1.9134088044693949,106.28537969465424,40,-0.008386075949367088,-1.107034805085385,-21.351534074488352,40
3.0,1.9,0.4,40,-0.011708860759493669,-1.408539756045615,-30.114490485216418,40,-0.026582278481012654,-2.6733675073234036,-278.7878437400829,40
3.0,1.9,0.5,40,-0.018829113924050633,-2.200658049634075,-107.04553584058812,40,-0.0393987341772152,-3.6239512503191444,-671.5084433878885,40
3.0,1.9,0.6,40,-0.016930379746835443,-1.5769654088636285,-41.683344083198996,40,-0.035917721518987346,-2.560895231623084,-246.20425203735707,40
3.0,1.9,0.7,40,-0.05174050632911392,-2.166401143220898,-102.4548855621366,40,-0.08085443037974684,-3.150563235637597,-448.5027070559208,40
3.0,1.9,0.8,40,-0.01281645569620253,-1.0488500440086355,-12.802035019685793,40,-0.03655063291139242,-2.4948117141280437,-228.2830121663253,40
3.0,1.9,0.9,40,-0.037341772151898725,-2.1599578828308856,-101.60798928339236,40,-0.06329113924050633,-3.419671464269372,-568.2547404416118,40
3.0,1.9,1.0,40,0.001964207769532954,0.1915172311404942,0.0035092439950596913,29,-0.017023134002618942,-1.5383516810675173,-56.0790200802773,29
3.0,2.0,0.0,40,0.0,0.0,0.0,10,0.0,0.0,0.0,10
3.0,2.0,0.1,40,0.005063291139240506,3.2521179539556493,474.5046438284703,40,0.010917721518987343,5.526692767786018,2177.219346857454,40
3.0,2.0,0.2,40,0.021360759493670882,3.6261697961651866,641.2922297409837,40,-0.0012658227848101268,-0.8130294884889125,-8.607152830251431,40
3.0,2.0,0.3,40,0.012816455696202534,1.1916291927756306,27.306304087580546,40,-0.016139240506329113,-1.9737417549484935,-115.89221961745929,40
3.0,2.0,0.4,40,-0.02373417721518987,-1.68489972744853,-50.37988797482458,40,-0.03844936708860759,-2.4513665796181403,-216.97773112740057,40
3.0,2.0,0.5,40,-0.034810126582278486,-1.9209836782619705,-73.154366716412,40,-0.05886075949367091,-3.043888709180731,-406.00739332467356,40
3.0,2.0,0.6,40,-0.03512658227848101,-1.6561111106648736,-47.95796242847356,40,-0.053006329113924056,-2.2490807671647315,-169.0565790482677,40
3.0,2.0,0.7,40,-0.07088607594936709,-3.1932896124959655,-286.332195427341,40,-0.09382911392405065,-3.972915661499197,-873.7469355382407,40
3.0,2.0,0.8,40,-0.019778481012658226,-1.9568586767714928,-77.06951732243883,40,-0.04477848101265823,-3.6893922820835554,-706.8929309015606,40
3.0,2.0,0.9,40,-0.0485759493670886,-3.2324239559043035,-295.6519522036439,40,-0.07310126582278482,-4.511656086191506,-1254.9523641424303,40
3.0,2.0,1.0,40,-0.01527717154081187,-1.2636002521542185,-22.002184594056782,29,-0.032518550851156694,-2.1616266941406765,-150.70848296239245,29
4.0,1.1,0.0,40,,0.0,0.0,0,,0.0,0.0,0
4.0,1.1,0.1,40,0.0,0.0,0.0,40,0.002215189873417722,4.582575694955842,1274.4176114796799,40
4.0,1.1,0.2,40,0.0,0.0,0.0,40,0.0037974683544303805,5.099019513592787,1731.817248137209,40
4.0,1.1,0.3,40,0.0004746835443037975,1.3556165885229257,39.56179492021998,40,0.003639240506329115,6.119054764910262,2901.000892291566,40
4.0,1.1,0.4,40,0.000949367088607595,2.6234238965856185,260.06879995188456,40,0.005063291139240509,6.9957970575616555,3666.2224178700553,40
4.0,1.1,0.5,40,0.005063291139240507,3.3232887006112826,503.8935170860268,40,0.008544303797468355,9.561276401760813,4619.476677638835,40
4.0,1.1,0.6,40,0.004746835443037976,4.049922117631216,868.3771351582518,40,0.009810126582278481,10.514633713253819,4715.772415099867,40
4.0,1.1,0.7,40,0.015348101265822787,4.45716625282923,1125.18242866969,40,0.008069620253164558,5.431082397151837,2072.2853979564757,40
4.0,1.1,0.8,40,0.01661392405063291,3.8232894306306773,741.9150903445413,40,0.005379746835443039,3.682821865812527,674.7485928021093,40
4.0,1.1,0.9,40,0.010284810126582281,2.3169242830197234,183.10861041677933,40,-0.0007911392405063296,-0.19821894854315908,-0.14264668726649607,40
4.0,1.1,1.0,40,0.009493670886075951,2.986301298293818,310.42600810804964,30,0.0018987341772151898,1.5108933892962937,1.1829279917385025,30
4.0,1.2,0.0,40,0.0,0.0,0.0,10,0.0,0.0,0.0,10
4.0,1.2,0.1,40,0.0,0.0,0.0,40,0.002531645569620254,4.638668060910414,1320.00748622627,40
4.0,1.2,0.2,40,0.0,0.0,0.0,40,0.0041139240506329125,5.34157912348657,1976.8972648766644,40
4.0,1.2,0.3,40,0.000949367088607595,1.7782469350914571,86.24219619933199,40,0.005063291139240509,7.366197768538221,3914.540278150339,40
4.0,1.2,0.4,40,0.004272151898734177,2.2312076360843944,164.58570499731294,40,0.007753164556962023,8.181247407907447,4486.047595658899,40
4.0,1.2,0.5,40,0.009810126582278481,3.768550177899952,713.064755904935,40,0.011075949367088608,7.148164567530046,3767.293345444457,40
4.0,1.2,0.6,40,0.013607594936708859,4.926624170286117,1470.850604643511,40,0.007120253164556963,3.891505610381153,792.3668629801699,40
4.0,1.2,0.7,40,0.019620253164556962,5.371423833154581,1608.783784939266,40,0.0026898734177215194,2.4810587757700917,212.44717499756825,40
4.0,1.2,0.8,40,0.019462025316455696,3.8820934476658744,773.7698044643533,40,0.0012658227848101268,1.1126972805283741,19.97315466437944,40
4.0,1.2,0.9,40,0.01613924050632911,4.279438574351161,928.7203279413425,40,-0.000632911392405063,-0.32510161013223066,-0.5878966816228246,40
4.0,1.2,1.0,40,0.02257383966244725,2.788455728827537,308.77060647496444,30,-0.0021097046413502112,-1.2041594578792298,-27.320473592245055,30
4.0,1.3,0.0,40,0.0,0.0,0.0,10,0.0,0.0,0.0,10
4.0,1.3,0.1,40,0.0,0.0,0.0,40,0.0031645569620253173,5.2779866291174775,1910.7435983619607,40
4.0,1.3,0.2,40,0.00031645569620253165,1.0000000000000004,16.528236616115773,40,0.005537974683544306,7.000000000000005,3668.970055928628,40
4.0,1.3,0.3,40,0.0025316455696202536,2.5764894473566975,247.1687219316448,40,0.005221518987341775,7.327536689210916,3888.077716585308,40
4.0,1.3,0.4,40,0.012974683544303797,3.4403329715372095,554.552289164324,40,0.010759493670886076,8.639582403447534,4799.9643493725,40
4.0,1.3,0.5,40,0.011867088607594934,2.539559130285485,237.27445105642096,40,0.004113924050632912,1.0368358324573972,16.22123204297763,40
4.0,1.3,0.6,40,0.012025316455696202,3.8929430232320796,779.7252741881231,40,0.0007911392405063292,0.5082107296145608,2.0097789123848653,40
4.0,1.3,0.7,40,0.016455696202531643,3.855039601216148,758.9917625423925,40,0.0014240506329113926,1.1380698361829649,21.31554476309125,40
4.0,1.3,0.8,40,0.01756329113924051,3.68018454422406,667.9566242278499,40,-0.0025316455696202536,-1.4955130022119325,-51.63026037854091,40
4.0,1.3,0.9,40,0.016139240506329117,4.550391462470773,934.019418143501,40,-0.002848101265822785,-1.177342035865709,-25.568159906118215,40
4.0,1.3,1.0,40,0.0004219409282700435,0.05014285124992579,0.0035545405786151603,30,-0.025105485232067508,-3.1598894228482703,-452.3455729008391,30
4.0,1.4,0.0,40,0.0,0.0,0.0,10,0.0,0.0,0.0,10
4.0,1.4,0.1,40,0.0,0.0,0.0,40,0.0034810126582278493,5.13450372398542,1766.3990632988719,40
4.0,1.4,0.2,40,0.0017405063291139242,2.317024100563879,183.13086720700645,40,0.006803797468354432,6.818594442704544,3551.435159493042,40
4.0,1.4,0.3,40,0.00379746835443038,2.725540575476988,289.58271909064325,40,0.007911392405063293,5.608173758294747,2269.5001838956455,40
4.0,1.4,0.4,40,0.015664556962025324,4.962901223675894,1499.5531961226711,40,0.007911392405063292,5.468818470211158,2113.3214982608065,40
4.0,1.4,0.5,40,0.02325949367088607,4.097667488074211,896.4732907095424,40,0.001740506329113924,1.9208334782008887,99.86769935080665,40
4.0,1.4,0.6,40,0.010759493670886076,4.145045529185945,924.7763927559853,40,2.168404344971009e-20,4.2791711309237e-17,2.512194690687202e-48,40
4.0,1.4,0.7,40,0.015348101265822783,3.391047169018753,532.834385781984,40,-0.006645569620253165,-1.9254817735719638,-107.85619114119632,40
4.0,1.4,0.8,40,0.009968354430379744,1.7308100953457708,79.79808129480612,40,-0.011550632911392406,-3.1376230063353536,-443.20054290442266,40
4.0,1.4,0.9,40,-0.011708860759493673,-1.2183098959336318,-19.793749668240174,40,-0.03148734177215191,-2.8677331868492417,-341.66871154556037,40
4.0,1.4,1.0,40,-0.03426451331296376,-1.8839924640452153,-69.24896467393471,29,-0.06525534701003927,-3.6390425555871975,-679.5571049421803,29
4.0,1.5,0.0,40,0.0,0.0,0.0,10,0.0,0.0,0.0,10
4.0,1.5,0.1,40,0.00015822784810126583,1.0000000000000004,16.528236616115773,40,0.003639240506329115,5.107071025813666,1739.620789403582,40
4.0,1.5,0.2,40,0.0025316455696202536,2.3395906074624055,188.22013955613596,40,0.006962025316455697,6.736096792653741,3499.2259067779696,40
4.0,1.5,0.3,40,0.011392405063291136,3.787187912092334,722.8009790857817,40,0.009810126582278483,6.1873210501253135,2992.2379602768474,40
4.0,1.5,0.4,40,0.01977848101265823,5.506787415427992,1575.106475460611,40,0.0030063291139240506,2.7086220968171864,274.7758951064102,40
4.0,1.5,0.5,40,0.020886075949367085,3.5081145327107053,585.3051109801318,40,-0.0033227848101265826,-1.3115151570609929,-35.10329753692971,40
4.0,1.5,0.6,40,0.01060126582278481,2.1432949169921476,146.84957841162304,40,-0.0066455696202531635,-1.9595712860001484,-113.49870063967188,40
4.0,1.5,0.7,40,-0.03259493670886075,-1.6133845581754804,-44.50364768022341,40,-0.05822784810126582,-2.6407321491566806,-269.07986660885894,40
4.0,1.5,0.8,40,-0.008860759493670886,-1.1466287463430105,-16.59813649041704,40,-0.027848101265822787,-3.507003209296781,-611.0115887110144,40
4.0,1.5,0.9,40,-0.05696202531645569,-2.9567239789033675,-234.12406826252428,40,-0.08686708860759498,-4.124807182819707,-972.409852086929,40
4.0,1.5,1.0,40,-0.03077258838934963,-2.1273651565322513,-97.3572981724678,29,-0.07398515931907462,-4.791891262680091,-1487.315239851157,29
4.0,1.6,0.0,40,0.0,0.0,0.0,10,0.0,0.0,0.0,10
4.0,1.6,0.1,40,0.00031645569620253165,1.0000000000000004,16.528236616115773,40,0.004272151898734179,6.152846764081134,2946.0259227781708,40
4.0,1.6,0.2,40,0.004746835443037976,3.660183952328832,658.0168394252755,40,0.007911392405063292,6.195629650943766,3003.4224867595085,40
4.0,1.6,0.3,40,0.01471518987341772,5.143315069745775,1563.1577604874146,40,0.0064873417721519,3.743170742387809,707.6070084789073,40
4.0,1.6,0.4,40,0.018196202531645573,5.1070710258136645,1562.2044248795235,40,0.000791139240506329,0.6575503825131856,4.356847245237915,40
4.0,1.6,0.5,40,0.02231012658227848,3.1288991634236822,426.2744348251746,40,-0.007436708860759493,-1.8611592611013024,-97.73582333444031,40
4.0,1.6,0.6,40,-0.019620253164556962,-1.6240980324568444,-45.35631812056357,40,-0.04367088607594937,-3.501556140363945,-608.291933797288,40
4.0,1.6,0.7,40,-0.05158227848101267,-2.1650785927956693,-102.28086472045212,40,-0.08623417721518986,-3.480284107224261,-597.7367283388932,40
4.0,1.6,0.8,40,-0.01819620253164557,-1.93878365126785,-75.08587242543157,40,-0.05142405063291139,-6.125815911988009,-2924.162894242813,40
4.0,1.6,0.9,40,-0.06471518987341773,-4.988917937506543,-838.8530514586092,40,-0.09952531645569623,-6.379625332315541,-3258.721557336598,40
4.0,1.6,1.0,40,-0.04561326931470974,-2.548658656732367,-159.55037346961512,29,-0.0855521606285465,-4.413917859313414,-1179.3884995768963,29
4.0,1.7,0.0,40,0.0,0.0,0.0,10,0.0,0.0,0.0,10
4.0,1.7,0.1,40,0.0007911392405063292,1.2200613174429442,29.222690474919826,40,0.004746835443037977,6.110681265776749,2889.9162890165376,40
4.0,1.7,0.2,40,0.012974683544303797,2.87364594860155,336.03469294147993,40,0.008860759493670888,7.162542385411678,3776.929478343918,40
4.0,1.7,0.3,40,0.027689873417721517,4.241974809270546,984.3680809405677,40,0.0020569620253164554,1.6201390857295934,60.27221942960739,40
4.0,1.7,0.4,40,0.01787974683544304,2.707950268149093,284.3546248754332,40,-0.006962025316455694,-1.5250495875398276,-54.671779557021615,40
4.0,1.7,0.5,40,-0.0007911392405063299,-0.09845942319760809,-0.018017133810303225,40,-0.03148734177215191,-3.5750475178319445,-645.7475576866407,40
4.0,1.7,0.6,40,-0.060126582278481014,-2.8966093367216152,-221.91823671511614,40,-0.09572784810126582,-4.286315706147284,-1084.8954334450582,40
4.0,1.7,0.7,40,-0.075,-3.252527739037979,-300.4874320659645,40,-0.11550632911392407,-4.507970191546666,-1252.0563441863644,40
4.0,1.7,0.8,40,-0.04145569620253165,-3.741917375811295,-434.5935542698604,40,-0.07626582278481016,-6.824282981841115,-3886.2933017093114,40
4.0,1.7,0.9,40,-0.05237341772151897,-5.5790241817927875,-855.3924183349463,40,-0.0893987341772152,-8.442872674342656,-4230.74200733315,40
4.0,1.7,1.0,40,-0.0392841553906591,-2.3943363021658564,-135.34756460948688,29,-0.07638585770405935,-4.36281961109905,-1140.9715512554287,29
4.0,1.8,0.0,40,0.0,0.0,0.0,10,0.0,0.0,0.0,10
4.0,1.8,0.1,40,0.0007911392405063292,2.360387377408329,192.9981498657686,40,0.004272151898734179,6.152846764081135,2946.025922778172,40
4.0,1.8,0.2,40,0.018670886075949376,2.8949443021413694,343.0738322290841,40,0.0037974683544303818,0.932678120166026,11.883719180316698,40
4.0,1.8,0.3,40,0.023892405063291135,3.6237145740314243,640.0991875308098,40,-0.002848101265822785,-0.756562159948725,-6.9689655204486884,40
4.0,1.8,0.4,40,0.0007911392405063292,0.09441549509633321,0.01643989901650776,40,-0.02674050632911392,-3.704679690580952,-715.314789677937,40
4.0,1.8,0.5,40,-0.018987341772151903,-1.8988277950824044,-70.80039491451512,40,-0.052215189873417736,-4.35764736800972,-1137.1332837856517,40
4.0,1.8,0.6,40,-0.06661392405063292,-4.058408698426104,-537.3641654141458,40,-0.11123417721518987,-6.788589035811852,-3381.3220524548997,40
4.0,1.8,0.7,40,-0.06977848101265825,-3.9529512129251194,-501.7117909452616,40,-0.10981012658227854,-5.477937784023408,-2157.911826850932,40
4.0,1.8,0.8,40,-0.0517405063291139,-5.3981325949160075,-1085.8820023042895,40,-0.08607594936708862,-7.326351225435712,-4653.323396544299,40
4.0,1.8,0.9,40,-0.04731012658227849,-4.050081314297433,-534.5076639501137,40,-0.0843354430379747,-6.997534759159789,-4144.236315833517,40
4.0,1.8,1.0,40,-0.02749890877346137,-2.2670263593274234,-116.29184005410075,29,-0.067656045395024,-4.847767236199556,-1536.4796589017299,29
4.0,1.9,0.0,40,0.0,0.0,0.0,10,0.0,0.0,0.0,10
4.0,1.9,0.1,40,0.0036392405063291147,2.251176716779358,168.78750468763997,40,0.0061708860759493705,7.705736718729655,3093.295267183133,40
4.0,1.9,0.2,40,0.021044303797468352,5.810842878923487,1356.1685805873597,40,2.38524477946811e-19,9.529221610169125e-17,1.7928716776510409e-47,40
4.0,1.9,0.3,40,0.016930379746835443,2.9407683313198167,358.49218723965134,40,-0.008227848101265822,-2.5102086023941244,-232.37560767722286,40
4.0,1.9,0.4,40,-0.031962025316455686,-3.516150092989308,-368.8919257074897,40,-0.0591772151898734,-5.616635870848485,-2311.1451843029245,40
4.0,1.9,0.5,40,-0.03749999999999999,-3.312582158230044,-315.2440841350525,40,-0.07768987341772153,-6.490343366083497,-3410.1702774442156,40
4.0,1.9,0.6,40,-0.09129746835443037,-4.693762428238855,-778.4100568509454,40,-0.13338607594936708,-6.458937492631383,-3366.8327572070516,40
4.0,1.9,0.7,40,-0.07009493670886076,-4.919956666939435,-873.8694246231012,40,-0.10886075949367088,-6.608870202563424,-3575.96279688957,40
4.0,1.9,0.8,40,-0.06455696202531647,-5.436024328325151,-1103.1190931916735,40,-0.10000000000000002,-7.684785373739887,-5231.81583327417,40
4.0,1.9,0.9,40,-0.04572784810126583,-3.6868154344825528,-418.02665666922013,40,-0.09082278481012658,-7.166334433937428,-4402.342252438757,40
4.0,1.9,1.0,40,-0.04954168485377564,-3.418991546076768,-342.62393927575727,29,-0.08904408555216063,-5.78181484547084,-2501.343603601811,29
4.0,2.0,0.0,40,0.0,0.0,0.0,10,0.0,0.0,0.0,10
4.0,2.0,0.1,40,0.002215189873417722,3.3429685305864365,475.4960090147052,40,0.006803797468354434,6.208173781364846,3020.3645958874736,40
4.0,2.0,0.2,40,0.014556962025316459,2.821801324880554,319.25085239821806,40,-0.007278481012658227,-1.463606899500759,-48.474714598657826,40
4.0,2.0,0.3,40,0.0033227848101265835,0.42380082439110717,1.347783251231248,40,-0.0254746835443038,-3.1968210106362602,-467.78261956800156,40
4.0,2.0,0.4,40,-0.052531645569620256,-4.021121115020769,-524.61969157674,40,-0.08386075949367092,-5.90385907863346,-2647.421435691292,40
4.0,2.0,0.5,40,-0.05474683544303799,-4.271563204265129,-613.2033861085821,40,-0.09335443037974682,-7.197537674556614,-4450.835185104948,40
4.0,2.0,0.6,40,-0.08212025316455696,-4.596022387633164,-738.4053475984033,40,-0.12389240506329116,-6.621008671629523,-3593.1227543783625,40
4.0,2.0,0.7,40,-0.07863924050632912,-5.602142684581032,-1110.2962978057244,40,-0.11629746835443038,-7.793735501690005,-5241.0549196721395,40
4.0,2.0,0.8,40,-0.05316455696202531,-5.992166075781734,-1123.4429953557021,40,-0.08971518987341771,-9.510102206983664,-5370.124713041609,40
4.0,2.0,0.9,40,-0.049999999999999996,-3.700554518858794,-422.12119549313684,40,-0.09272151898734181,-6.3840090896187895,-3264.6605752446744,40
4.0,2.0,1.0,40,-0.048886948930597994,-3.84330464584227,-424.1593182850995,29,-0.09428197293758184,-6.5919362227119755,-3273.4239015767726,29
5.0,1.1,0.0,40,,0.0,0.0,0,,0.0,0.0,0
5.0,1.1,0.1,40,0.0,0.0,0.0,40,0.0015822784810126584,3.6055512754639896,634.231587023963,40
5.0,1.1,0.2,40,0.00015822784810126583,1.0000000000000002,16.528236616115763,40,0.0023734177215189883,4.837354648979131,1489.1937103447256,40
5.0,1.1,0.3,40,0.00031645569620253165,1.0000000000000004,16.528236616115773,40,0.004272151898734178,5.152302251168403,1783.9128516495066,40
5.0,1.1,0.4,40,0.002531645569620253,2.289912111630399,177.1377181921004,40,0.006962025316455697,7.281653102840892,3856.8655182651346,40
5.0,1.1,0.5,40,0.0025316455696202536,2.9038650850947665,346.0421896701227,40,0.012025316455696204,7.4450744696253865,3968.7180503002924,40
5.0,1.1,0.6,40,0.005696202531645572,3.0986809626366343,414.89813303990456,40,0.012658227848101264,8.147575021035658,4462.124174754157,40
5.0,1.1,0.7,40,0.011392405063291141,3.9231347927015245,796.3539516324934,40,0.00949367088607595,3.74699879903904,709.7092600917116,40
5.0,1.1,0.8,40,0.0194620253164557,4.5301328434170625,1175.578870405543,40,0.01550632911392405,7.903647581764456,857.1732807780566,40
5.0,1.1,0.9,40,0.004746835443037974,0.3080763506051284,0.5467517667012504,40,-0.010917721518987343,-0.7135135089662409,-1.4719763606797196,40
5.0,1.1,1.0,40,0.017932489451476793,1.9032025545632507,104.67416312979185,30,-0.0018987341772151898,-0.2320352032701615,-0.21874645507351084,30
5.0,1.2,0.0,40,0.0,0.0,0.0,10,0.0,0.0,0.0,10
5.0,1.2,0.1,40,0.0,0.0,0.0,40,0.0020569620253164562,3.9105425950206723,803.698131138125,40
5.0,1.2,0.2,40,0.00015822784810126583,1.0000000000000002,16.528236616115763,40,0.0031645569620253173,4.654746681256313,1333.2218918935905,40
5.0,1.2,0.3,40,0.0011075949367088608,1.3614478514369706,40.052355811475195,40,0.0063291139240506345,6.982120021884472,3657.2578226258634,40
5.0,1.2,0.4,40,0.004430379746835444,2.876234912646615,336.88377374375045,40,0.011234177215189874,10.01782484880716,5711.454058408423,40
5.0,1.2,0.5,40,0.008069620253164557,4.139789985638169,921.6163594189649,40,0.01471518987341772,8.497874606769033,4705.534911879488,40
5.0,1.2,0.6,40,0.012816455696202527,3.3355145985722467,509.046437507473,40,0.011867088607594936,7.113756836734012,3744.2549785978026,40
5.0,1.2,0.7,40,0.02658227848101266,5.392302205637504,1611.4247107392064,40,0.008860759493670886,6.0476576192296,2807.083576396272,40
5.0,1.2,0.8,40,0.027215189873417728,5.879543489039048,1626.9426977309722,40,0.005537974683544305,2.981337299438501,363.6296826555845,40
5.0,1.2,0.9,40,0.024208860759493668,4.146020976330368,925.3632531165163,40,-0.0009493670886075951,-0.43546208620857185,-1.3747184893553965,40
5.0,1.2,1.0,40,0.012025316455696204,1.1553935826240789,24.995801354225772,30,-0.014978902953586498,-1.3925261400265552,-41.90126560848524,30
5.0,1.3,0.0,40,0.0,0.0,0.0,10,0.0,0.0,0.0,10
5.0,1.3,0.1,40,0.0,0.0,0.0,40,0.002215189873417722,3.8193960595285215,750.3292623779696,40
5.0,1.3,0.2,40,0.0007911392405063292,1.5327744747226995,56.32599544920925,40,0.003639240506329115,5.107071025813666,1739.620789403582,40
5.0,1.3,0.3,40,0.0018987341772151902,2.1490511982341363,147.96879769202943,40,0.008386075949367088,7.820965681270103,4229.710161708106,40
5.0,1.3,0.4,40,0.008386075949367088,3.8923240738881537,779.3851213661659,40,0.014240506329113925,9.190497301110058,5174.784472124714,40
5.0,1.3,0.5,40,0.015981012658227843,4.571214602414871,1204.5328498433425,40,0.012500000000000002,6.306946807737225,3155.637477779813,40
5.0,1.3,0.6,40,0.017405063291139243,5.79338417008984,1634.5713772788627,40,0.0026898734177215194,1.8562691747586824,90.29448622411692,40
5.0,1.3,0.7,40,0.01629746835443038,4.159782834865292,933.6876735989131,40,-0.00015822784810126588,-0.04789835699785851,-0.004007677052034457,40
5.0,1.3,0.8,40,0.021677215189873415,3.1922501379194688,450.6745325223984,40,-0.00189873417721519,-0.7642163452165712,-7.174386492335439,40
5.0,1.3,0.9,40,0.010759493670886076,2.242643783101738,166.98378602005025,40,-0.011075949367088608,-2.3071887172831747,-182.03901635930663,40
5.0,1.3,1.0,40,-0.03713080168776372,-2.109095230716601,-95.03862325872603,30,-0.05907172995780593,-3.003939837670024,-390.81417576312833,30
5.0,1.4,0.0,40,0.0,0.0,0.0,10,0.0,0.0,0.0,10
5.0,1.4,0.1,40,0.0,0.0,0.0,40,0.0025316455696202536,3.765875486765088,720.1378080080316,40
5.0,1.4,0.2,40,0.0015822784810126584,1.5710997518871126,60.44752277087499,40,0.004746835443037977,5.866154166562825,2576.7827593700795,40
5.0,1.4,0.3,40,0.003955696202531648,3.9339789623472177,802.3681759425499,40,0.012816455696202534,10.414857974951273,4966.638805771478,40
5.0,1.4,0.4,40,0.017246835443037976,5.422436485349984,1575.5415219438578,40,0.013449367088607594,7.407659395620116,3943.0575098054956,40
5.0,1.4,0.5,40,0.022310126582278482,5.591577283882783,1580.6843846979646,40,0.005379746835443037,3.1292737934495465,419.05487514197466,40
5.0,1.4,0.6,40,0.02025316455696203,4.994437880673868,1524.6841182231485,40,0.00015822784810126607,0.058907211900111736,0.005503401579679674,40
5.0,1.4,0.7,40,0.015822784810126583,2.4763027827182436,220.98554280553904,40,-0.0058544303797468345,-1.006811681174166,-16.17295574976666,40
5.0,1.4,0.8,40,0.003797468354430379,0.42843133134020933,1.3894132224993911,40,-0.02468354430379746,-2.7694582767438987,-308.8867596081321,40
5.0,1.4,0.9,40,-0.001582278481012657,-0.2602534367443969,-0.22200097591890822,40,-0.032436708860759486,-4.967673865423874,-1645.2266042666827,40
5.0,1.4,1.0,40,-0.049105194238323886,-2.4954380025526093,-151.2377126217947,29,-0.0912265386294195,-4.402718782194428,-1170.9102533231571,29
5.0,1.5,0.0,40,0.0,0.0,0.0,10,0.0,0.0,0.0,10
5.0,1.5,0.1,40,0.0,0.0,0.0,40,0.0028481012658227857,4.200957592351707,990.3544390628292,40
5.0,1.5,0.2,40,0.0026898734177215186,1.833977532570435,94.16753915206327,40,0.007436708860759496,7.5508862738652835,4041.3811291039806,40
5.0,1.5,0.3,40,0.006962025316455696,4.695892020602569,1294.6494056974038,40,0.014398734177215187,9.690754865506214,4893.303808166939,40
5.0,1.5,0.4,40,0.023259493670886075,5.16824477141953,1565.4378391449495,40,0.0049050632911392415,2.2267005924706322,154.62531466644342,40
5.0,1.5,0.5,40,0.023101265822784815,3.5308099182968533,595.8217069698208,40,-0.00569620253164557,-1.5534775794208224,-57.704533342435916,40
5.0,1.5,0.6,40,0.01376582278481013,2.249967844602251,168.53166212345906,40,-0.006962025316455697,-1.5805528045002664,-60.696526416957994,40
5.0,1.5,0.7,40,-0.01218354430379746,-1.3045467368195311,-24.129559029360625,40,-0.028955696202531654,-3.0881670821308274,-423.3387082802063,40
5.0,1.5,0.8,40,-0.01265822784810126,-1.4939075127504913,-35.684253782868446,40,-0.05126582278481011,-5.682573856406832,-2386.142152119795,40
5.0,1.5,0.9,40,-0.03876582278481013,-2.8942926762993193,-221.4582450210685,40,-0.0825949367088608,-5.275509028134066,-1944.9387894077286,40
5.0,1.5,1.0,40,-0.08642514185945001,-5.02151665559632,-538.7081143537106,29,-0.12854648625054563,-7.156481746290888,-4387.09597244428,29
5.0,1.6,0.0,40,0.0,0.0,0.0,10,0.0,0.0,0.0,10
5.0,1.6,0.1,40,0.0,0.0,0.0,40,0.0031645569620253173,4.415880433163924,1144.9964481710558,40
5.0,1.6,0.2,40,0.005379746835443039,2.6616205136424633,270.85463987239046,40,0.011708860759493667,8.920162529511781,4989.149971760581,40
5.0,1.6,0.3,40,0.01803797468354431,4.893710550124818,1444.9491684580976,40,0.015348101265822789,8.159975076546738,4470.939812171511,40
5.0,1.6,0.4,40,0.020253164556962026,4.589476129063153,1217.520226702339,40,0.00031645569620253165,0.2510076622867435,0.24902089325904703,40
5.0,1.6,0.5,40,0.011550632911392408,1.5678185168492114,60.0874019800825,40,-0.021360759493670885,-3.0083921582984616,-392.4887387847158,40
5.0,1.6,0.6,40,-0.025791139240506328,-1.3694602896108803,-27.766739063100655,40,-0.052056962025316456,-2.6202787673926053,-263.1026128590072,40
5.0,1.6,0.7,40,-0.045253164556962024,-2.8007206493750814,-203.35297575128465,40,-0.07705696202531649,-4.224409900594429,-1040.8333971837676,40
5.0,1.6,0.8,40,-0.04034810126582279,-2.5220406913199875,-155.35907074245463,40,-0.0862341772151899,-5.610123796903882,-2303.8154865967117,40
5.0,1.6,0.9,40,-0.07420886075949366,-5.641706031499282,-857.3698658386016,40,-0.11724683544303797,-7.235493413266099,-4510.180389828475,40
5.0,1.6,1.0,40,-0.06241815800960279,-4.001020349346468,-517.8000793764952,29,-0.1126145787865561,-7.137127440381649,-4357.225940558287,29
5.0,1.7,0.0,40,0.0,0.0,0.0,10,0.0,0.0,0.0,10
5.0,1.7,0.1,40,0.00015822784810126583,1.0000000000000004,16.528236616115773,40,0.003955696202531648,4.900487559939641,1545.4837361901496,40
5.0,1.7,0.2,40,0.016772151898734176,3.5961751215232787,626.7787062229767,40,0.011867088607594937,7.391809947258423,3932.143723433044,40
5.0,1.7,0.3,40,0.027373417721518984,3.5232452838298745,592.3055124992713,40,-0.001265822784810126,-0.18773990526502343,-0.12346256728743293,40
5.0,1.7,0.4,40,0.006962025316455697,1.2628521445654113,32.25957773407839,40,-0.011392405063291138,-1.988389326853252,-118.39652730319614,40
5.0,1.7,0.5,40,-0.023101265822784812,-1.6427776370857106,-46.864428083522334,40,-0.0606012658227848,-4.2394083805228115,-1051.3657547338833,40
5.0,1.7,0.6,40,-0.05537974683544304,-2.4727506162380615,-147.78881566075256,40,-0.08876582278481016,-3.8053069959028947,-772.4727582285271,40
5.0,1.7,0.7,40,-0.043037974683544304,-3.4994421471961403,-364.2914347289999,40,-0.08449367088607596,-6.0304813631648395,-2803.655675762134,40
5.0,1.7,0.8,40,-0.049841772151898715,-4.136381221261492,-564.5252513646491,40,-0.09367088607594937,-7.615140213044467,-5117.26586511205,40
5.0,1.7,0.9,40,-0.06234177215189875,-4.485985320874912,-694.6551992271911,40,-0.10664556962025318,-6.729276211894893,-3748.3239660602067,40
5.0,1.7,1.0,40,-0.05718027062418157,-3.871887626222008,-475.2503530363246,29,-0.10148406809253603,-6.957368020909541,-4083.7503407687086,29
5.0,1.8,0.0,40,0.0,0.0,0.0,10,0.0,0.0,0.0,10
5.0,1.8,0.1,40,0.00031645569620253165,1.4327007988227585,46.398924540531695,40,0.004430379746835444,4.857220665420978,1506.7666622913002,40
5.0,1.8,0.2,40,0.019145569620253166,4.258995782772134,995.0641977032564,40,0.008386075949367088,2.6339247083508237,253.10648427679357,40
5.0,1.8,0.3,40,0.012341772151898736,1.1932803530236176,27.414557634563366,40,-0.010126582278481013,-1.037293601094836,-17.650288213255536,40
5.0,1.8,0.4,40,-0.018512658227848103,-1.778246935091458,-58.7623264471282,40,-0.038765822784810125,-3.2858953321221813,-506.41117838352324,40
5.0,1.8,0.5,40,-0.06455696202531647,-4.745074461629926,-799.7472957696252,40,-0.10142405063291142,-6.833491149035971,-3899.787954627409,40
5.0,1.8,0.6,40,-0.0875,-3.489843791905802,-361.66406172909063,40,-0.1389240506329114,-5.563136581929713,-2251.2811841819494,40
5.0,1.8,0.7,40,-0.05981012658227847,-4.951620071552823,-887.5084540532455,40,-0.09556962025316457,-6.952982875001425,-4077.173616744403,40
5.0,1.8,0.8,40,-0.06835443037974684,-5.8208008067514605,-1212.003847517677,40,-0.11107594936708864,-8.270852199941096,-6225.3560563812025,40
5.0,1.8,0.9,40,-0.07325949367088608,-4.034323970556941,-529.1124072011623,40,-0.1234177215189874,-5.985035686937304,-2747.0496655627308,40
5.0,1.8,1.0,40,-0.06809253601047578,-3.672313157206983,-413.71531558012003,29,-0.11108686163247486,-6.040718640206711,-2816.4658246521226,29
5.0,1.9,0.0,40,0.0,0.0,0.0,10,0.0,0.0,0.0,10
5.0,1.9,0.1,40,0.0012658227848101266,2.0816659994661326,135.1956616074481,40,0.0049050632911392415,4.66934602713452,1345.2899383537017,40
5.0,1.9,0.2,40,0.024841772151898735,6.067645558422928,1369.004884029338,40,0.011392405063291138,4.276276563153168,1042.9114342562234,40
5.0,1.9,0.3,40,0.007436708860759496,0.864510218634447,10.76477876061265,40,-0.016930379746835443,-1.9978244373125957,-120.02978994686981,40
5.0,1.9,0.4,40,-0.031329113924050626,-3.0298236595641916,-249.54020487911302,40,-0.06281645569620256,-5.022923182460164,-1696.8328547565945,40
5.0,1.9,0.5,40,-0.08496835443037973,-5.221169196588232,-1006.287257068682,40,-0.12199367088607593,-6.978846745687563,-4116.030452946871,40
5.0,1.9,0.6,40,-0.10316455696202534,-4.374381612617624,-651.652381534193,40,-0.15363924050632916,-6.502076393055124,-3426.4318681144036,40
5.0,1.9,0.7,40,-0.057278481012658235,-4.763031031120815,-807.2603810110078,40,-0.0908227848101266,-6.968607329340275,-4100.623844416692,40
5.0,1.9,0.8,40,-0.08085443037974685,-5.476405282324932,-1121.3968162821748,40,-0.12500000000000006,-8.17570477843688,-6060.465796285033,40
5.0,1.9,0.9,40,-0.058702531645569635,-4.728562420324638,-792.8596590729221,40,-0.10585443037974682,-7.8363998565452,-5483.775044142991,40
5.0,1.9,1.0,40,-0.08577040593627239,-3.3353112245531493,-320.9708972191102,29,-0.12680052378873852,-4.87980606615024,-1565.082210869837,29
5.0,2.0,0.0,40,0.0,0.0,0.0,10,0.0,0.0,0.0,10
5.0,2.0,0.1,40,0.000949367088607595,2.2234347239869625,162.9700670514716,40,0.006962025316455697,6.904105059069326,3606.3015916246236,40
5.0,2.0,0.2,40,0.02563291139240506,6.456074089841802,1384.271067013549,40,0.003955696202531648,1.4080174774322873,39.848045717196,40
5.0,2.0,0.3,40,-0.003955696202531646,-0.46212864665154263,-1.1595663687116202,40,-0.032911392405063286,-4.0447389439144565,-919.5497899157218,40
5.0,2.0,0.4,40,-0.046993670886075964,-3.8122338455466376,-456.30161012358076,40,-0.07974683544303798,-5.497882640845764,-2179.5731496464405,40
5.0,2.0,0.5,40,-0.06898734177215189,-5.437986951705863,-1104.003103405937,40,-0.11455696202531644,-8.099967858315303,-5930.392295960385,40
5.0,2.0,0.6,40,-0.11044303797468354,-5.587756234708936,-1157.2913305368609,40,-0.15300632911392403,-7.526617038144749,-4973.336445685949,40
5.0,2.0,0.7,40,-0.0656645569620253,-4.242977079936255,-602.7326797129241,40,-0.10680379746835442,-6.688415677197909,-3689.258891430459,40
5.0,2.0,0.8,40,-0.09303797468354431,-5.18842863815376,-991.6709798367223,40,-0.1322784810126582,-7.2523677811319835,-4536.610116107688,40
5.0,2.0,0.9,40,-0.03322784810126583,-3.400917633991502,-337.8694637258681,40,-0.07610759493670886,-8.11793408383357,-5501.7160574182535,40
5.0,2.0,1.0,40,-0.048886948930597994,-1.8362550462645848,-64.3799116983476,29,-0.08031427324312528,-3.011217249835479,-393.55264781136333,29
6.0,1.1,0.0,40,,0.0,0.0,0,,0.0,0.0,0
6.0,1.1,0.1,40,0.0,0.0,0.0,40,0.002373417721518988,4.049922117631217,890.131790683621,40
6.0,1.1,0.2,40,0.0,0.0,0.0,40,0.0037974683544303818,6.000000000000004,2745.548265415704,40
6.0,1.1,0.3,40,0.0,0.0,0.0,40,0.006803797468354434,9.31537295470228,5259.716443661099,40
6.0,1.1,0.4,40,0.0006329113924050633,2.0816659994661335,135.19566160744827,40,0.010917721518987341,11.359285034612334,6352.827888324684,40
6.0,1.1,0.5,40,0.0028481012658227852,3.1468748492138077,433.1021257198048,40,0.012341772151898734,10.301275604009794,5876.175695531341,40
6.0,1.1,0.6,40,0.006012658227848103,3.579208995527779,618.6630438028081,40,0.016455696202531643,9.993179492215495,5696.748703651889,40
6.0,1.1,0.7,40,0.013291139240506327,4.568651093652695,1202.7163604082853,40,0.016297468354430376,7.899143695394749,4284.735518056722,40
6.0,1.1,0.8,40,0.02515822784810128,4.928012032621263,1430.1342011826973,40,0.009335443037974683,3.7451487372269856,708.6929155902775,40
6.0,1.1,0.9,40,0.016139240506329113,4.334567954021187,1043.5029306132121,40,0.006012658227848101,2.895746608679629,333.97247349600394,40
6.0,1.1,1.0,40,0.024261603375527425,3.8241867363494326,742.3931191624608,30,0.0029535864978902965,0.7122631639422559,5.461624276014822,30
6.0,1.2,0.0,40,0.0,0.0,0.0,10,0.0,0.0,0.0,10
6.0,1.2,0.1,40,0.0,0.0,0.0,40,0.0025316455696202536,4.000000000000002,858.5309259720771,40
6.0,1.2,0.2,40,0.0,0.0,0.0,40,0.004588607594936711,7.16440077729133,3778.169531768627,40
6.0,1.2,0.3,40,0.0004746835443037975,1.7782469350914576,86.24219619933204,40,0.009335443037974683,11.43079776884968,6379.135934446489,40
6.0,1.2,0.4,40,0.0018987341772151902,4.088310863215484,890.9302340056527,40,0.013132911392405064,12.530990222467722,6646.618573897246,40
6.0,1.2,0.5,40,0.014556962025316453,2.830005047951075,321.86329926399173,40,0.012341772151898734,6.91928560743024,3616.1244605919,40
6.0,1.2,0.6,40,0.016772151898734176,7.238209628262267,1713.2992212562012,40,0.018987341772151896,7.779282831939607,4200.617943997582,40
6.0,1.2,0.7,40,0.021044303797468356,6.747816989453716,1689.250287328167,40,0.006487341772151899,3.2732255584459007,477.83911011075327,40
6.0,1.2,0.8,40,0.029905063291139233,4.834756670362198,1399.1361871167744,40,-0.002689873417721519,-0.8975462703459405,-11.519424144715401,40
6.0,1.2,0.9,40,0.009493670886075948,2.517089603530666,231.40207416699423,40,-0.005854430379746835,-1.3941091997579043,-42.04046899773552,40
6.0,1.2,1.0,40,0.0042194092827004225,0.5435679564513465,2.7539397115076794,30,-0.015400843881856537,-2.0520262411831474,-129.6765516401729,30
6.0,1.3,0.0,40,0.0,0.0,0.0,10,0.0,0.0,0.0,10
6.0,1.3,0.1,40,0.0,0.0,0.0,40,0.0026898734177215194,4.226360563571477,1007.8333614423084,40
6.0,1.3,0.2,40,0.0,0.0,0.0,40,0.006329113924050636,7.745966692414838,4177.343971468336,40
6.0,1.3,0.3,40,0.0004746835443037975,1.355616588522926,39.561794920220024,40,0.01281645569620253,10.988839849001067,6195.113163799254,40
6.0,1.3,0.4,40,0.006170886075949367,4.636828789709791,1251.5410372120632,40,0.012658227848101267,7.979565739296538,4342.064244196595,40
6.0,1.3,0.5,40,0.02341772151898734,5.035062249054312,1557.4441042414508,40,0.01313291139240506,6.164104280977311,2961.0700643548957,40
6.0,1.3,0.6,40,0.027531645569620254,5.692047725541771,1631.2224396067745,40,0.003481012658227848,1.9360301824493957,102.19472851946132,40
6.0,1.3,0.7,40,0.019778481012658226,4.963480947585135,1500.0132601255207,40,0.0007911392405063295,0.45377682925735163,1.453788258422715,40
6.0,1.3,0.8,40,0.014556962025316459,2.800268760517256,312.4600344425881,40,-0.008860759493670885,-2.435195768905185,-212.8674532537879,40
6.0,1.3,0.9,40,0.003006329113924051,0.6527884436798368,4.695530550849172,40,-0.019620253164556962,-4.176147117426979,-1007.3121698263457,40
6.0,1.3,1.0,40,-0.029746835443037977,-2.536826508036284,-157.6756144580126,30,-0.060759493670886074,-3.9645571605390395,-868.5249351090575,30
6.0,1.4,0.0,40,0.0,0.0,0.0,10,0.0,0.0,0.0,10
6.0,1.4,0.1,40,0.0,0.0,0.0,40,0.0034810126582278493,5.134503723985419,1766.399063298871,40
6.0,1.4,0.2,40,0.00031645569620253165,1.4327007988227587,46.398924540531716,40,0.010601265822784808,9.106741091178156,5117.547180662828,40
6.0,1.4,0.3,40,0.0026898734177215194,3.981497290606323,829.0749491281284,40,0.014398734177215192,8.568340462771896,4752.691741893551,40
6.0,1.4,0.4,40,0.021835443037974685,4.83613586471968,1400.1962566087495,40,0.012341772151898734,4.12923591597579,941.883901525058,40
6.0,1.4,0.5,40,0.029746835443037984,5.077990962762619,1560.351485263241,40,1.7347234759768072e-19,7.017156515304796e-17,8.240050220280784e-48,40
6.0,1.4,0.6,40,0.016297468354430376,4.513400525554061,1163.9177643308442,40,0.00015822784810126583,0.14109612463108678,0.04763441664600997,40
6.0,1.4,0.7,40,0.01313291139240506,2.655126538960422,269.00012831629687,40,-0.011867088607594934,-3.6736694777238084,-698.2711111296513,40
6.0,1.4,0.8,40,-0.009177215189873416,-0.9753331169098558,-10.3417726071635,40,-0.044620253164556964,-5.442204907474282,-2119.472152854894,40
6.0,1.4,0.9,40,-0.028955696202531644,-3.693275746697109,-419.94880174638826,40,-0.06107594936708862,-6.224810003710938,-3052.274312712631,40
6.0,1.4,1.0,40,-0.03884766477520733,-2.9736962023889912,-237.65293582612637,29,-0.08315146224356178,-5.964681949796503,-2721.9040469812708,29
6.0,1.5,0.0,40,0.0,0.0,0.0,10,0.0,0.0,0.0,10
6.0,1.5,0.1,40,0.0,0.0,0.0,40,0.004430379746835444,4.71390816972055,1382.5981310261252,40
6.0,1.5,0.2,40,0.0017405063291139242,3.1387536587428126,430.00897211442975,40,0.012341772151898734,10.69087450529007,6037.918690003651,40
6.0,1.5,0.3,40,0.010443037974683543,4.641976433102548,1255.2664025162642,40,0.017088607594936706,8.582274780878773,4762.042129142864,40
6.0,1.5,0.4,40,0.027056962025316454,4.32523289095702,1037.4529512605184,40,0.002848101265822785,1.3251322733854762,33.350481442799165,40
6.0,1.5,0.5,40,0.01550632911392405,2.4772243885202165,221.21728293343924,40,-0.008702531645569622,-1.73536362693157,-79.72996326313077,40
6.0,1.5,0.6,40,-0.002531645569620252,-0.5471966595850493,-1.904806341085384,40,-0.022310126582278485,-4.560571712612181,-1293.7212278540885,40
6.0,1.5,0.7,40,-0.02753164556962025,-2.0769455587399714,-91.0423257750089,40,-0.06598101265822787,-4.63207980613363,-1351.7824933690472,40
6.0,1.5,0.8,40,-0.05458860759493671,-4.790257110784797,-818.7356017999192,40,-0.10348101265822787,-8.81804089784421,-7029.417172933871,40
6.0,1.5,0.9,40,-0.06218354430379747,-4.65288260920863,-761.5530488577209,40,-0.10886075949367091,-7.535085984333537,-4987.0529000523275,40
6.0,1.5,1.0,40,-0.040375381929288516,-2.926335109054048,-227.89471349669745,29,-0.09428197293758184,-7.364086376207889,-4713.153839510842,29
6.0,1.6,0.0,40,0.0,0.0,0.0,10,0.0,0.0,0.0,10
6.0,1.6,0.1,40,0.0,0.0,0.0,40,0.006803797468354432,6.6492670958778435,3444.5861274850986,40
6.0,1.6,0.2,40,0.0031645569620253173,4.654746681256313,1264.5342468530034,40,0.015664556962025324,10.931012176189304,6075.940410739646,40
6.0,1.6,0.3,40,0.01851265822784811,5.247084546729163,1454.0525546832664,40,0.015031645569620255,5.315988623592625,1950.1032741434374,40
6.0,1.6,0.4,40,0.012341772151898734,3.2491322920683694,473.3015829103741,40,-0.0006329113924050634,-0.30151134457776363,-0.4756862886201898,40
6.0,1.6,0.5,40,0.0034810126582278493,0.4621028826638632,1.7227315368463,40,-0.028164556962025317,-3.95803715451704,-864.464632935904,40
6.0,1.6,0.6,40,-0.0416139240506329,-3.091178981907166,-262.96989145044085,40,-0.07800632911392405,-5.6593860102496025,-2359.6093167235363,40
6.0,1.6,0.7,40,-0.06392405063291139,-4.150984535584901,-569.6832444226691,40,-0.10854430379746835,-6.979458346193878,-4116.950177384275,40
6.0,1.6,0.8,40,-0.06693037974683544,-5.649588293024161,-1200.7154310184844,40,-0.11693037974683547,-8.71791147307654,-7021.71344112009,40
6.0,1.6,0.9,40,-0.06550632911392407,-4.821313663961375,-831.8489244834581,40,-0.11265822784810128,-7.368928511001183,-4720.847111208309,40
6.0,1.6,1.0,40,-0.04452204277608031,-3.5134759743683026,-368.15414014839575,29,-0.09973810563072895,-7.699687279943622,-4739.651976251139,29
6.0,1.7,0.0,40,0.0,0.0,0.0,10,0.0,0.0,0.0,10
6.0,1.7,0.1,40,-0.00015822784810126583,-1.0000000000000004,-0.3384597718922898,40,0.007436708860759496,7.180289197678466,3788.7639740551463,40
6.0,1.7,0.2,40,0.009177215189873418,4.6776689769626385,1281.2865791343493,40,0.018670886075949366,8.938973004518752,5002.079743974716,40
6.0,1.7,0.3,40,0.023259493670886075,4.879813466655935,1434.0748894718972,40,0.00268987341772152,1.0840499141888835,18.525668068529427,40
6.0,1.7,0.4,40,0.0064873417721519,1.2978823421101413,34.900273065930804,40,-0.01408227848101266,-3.5907731277415023,-653.9166424005193,40
6.0,1.7,0.5,40,-0.028639240506329117,-2.6443505278727137,-175.29514720959352,40,-0.06898734177215189,-5.743986242584375,-2457.097612244664,40
6.0,1.7,0.6,40,-0.056645569620253154,-4.815879050588826,-829.5540634258695,40,-0.10158227848101264,-7.828074333440208,-5469.889269865385,40
6.0,1.7,0.7,40,-0.06250000000000001,-4.498186022181513,-699.41761931255,40,-0.10727848101265824,-7.954186888746732,-5681.518076596808,40
6.0,1.7,0.8,40,-0.0545886075949367,-6.8387259696536855,-1272.3813132248595,40,-0.09936708860759494,-11.546070584562402,-8054.485645556599,40
6.0,1.7,0.9,40,-0.10063291139240509,-4.9794846194909494,-899.5990482924235,40,-0.15063291139240506,-6.9778251842122,-4114.493693056703,40
6.0,1.7,1.0,40,-0.05936272370144042,-3.8849781351132524,-479.4745154671693,29,-0.10475774770842428,-7.3028466862740204,-4616.176922951203,29
6.0,1.8,0.0,40,0.0,0.0,0.0,10,0.0,0.0,0.0,10
6.0,1.8,0.1,40,0.0004746835443037975,1.7782469350914567,86.24219619933193,40,0.009968354430379748,8.04605625943465,4389.599607531198,40
6.0,1.8,0.2,40,0.019303797468354433,5.96465441001731,1362.25688318393,40,0.012500000000000002,5.132712175702199,1764.647060964651,40
6.0,1.8,0.3,40,0.012341772151898734,3.1289342292214872,426.2876864681625,40,-0.004746835443037974,-1.5845281990971014,-61.142304825004544,40
6.0,1.8,0.4,40,-0.03844936708860759,-2.0395219190649656,-86.53720763865618,40,-0.06946202531645572,-3.3600933853799915,-540.127419201754,40
6.0,1.8,0.5,40,-0.0485759493670886,-4.340845451926202,-638.968833265376,40,-0.08623417721518986,-7.420475598674044,-4802.599133467044,40
6.0,1.8,0.6,40,-0.054272151898734175,-5.621556440327345,-885.7537800511064,40,-0.09715189873417722,-9.669714088733913,-6363.190872136587,40
6.0,1.8,0.7,40,-0.0685126582278481,-4.088139544239999,-547.6300197434366,40,-0.1175632911392405,-6.5778635296382415,-3532.245385984525,40
6.0,1.8,0.8,40,-0.06645569620253165,-6.68550266965364,-1265.3520681150044,40,-0.11123417721518987,-10.822743495730364,-7963.809921602508,40
6.0,1.8,0.9,40,-0.10933544303797467,-5.2113462163892645,-1001.9126609222146,40,-0.1533227848101266,-6.9467434305788816,-4067.8242770593856,40
6.0,1.8,1.0,40,-0.02466171977302488,-3.4320175046662817,-346.0786577417971,29,-0.06634657354866869,-8.582982969344199,-4697.217857815281,29
6.0,1.9,0.0,40,0.0,0.0,0.0,10,0.0,0.0,0.0,10
6.0,1.9,0.1,40,0.0018987341772151902,1.4765243728440418,50.59027361143374,40,0.012183544303797467,9.037599547505232,4492.235801869733,40
6.0,1.9,0.2,40,0.024208860759493668,5.295921838274102,1328.5850566741055,40,0.005854430379746836,2.9178679061131456,341.48484297085093,40
6.0,1.9,0.3,40,0.005854430379746837,1.490555343764286,51.97937098751713,40,-0.012183544303797467,-3.0968161071081117,-426.7664307125478,40
6.0,1.9,0.4,40,-0.06297468354430379,-3.191390324563995,-285.8867492243787,40,-0.1151898734177215,-5.402173791997156,-2076.783116005253,40
6.0,1.9,0.5,40,-0.06281645569620253,-5.817385220951748,-1168.3266841229622,40,-0.10015822784810127,-8.205887841428488,-6112.557616999235,40
6.0,1.9,0.6,40,-0.0629746835443038,-4.9009838407399915,-865.7234378939928,40,-0.11313291139240507,-8.285692722353513,-6251.271519609893,40
6.0,1.9,0.7,40,-0.07879746835443041,-5.107332424730586,-955.7151531860902,40,-0.12563291139240507,-7.969027433079535,-5706.637332536957,40
6.0,1.9,0.8,40,-0.07072784810126582,-6.274871839601408,-1240.8997483582887,40,-0.10838607594936711,-9.091982432401698,-7337.949485745343,40
6.0,1.9,0.9,40,-0.07768987341772152,-4.419929472900372,-669.0576528945712,40,-0.12025316455696203,-6.996671173524675,-4142.932291195369,40
6.0,1.9,1.0,40,-0.017241379310344827,-2.7798247226462607,-199.4453051810914,29,-0.048232213007420345,-5.852379911722755,-2585.208236111487,29
6.0,2.0,0.0,40,0.0,0.0,0.0,10,0.0,0.0,0.0,10
6.0,2.0,0.1,40,0.002215189873417722,3.3429685305864365,512.2008617280464,40,0.01518987341772152,11.049296652807325,4696.172208969903,40
6.0,2.0,0.2,40,0.021202531645569615,4.412686838930653,1095.1392711463952,40,0.0022151898734177216,1.1029155274660214,19.47059535554255,40
6.0,2.0,0.3,40,-0.0060126582278481,-1.1386519333998093,-16.265326911960653,40,-0.03322784810126582,-4.994775338175999,-1670.4390032705708,40
6.0,2.0,0.4,40,-0.10300632911392404,-4.906243046440138,-867.9774067228128,40,-0.14857594936708865,-6.850234864104448,-3924.3855433278495,40
6.0,2.0,0.5,40,-0.0689873417721519,-6.408070228649147,-1190.4960688301771,40,-0.1120253164556962,-8.7479744796828,-7076.151135047731,40
6.0,2.0,0.6,40,-0.0708860759493671,-5.552858429010759,-1156.2042670549447,40,-0.1264240506329114,-9.022029690516574,-7223.37755767748,40
6.0,2.0,0.7,40,-0.06313291139240507,-4.900709567646053,-865.6057734929825,40,-0.10949367088607598,-9.106233402786184,-7230.308451767456,40
6.0,2.0,0.8,40,-0.05553797468354431,-4.589429368377664,-735.7465177414277,40,-0.08813291139240506,-6.943179998027233,-4062.4850136729087,40
6.0,2.0,0.9,40,-0.04050632911392404,-3.3095881254418673,-314.4996634013155,40,-0.07452531645569624,-5.477551320478121,-2157.494982441467,40
6.0,2.0,1.0,40,-0.004364906154517678,-1.126744598058556,-15.776446549099695,29,-0.014840680925360106,-2.0773650706983444,-134.34686691190723,29
7.0,1.1,0.0,40,,0.0,0.0,0,,0.0,0.0,0
7.0,1.1,0.1,40,0.0,0.0,0.0,40,0.0030063291139240515,4.197710801134645,988.1396811798312,40
7.0,1.1,0.2,40,0.0,0.0,0.0,40,0.005221518987341775,6.6827618537316535,3465.571886558017,40
7.0,1.1,0.3,40,0.00015822784810126583,1.0000000000000002,16.528236616115763,40,0.008227848101265823,9.312555192347924,5257.854275684917,40
7.0,1.1,0.4,40,0.00015822784810126583,1.0000000000000004,16.528236616115773,40,0.011075949367088608,10.028905591759306,5717.952592849747,40
7.0,1.1,0.5,40,0.0033227848101265818,2.723335980296641,288.924983502424,40,0.015664556962025317,9.407536155289637,5320.545213354543,40
7.0,1.1,0.6,40,0.0037974683544303805,3.178162900869059,445.176980942474,40,0.02041139240506329,9.365597731468334,5292.852156417361,40
7.0,1.1,0.7,40,0.01028481012658228,7.597008352103246,1709.749222229937,40,0.017088607594936713,9.639074888488127,5471.681363239816,40
7.0,1.1,0.8,40,0.011234177215189873,4.873059463999871,1428.8115376008573,40,0.017563291139240506,7.307320507036402,3874.3296355740076,40
7.0,1.1,0.9,40,0.014715189873417717,3.0837455509290996,409.3410394366141,40,0.003639240506329115,0.9304413573945248,11.802742970173824,40
7.0,1.1,1.0,40,0.023628691983122358,4.104217446969596,746.8061261379191,30,0.002320675105485232,0.8802185641582966,10.059889073456448,30
7.0,1.2,0.0,40,0.0,0.0,0.0,10,0.0,0.0,0.0,10
7.0,1.2,0.1,40,0.0,0.0,0.0,40,0.003164556962025318,4.654746681256316,1333.2218918935928,40
7.0,1.2,0.2,40,0.0,0.0,0.0,40,0.006962025316455699,7.085345980230921,3725.345920723179,40
7.0,1.2,0.3,40,0.0004746835443037975,1.7782469350914571,86.24219619933199,40,0.011075949367088608,10.729421323058892,6080.449451692935,40
7.0,1.2,0.4,40,0.0028481012658227852,2.259068960580693,170.4690484065224,40,0.0129746835443038,11.951153306667821,6559.537028196172,40
7.0,1.2,0.5,40,0.008702531645569622,2.9054879908745583,346.58330990643725,40,0.016772151898734176,9.072336399934073,5094.03229551765,40
7.0,1.2,0.6,40,0.013924050632911394,4.103478648722008,899.9204931909694,40,0.011234177215189874,7.119192929396605,3747.8788387325867,40
7.0,1.2,0.7,40,0.014398734177215192,5.489042082502853,1618.5056253231232,40,0.010126582278481015,5.273574210932969,1906.2134257529983,40
7.0,1.2,0.8,40,0.012341772151898734,4.670811133606846,1276.2625825301898,40,0.0033227848101265826,2.444166378941336,203.3539314187864,40
7.0,1.2,0.9,40,0.01566455696202532,2.9474476147995117,360.77519582340767,40,-0.0037974683544303783,-1.035651719613881,-17.56950479638526,40
7.0,1.2,1.0,40,0.008438818565400847,1.0332707352544062,18.14634555701991,30,-0.016244725738396623,-1.8686428009190346,-98.88073819673443,30
7.0,1.3,0.0,40,0.0,0.0,0.0,10,0.0,0.0,0.0,10
7.0,1.3,0.1,40,0.0,0.0,0.0,40,0.004113924050632913,5.124350119129871,1756.476151371976,40
7.0,1.3,0.2,40,0.00031645569620253165,1.432700798822758,46.39892454053165,40,0.008860759493670886,10.525331761785571,5978.8705081605785,40
7.0,1.3,0.3,40,0.002056962025316456,2.313910886481321,182.4365623079164,40,0.013449367088607594,9.480526503054543,5368.262204962716,40
7.0,1.3,0.4,40,0.006962025316455697,4.809610477073635,1379.8688156635626,40,0.01566455696202532,10.422163085269734,5943.356304842081,40
7.0,1.3,0.5,40,0.013449367088607597,4.603700459034012,1227.6887219306861,40,0.011234177215189874,6.42736257758338,3309.1864138860615,40
7.0,1.3,0.6,40,0.015981012658227843,4.787307517477153,1362.9220344149353,40,0.00537974683544304,2.8465424181483336,317.68849630356897,40
7.0,1.3,0.7,40,0.01060126582278481,2.4920219621052238,224.95931110248577,40,-0.005537974683544304,-1.7536572662670957,-82.20035271054307,40
7.0,1.3,0.8,40,0.01360759493670886,2.8738808929758726,336.11165327510304,40,-0.006170886075949369,-1.9626852155672336,-114.02114945980104,40
7.0,1.3,0.9,40,-0.002848101265822782,-0.2908663436475507,-0.30462689126394205,40,-0.0384493670886076,-3.9209898407742876,-841.549611635639,40
7.0,1.3,1.0,40,-0.030379746835443033,-1.9913558547837247,-80.94217661333884,30,-0.07025316455696203,-3.831778124269203,-787.9599925876383,30
7.0,1.4,0.0,40,0.0,0.0,0.0,10,0.0,0.0,0.0,10
7.0,1.4,0.1,40,0.0,0.0,0.0,40,0.005221518987341774,5.971595232613,2709.2166742642894,40
7.0,1.4,0.2,40,0.00031645569620253165,1.432700798822758,46.39892454053165,40,0.010759493670886074,13.068003951358723,6578.348989330122,40
7.0,1.4,0.3,40,0.0028481012658227852,2.4209199557775567,207.29131838791307,40,0.01882911392405063,11.36077926223362,6216.959465665272,40
7.0,1.4,0.4,40,0.020094936708860762,4.604367000692405,1228.1658331056076,40,0.018037974683544303,7.404695201977212,3941.024192883011,40
7.0,1.4,0.5,40,0.009335443037974686,4.789168806914746,1364.3312948136272,40,0.0015822784810126584,0.6757769403197447,4.701297726016541,40
7.0,1.4,0.6,40,0.01661392405063291,3.237801684234879,468.7476010336611,40,-0.0017405063291139242,-0.6586133056277018,-4.640343209680285,40
7.0,1.4,0.7,40,0.000316455696202533,0.04012861769525657,0.0023049493367573713,40,-0.0305379746835443,-4.215441586384872,-1034.5675396893334,40
7.0,1.4,0.8,40,-0.015092502434274587,-1.8377527646884004,-64.52868068179977,39,-0.049172346640701074,-5.679802208630256,-2382.9651793723447,39
7.0,1.4,0.9,40,-0.03670886075949367,-2.984818302020237,-239.974716019349,40,-0.08259493670886078,-5.913247055625415,-2658.8343854361133,40
7.0,1.4,1.0,40,-0.06634657354866871,-3.3928758590194183,-335.7729025306781,29,-0.11523352247926671,-5.294941469849479,-1964.8629946614644,29
7.0,1.5,0.0,40,0.0,0.0,0.0,10,0.0,0.0,0.0,10
7.0,1.5,0.1,40,0.00015822784810126583,1.0000000000000002,16.528236616115763,40,0.005854430379746837,6.024592699858164,2777.203292674411,40
7.0,1.5,0.2,40,0.0014240506329113924,2.966385493649794,367.3006367939558,40,0.01408227848101266,14.452341767194026,6841.097478419152,40
7.0,1.5,0.3,40,0.007594936708860758,3.6523509495162565,654.1469284289489,40,0.017721518987341773,6.9065525422399245,3607.885212674562,40
7.0,1.5,0.4,40,0.02009493670886076,5.966305139033174,1266.4993333344562,40,0.007436708860759494,3.5409532029120663,601.2817611366319,40
7.0,1.5,0.5,40,0.004905063291139241,1.4256906952272705,45.7494400603384,40,-0.008069620253164557,-1.2086505407075099,-27.618288388956763,40
7.0,1.5,0.6,40,-0.012341772151898734,-0.7532822600636532,-4.852979204862824,40,-0.03781645569620254,-2.247356724821287,-168.68300554430493,40
7.0,1.5,0.7,40,-0.04430379746835443,-3.6594713967995975,-409.92516552308894,40,-0.09256329113924047,-6.588235887657365,-3546.825301915209,40
7.0,1.5,0.8,40,-0.04414556962025316,-3.0262757429761518,-248.77867491868594,40,-0.09303797468354433,-6.058348317706835,-2838.567499564461,40
7.0,1.5,0.9,40,-0.052056962025316456,-3.4907183844936474,-361.9025979211083,40,-0.09430379746835442,-6.050151860305989,-2828.2772100214306,40
7.0,1.5,1.0,40,-0.0814054997817547,-3.5288198306776635,-372.39701599265635,29,-0.125927542557835,-5.111587453829405,-1781.5979290298405,29
7.0,1.6,0.0,40,0.0,0.0,0.0,10,0.0,0.0,0.0,10
7.0,1.6,0.1,40,0.00031645569620253165,1.0000000000000002,16.528236616115763,40,0.007278481012658228,6.763505828080176,3516.483978250422,40
7.0,1.6,0.2,40,0.00537974683544304,2.9321074340099935,355.54605044480866,40,0.016297468354430376,10.734005800942624,6052.785225593976,40
7.0,1.6,0.3,40,0.006645569620253167,3.2393816778310467,469.3811147138579,40,0.010284810126582278,3.090211314665109,403.9382957547565,40
7.0,1.6,0.4,40,0.014715189873417722,2.615431482519047,257.84605478986407,40,-0.005063291139240506,-1.4069049162253182,-43.18077202814125,40
7.0,1.6,0.5,40,-0.014240506329113922,-0.9663263320217536,-10.065624345374758,40,-0.04177215189873418,-2.504955567158867,-230.97441150043952,40
7.0,1.6,0.6,40,-0.052848101265822775,-2.2674683479581703,-116.35469280385851,40,-0.08481012658227852,-3.5814974326062035,-649.0926902547361,40
7.0,1.6,0.7,40,-0.06724683544303797,-5.2524999712582785,-1020.2657577958928,40,-0.12104430379746836,-8.523302981922676,-6671.925743335099,40
7.0,1.6,0.8,40,-0.0564873417721519,-5.866381609608321,-1299.7913336265326,40,-0.09746835443037974,-9.081817040056666,-7332.703913463502,40
7.0,1.6,0.9,40,-0.05506329113924049,-3.592208301672085,-390.29744077107637,40,-0.10348101265822787,-6.422156038303391,-3316.4884704022134,40
7.0,1.6,1.0,40,-0.06329113924050633,-3.034196632775998,-250.48006346281534,29,-0.11763422086425142,-5.215760755329849,-1884.3588724512133,29
7.0,1.7,0.0,40,0.0,0.0,0.0,10,0.0,0.0,0.0,10
7.0,1.7,0.1,40,0.0007911392405063292,1.9553847221876077,113.09661089724649,40,0.008860759493670885,7.162542385411679,3776.9294783439186,40
7.0,1.7,0.2,40,0.011708860759493673,2.829036542527629,321.5547818254524,40,0.015822784810126587,5.452119748877275,2095.0873573072904,40
7.0,1.7,0.3,40,0.011550632911392406,2.797787479260062,311.684191188763,40,-0.001265822784810126,-0.33855812169169575,-0.6595978686229608,40
7.0,1.7,0.4,40,-0.0017405063291139247,-0.26499860242947093,-0.23352018074920047,40,-0.01867088607594937,-2.3794072542381923,-199.00952211957753,40
7.0,1.7,0.5,40,-0.03623417721518988,-3.0828164051267066,-261.1116855430555,40,-0.0754746835443038,-5.570637170849638,-2259.6047038290694,40
7.0,1.7,0.6,40,-0.06946202531645572,-2.9018076799533157,-222.95315987732906,40,-0.10917721518987344,-4.52492381059578,-1265.4011815977046,40
7.0,1.7,0.7,40,-0.08306962025316456,-4.855569120311148,-846.2944412148203,40,-0.13718354430379748,-6.967537488718655,-4099.0174950115315,40
7.0,1.7,0.8,40,-0.060126582278481,-5.423748678577799,-1097.5535071762627,40,-0.10395569620253167,-8.818562786979225,-7193.039715328915,40
7.0,1.7,0.9,40,-0.05126582278481012,-4.313231938379075,-628.6442432248767,40,-0.0995253164556962,-7.4425943960969585,-4837.862303209446,40
7.0,1.7,1.0,40,-0.06241815800960278,-4.4876895369753695,-695.319585702287,29,-0.11654299432562205,-8.407475691833104,-6465.3367068310845,29
7.0,1.8,0.0,40,0.0,0.0,0.0,10,0.0,0.0,0.0,10
7.0,1.8,0.1,40,0.002056962025316456,2.116748786436653,141.75285647970537,40,0.009968354430379748,8.483062129693165,4695.544756402218,40
7.0,1.8,0.2,40,0.014240506329113922,5.84075944054646,1357.9286015405569,40,0.011550632911392404,4.734693531227303,1400.1572198268793,40
7.0,1.8,0.3,40,-0.00221518987341772,-0.23851674670079126,-0.1744307150318528,40,-0.018354430379746836,-1.7098311599677773,-76.36924380167011,40
7.0,1.8,0.4,40,-0.01281645569620253,-1.7079316490725738,-52.378890445034685,40,-0.04525316455696204,-4.866764523696224,-1553.4195651009074,40
7.0,1.8,0.5,40,-0.05284810126582279,-3.737805312277687,-433.3466162563754,40,-0.0995253164556962,-6.419712940884562,-3313.1602286313846,40
7.0,1.8,0.6,40,-0.10395569620253169,-4.1444690779965745,-567.3824566237068,40,-0.14620253164556965,-5.709988889277144,-2417.706226818385,40
7.0,1.8,0.7,40,-0.09256329113924053,-4.473489424004519,-689.7790492931675,40,-0.14335443037974682,-6.434979365963133,-3333.9886789879783,40
7.0,1.8,0.8,40,-0.03813291139240506,-4.441244115292129,-677.2772897966178,40,-0.08607594936708861,-10.90216230190795,-7973.194205613208,40
7.0,1.8,0.9,40,-0.017405063291139236,-1.808890354783534,-61.69114242216179,40,-0.06629746835443039,-6.5646726945371965,-3513.708848260539,40
7.0,1.8,1.0,40,-0.048450458315146216,-3.4557574801827196,-352.4198880439656,29,-0.09406372762985594,-6.910769287198752,-4014.0239667980577,29
7.0,1.9,0.0,40,0.0,0.0,0.0,10,0.0,0.0,0.0,10
7.0,1.9,0.1,40,0.002689873417721519,2.4285714285714297,209.14651590083807,40,0.011234177215189874,6.715791704956564,3486.432350141501,40
7.0,1.9,0.2,40,0.013924050632911387,6.469440357294079,1381.8140064085455,40,0.002531645569620255,0.6852196431568104,4.88703304318392,40
7.0,1.9,0.3,40,-0.004272151898734177,-0.40511960584731094,-0.7899934434058864,40,-0.03259493670886076,-2.681285694387412,-281.178064950155,40
7.0,1.9,0.4,40,-0.024367088607594938,-2.6089686648814707,-169.3493758896532,40,-0.06139240506329113,-6.39741715392675,-3282.8373370466493,40
7.0,1.9,0.5,40,-0.067246835443038,-4.578424457253774,-731.312019744434,40,-0.10933544303797467,-6.572824972775806,-3525.1625511317984,40
7.0,1.9,0.6,40,-0.09493670886075949,-4.204858880236052,-588.933056714362,40,-0.14003164556962025,-5.980293303524761,-2741.1797437706923,40
7.0,1.9,0.7,40,-0.08908227848101265,-4.221593875291018,-594.9721210605042,40,-0.14034810126582278,-6.537634239301892,-3475.8334640549047,40
7.0,1.9,0.8,40,-0.045727848101265824,-4.335179246693742,-636.8472299565432,40,-0.09193037974683545,-8.856497293699144,-7213.94364873256,40
7.0,1.9,0.9,40,-0.025949367088607594,-2.503037145974554,-152.4068293827095,40,-0.06044303797468355,-5.175361913984182,-1844.0796536189491,40
7.0,1.9,1.0,40,-0.02182453077258839,-2.1749043985468717,-103.58182451681812,29,-0.04932343954604976,-3.5870111057765715,-651.9582009373408,29
7.0,2.0,0.0,40,0.0,0.0,0.0,10,0.0,0.0,0.0,10
7.0,2.0,0.1,40,0.00901898734177215,2.2286579441927725,164.05471455695502,40,0.0120253164556962,6.591942331642752,3408.9078755960763,40
7.0,2.0,0.2,40,0.015664556962025313,4.2303572063988835,977.1149111314228,40,-0.004588607594936708,-1.4390186482871101,-46.12785999002754,40
7.0,2.0,0.3,40,-0.030221518987341787,-2.2591820138558356,-115.17715433042352,40,-0.07215189873417724,-4.269947822261381,-1073.1525737338104,40
7.0,2.0,0.4,40,-0.03750000000000002,-3.6615636173396866,-410.5421182010779,40,-0.07721518987341774,-6.875040620646743,-3960.98372354585,40
7.0,2.0,0.5,40,-0.0931962025316456,-5.204411074332493,-998.8198168954923,40,-0.13971518987341772,-7.179348515036429,-4422.519626988294,40
7.0,2.0,0.6,40,-0.08354430379746836,-6.076948026830391,-1397.3381482007844,40,-0.1324367088607595,-8.834958363364134,-7202.256718628939,40
7.0,2.0,0.7,40,-0.0656645569620253,-4.698216135336413,-780.2536906899087,40,-0.10648734177215194,-7.362938400013062,-4711.3303037943015,40
7.0,2.0,0.8,40,-0.032436708860759486,-3.6542810945745736,-408.3944297551213,40,-0.06408227848101267,-6.014891172412503,-2784.167637400541,40
7.0,2.0,0.9,40,-0.012183544303797469,-1.3286246323434028,-25.43720297004639,40,-0.026740506329113928,-2.601389673513824,-257.654488829335,40
7.0,2.0,1.0,40,0.002618943692710607,1.561322107412665,1.2815957660823611,29,-0.004583151462243563,-2.543953245090709,-241.51414742189587,29
8.0,1.1,0.0,40,,0.0,0.0,0,,0.0,0.0,0
8.0,1.1,0.1,40,0.0,0.0,0.0,40,0.003639240506329116,6.119054764910265,2901.000892291571,40
8.0,1.1,0.2,40,0.00031645569620253165,1.0000000000000002,16.528236616115763,40,0.0069620253164557,7.495236582561722,4003.0766016485054,40
8.0,1.1,0.3,40,0.0,0.0,0.0,40,0.010126582278481013,9.797958971132717,5575.717837382179,40
8.0,1.1,0.4,40,0.0006329113924050633,2.081665999466132,135.19566160744802,40,0.01360759493670886,11.237836389850306,6306.218377595248,40
8.0,1.1,0.5,40,0.003639240506329115,3.9078012278919156,787.8927053871834,40,0.016772151898734176,13.176300580546366,6735.16927629614,40
8.0,1.1,0.6,40,0.005537974683544305,4.523315757160025,1170.8236093844368,40,0.018196202531645576,12.07912386642678,6504.692307141222,40
8.0,1.1,0.7,40,0.008386075949367088,4.290552278042227,1015.0963642157471,40,0.021202531645569615,9.778290469211534,5562.773153636999,40
8.0,1.1,0.8,40,0.013924050632911389,2.2417758820701295,166.8013388000345,40,0.006012658227848102,0.892900058023919,10.478255953271853,40
8.0,1.1,0.9,40,0.019778481012658233,4.731928210505827,1100.9838567575268,40,0.006329113924050634,4.47213595499958,41.59926960427254,40
8.0,1.1,1.0,40,0.0189873417721519,3.7938611404400637,726.3040277279813,30,-0.001476793248945147,-0.46049745037915296,-1.6135392241258928,30
8.0,1.2,0.0,40,0.0,0.0,0.0,10,0.0,0.0,0.0,10
8.0,1.2,0.1,40,0.0,0.0,0.0,40,0.004588607594936711,6.407032275416038,3297.180098466417,40
8.0,1.2,0.2,40,0.00015822784810126583,1.0000000000000002,16.528236616115763,40,0.008227848101265823,9.020552664353241,5058.355242055807,40
8.0,1.2,0.3,40,0.0,0.0,0.0,40,0.011867088607594937,11.654866507716573,6458.250900932913,40
8.0,1.2,0.4,40,0.0017405063291139242,3.4390504022437547,553.9822675159113,40,0.01518987341772152,12.94765581272441,6840.748162386447,40
8.0,1.2,0.5,40,0.008702531645569622,3.3337650843011866,508.3075553635228,40,0.019303797468354433,10.042266479874673,5725.6928569688935,40
8.0,1.2,0.6,40,0.017246835443037976,5.422436485349984,1613.637903254035,40,0.01503164556962025,5.673440637691572,2344.8755530076014,40
8.0,1.2,0.7,40,0.014240506329113927,5.393366090861556,1611.552307320515,40,0.010284810126582278,4.03212310992075,878.818483810374,40
8.0,1.2,0.8,40,0.0129746835443038,4.187341946337194,950.5200340487797,40,-0.0034810126582278484,-1.544194821023368,-56.70300307611974,40
8.0,1.2,0.9,40,0.008227848101265822,1.2321987471960714,30.06321902771008,40,-0.022943037974683545,-3.704980032370101,-715.4805736409016,40
8.0,1.2,1.0,40,-0.01772151898734177,-1.4534399235938618,-32.971870218474855,30,-0.05021097046413503,-3.45469677611133,-585.1820730275782,30
8.0,1.3,0.0,40,0.0,0.0,0.0,10,0.0,0.0,0.0,10
8.0,1.3,0.1,40,0.0,0.0,0.0,40,0.005221518987341776,7.7287888582358075,4165.3796928909305,40
8.0,1.3,0.2,40,0.0011075949367088608,2.0142802289563217,123.10438373279408,40,0.009810126582278476,9.239782265280658,5208.5728575603725,40
8.0,1.3,0.3,40,0.00031645569620253165,1.4327007988227582,46.398924540531674,40,0.013924050632911392,9.572411815272316,5428.109560343138,40
8.0,1.3,0.4,40,0.00537974683544304,4.891823413179639,1443.472219114137,40,0.01803797468354431,12.656654281364306,6773.222390586869,40
8.0,1.3,0.5,40,0.016297468354430376,6.334599100705344,1668.3826492873761,40,0.0189873417721519,8.215838362577493,4510.458034269011,40
8.0,1.3,0.6,40,0.027848101265822787,6.264442771966495,1664.4357116755384,40,0.0037974683544303805,1.8998038053216584,96.71511805746387,40
8.0,1.3,0.7,40,0.0115506329113924,3.180084675466456,445.9241468263761,40,-0.004746835443037975,-3.3223088130179304,-522.7532769721004,40
8.0,1.3,0.8,40,-0.007120253164556961,-0.9511524537739355,-9.60957711209175,40,-0.047310126582278476,-5.323314138825806,-1994.092837929538,40
8.0,1.3,0.9,40,-0.03370253164556961,-4.144882937776996,-567.5285175287645,40,-0.07104430379746836,-7.794947319817526,-5414.611601006187,40
8.0,1.3,1.0,40,-0.04831223628691984,-4.627834112032465,-751.3079480474692,30,-0.08860759493670886,-7.369242327680398,-4721.344552114327,30
8.0,1.4,0.0,40,0.0,0.0,0.0,10,0.0,0.0,0.0,10
8.0,1.4,0.1,40,0.0,0.0,0.0,40,0.006012658227848105,8.411227242120683,4646.523468724193,40
8.0,1.4,0.2,40,0.0015822784810126584,2.9117453304788214,348.67799893984886,40,0.011234177215189873,9.632192954062663,5467.205474535396,40
8.0,1.4,0.3,40,0.0034810126582278493,3.9727331518303854,824.1186128517177,40,0.01882911392405063,11.054983386130688,6150.27750456261,40
8.0,1.4,0.4,40,0.015031645569620253,5.4766421156012655,1617.246097185619,40,0.018196202531645563,7.649252296270677,4109.693983225231,40
8.0,1.4,0.5,40,0.025316455696202528,6.617361534948087,1680.2633148526209,40,0.007120253164556961,3.3269619088738307,501.0609953122928,40
8.0,1.4,0.6,40,0.004430379746835443,0.9548490148821299,14.433801521734333,40,-0.015822784810126583,-3.629831356368457,-674.6353765395413,40
8.0,1.4,0.7,40,0.0006329113924050649,0.09742361329948768,0.01783651868709792,40,-0.03401898734177215,-6.104643041707407,-2897.145149999502,40
8.0,1.4,0.8,40,-0.04527750730282376,-4.030400310125162,-527.7759039749182,39,-0.09591041869522886,-7.733030939890328,-5311.627131613898,39
8.0,1.4,0.9,40,-0.06550632911392404,-5.836852466061358,-1286.2712896180278,40,-0.10870253164556962,-8.980524954771157,-7280.0141011408805,40
8.0,1.4,1.0,40,-0.0718027062418158,-4.795461286452054,-820.9292145668211,29,-0.11894369271060673,-7.02159858645241,-4180.5864152406575,29
8.0,1.5,0.0,40,0.0,0.0,0.0,10,0.0,0.0,0.0,10
8.0,1.5,0.1,40,0.0,0.0,0.0,40,0.007436708860759497,8.504999270691238,4710.314188524555,40
8.0,1.5,0.2,40,0.003006329113924051,4.425083389516232,1103.4507827073364,40,0.013449367088607594,10.985195410245773,6131.30304560679,40
8.0,1.5,0.3,40,0.007911392405063292,4.241335861411931,983.9688030676991,40,0.02009493670886076,9.512887925618017,5389.334582612872,40
8.0,1.5,0.4,40,0.012025316455696202,4.133541465685773,917.8645040202982,40,0.003481012658227848,1.3272069030463345,33.50146672219803,40
8.0,1.5,0.5,40,0.01471518987341772,2.7881454277237316,308.67430815378617,40,-0.017879746835443036,-3.2000307158567796,-469.1355893240828,40
8.0,1.5,0.6,40,-0.024367088607594935,-4.177329199297405,-579.0602986374706,40,-0.05506329113924052,-7.861753036315765,-5526.100645834109,40
8.0,1.5,0.7,40,-0.02167721518987342,-2.8196255716698304,-206.92350576857044,40,-0.06629746835443039,-7.815993738293452,-5449.719566256021,40
8.0,1.5,0.8,40,-0.07373417721518988,-6.782081738231063,-1540.589536489281,40,-0.1314873417721519,-10.636757758518709,-7928.298599220597,40
8.0,1.5,0.9,40,-0.08227848101265826,-7.14932405419914,-1584.3430047978243,40,-0.127373417721519,-10.249506062214934,-7811.704231963141,40
8.0,1.5,1.0,40,-0.07245744216499347,-5.378275317656867,-1076.8433910329645,29,-0.11894369271060673,-8.336274089225846,-6339.850158609345,29
8.0,1.6,0.0,40,0.0,0.0,0.0,10,0.0,0.0,0.0,10
8.0,1.6,0.1,40,0.0,0.0,0.0,40,0.008544303797468355,9.884383183984475,5631.238232681717,40
8.0,1.6,0.2,40,0.0036392405063291147,4.657682504115997,1266.6685666269564,40,0.01882911392405063,13.392893657445697,6490.782426378594,40
8.0,1.6,0.3,40,0.012025316455696199,5.538339337236305,1723.6211431012982,40,0.016613924050632913,8.013944158207854,4366.602512903367,40
8.0,1.6,0.4,40,0.010917721518987343,3.5137585435447805,587.9115077284938,40,-0.010759493670886076,-3.4608789802045496,-588.1962703146322,40
8.0,1.6,0.5,40,-0.008702531645569618,-1.0410481145436166,-12.527149306611463,40,-0.05348101265822787,-6.454259571925228,-3360.407512681251,40
8.0,1.6,0.6,40,-0.06218354430379747,-5.131937132261881,-966.5912571696219,40,-0.11012658227848102,-8.620516139327275,-6846.255890386438,40
8.0,1.6,0.7,40,-0.039873417721519,-4.386143526328915,-656.1267530890531,40,-0.0860759493670886,-9.013411188842479,-7297.212439365768,40
8.0,1.6,0.8,40,-0.1004746835443038,-7.904396818489384,-1652.8226802889624,40,-0.15680379746835446,-10.686243755068562,-7938.069556802712,40
8.0,1.6,0.9,40,-0.08876582278481013,-7.433653435557732,-1614.5413416646206,40,-0.132753164556962,-10.36450759933712,-7848.4053234631865,40
8.0,1.6,1.0,40,-0.06372762985595809,-4.058548451715018,-537.4120667312985,29,-0.11305106940200785,-7.297067211995793,-4607.048285742623,29
8.0,1.7,0.0,40,0.0,0.0,0.0,10,0.0,0.0,0.0,10
8.0,1.7,0.1,40,0.00015822784810126583,1.0000000000000004,16.528236616115773,40,0.00981012658227848,11.195884336976533,5793.3138994904075,40
8.0,1.7,0.2,40,0.010443037974683544,4.869657877017233,1426.1655679184537,40,0.01740506329113924,8.34276752112298,4599.38636217996,40
8.0,1.7,0.3,40,0.019936708860759496,5.23371656319699,1701.8858164961,40,0.003955696202531646,1.277525856238489,29.95603795613275,40
8.0,1.7,0.4,40,-0.002531645569620252,-0.4643474142041629,-1.1754992789116228,40,-0.03591772151898734,-4.771436378471086,-1469.564392186041,40
8.0,1.7,0.5,40,-0.03924050632911394,-4.06870109763646,-540.9053410072694,40,-0.08528481012658229,-8.241843190969332,-6174.832341265717,40
8.0,1.7,0.6,40,-0.08465189873417722,-5.642490537956593,-1197.4246748439011,40,-0.13781645569620263,-8.897702268841748,-7236.084478475641,40
8.0,1.7,0.7,40,-0.06851265822784806,-5.98824930329036,-1356.2650389648543,40,-0.11708860759493675,-9.674850640855457,-7631.084878798762,40
8.0,1.7,0.8,40,-0.10743670886075951,-7.862773339659241,-1650.229232447439,40,-0.16424050632911397,-12.141708432201433,-8128.7351824119805,40
8.0,1.7,0.9,40,-0.08813291139240507,-7.425042219742064,-1613.717147147578,40,-0.13433544303797468,-10.695981033635762,-7939.64405635096,40
8.0,1.7,1.0,40,-0.06241815800960279,-5.127857776219454,-964.7902832375021,29,-0.10584897424705368,-8.640859028288013,-6882.794188335558,29
8.0,1.8,0.0,40,0.0,0.0,0.0,10,0.0,0.0,0.0,10
8.0,1.8,0.1,40,0.0007911392405063292,1.706003447005319,76.55736587901055,40,0.011392405063291136,10.014275524755359,5660.044817981147,40
8.0,1.8,0.2,40,0.015822784810126583,3.3248190580402244,504.5363713121299,40,0.010284810126582278,2.4551957352538376,206.04636087525597,40
8.0,1.8,0.3,40,0.007120253164556963,0.9208488664731278,12.976680927327585,40,-0.026424050632911394,-3.183066614164546,-462.00664427262353,40
8.0,1.8,0.4,40,-0.01946202531645569,-2.022871697248921,-84.57614529322959,40,-0.0617088607594937,-5.78223346774839,-2501.835270717481,40
8.0,1.8,0.5,40,-0.05363924050632912,-5.206166857108739,-999.6032313783431,40,-0.10632911392405064,-9.928708801409773,-7721.671415080492,40
8.0,1.8,0.6,40,-0.0985759493670886,-7.006898722104314,-1598.3573995515032,40,-0.14746835443037978,-9.929137545481709,-7721.744627002676,40
8.0,1.8,0.7,40,-0.08449367088607593,-6.199852111794806,-1454.1498819267233,40,-0.13544303797468354,-9.27003790560549,-7428.186569608411,40
8.0,1.8,0.8,40,-0.08275316455696202,-7.14447301737111,-1583.7885712011953,40,-0.1291139240506329,-10.5820142602333,-7915.96359846625,40
8.0,1.8,0.9,40,-0.06962025316455696,-4.87333262879941,-853.8438647343855,40,-0.11503164556962024,-7.918804032840127,-5621.794384457679,40
8.0,1.8,1.0,40,-0.04866870362287211,-4.075870840416788,-543.3781071000564,29,-0.0855521606285465,-6.174787239075471,-2987.164250947537,29
8.0,1.9,0.0,40,0.0,0.0,0.0,10,0.0,0.0,0.0,10
8.0,1.9,0.1,40,0.000949367088607595,1.7782469350914578,86.24219619933207,40,0.015189873417721517,12.278644089277163,6073.356078463113,40
8.0,1.9,0.2,40,0.019936708860759496,4.952491774269167,1304.677059311326,40,-0.00015822784810126631,-0.06257839746189182,-0.006445822702501108,40
8.0,1.9,0.3,40,-0.006329113924050632,-0.6923943652110619,-3.7931706983109144,40,-0.04715189873417723,-4.653745277320274,-1369.693217036428,40
8.0,1.9,0.4,40,-0.05063291139240507,-4.758093713065447,-805.1950164683446,40,-0.09952531645569623,-8.386972521953819,-6429.0492490461675,40
8.0,1.9,0.5,40,-0.05506329113924051,-4.419823771142592,-669.0171353374229,40,-0.110126582278481,-9.002573590439955,-7291.574721348187,40
8.0,1.9,0.6,40,-0.08449367088607596,-6.219661097141272,-1463.1823823369411,40,-0.13639240506329114,-10.96838797627014,-7882.560248442599,40
8.0,1.9,0.7,40,-0.07104430379746837,-5.245768051643112,-1017.2653625145477,40,-0.12151898734177216,-8.517762674849696,-6662.034518601783,40
8.0,1.9,0.8,40,-0.03765822784810126,-4.825375083694851,-833.5563777641987,40,-0.07484177215189874,-8.21821150827626,-6133.859630423342,40
8.0,1.9,0.9,40,-0.04572784810126582,-2.583043401905402,-165.0953632097339,40,-0.07547468354430384,-3.960530579107383,-866.015637776067,40
8.0,1.9,1.0,40,-0.01113051069402008,-1.2578222403508246,-21.71346291206577,29,-0.025098210388476646,-2.065508566219499,-132.14621369172968,29
8.0,2.0,0.0,40,0.0,0.0,0.0,10,0.0,0.0,0.0,10
8.0,2.0,0.1,40,0.0025316455696202536,4.000000000000002,439.7146366524511,40,0.015981012658227843,12.096203192161314,6046.20488098435,40
8.0,2.0,0.2,40,0.013132911392405067,2.575276791758602,246.84182974525532,40,-0.010759493670886076,-2.3134069792952237,-183.4591462657666,40
8.0,2.0,0.3,40,-0.034651898734177226,-3.520967528352503,-370.22335507012895,40,-0.08401898734177217,-8.302724268940134,-6281.009878694934,40
8.0,2.0,0.4,40,-0.06930379746835443,-6.948678454915411,-1588.5097279235815,40,-0.11993670886075944,-11.635405359072537,-7977.920281001709,40
8.0,2.0,0.5,40,-0.06028481012658229,-5.039004837315823,-925.5827916490838,40,-0.1156645569620253,-9.926016394538337,-7720.87516866189,40
8.0,2.0,0.6,40,-0.06772151898734179,-6.808953836807879,-1488.2855695139722,40,-0.1106012658227848,-12.08849816232185,-8031.813803672586,40
8.0,2.0,0.7,40,-0.053322784810126575,-4.561460875746831,-724.5058262203671,40,-0.09018987341772154,-7.019215291704587,-4176.983834868332,40
8.0,2.0,0.8,40,-0.008544303797468353,-1.8815304653508356,-68.99389082339013,40,-0.025791139240506338,-4.514977403241507,-1257.563976989453,40
8.0,2.0,0.9,40,-0.006803797468354428,-1.5475267672474085,-39.493753422910686,40,-0.014082278481012655,-2.332947375622787,-187.9766635945103,40
8.0,2.0,1.0,40,-0.0019642077695329555,-0.5636018619766346,-2.0740134729000625,29,-0.008729812309035356,-2.035569750742255,-126.69753100476039,29
9.0,1.1,0.0,40,,0.0,0.0,0,,0.0,0.0,0
9.0,1.1,0.1,40,0.00015822784810126583,1.0000000000000004,16.528236616115773,40,0.002531645569620254,4.638668060910414,1320.00748622627,40
9.0,1.1,0.2,40,0.00015822784810126583,1.0000000000000004,16.528236616115773,40,0.0037974683544303813,4.215703013583167,1000.4801868067225,40
9.0,1.1,0.3,40,0.0007911392405063292,1.9553847221876075,113.09661089724645,40,0.005221518987341775,6.982921597000129,3657.78366319414,40
9.0,1.1,0.4,40,0.0012658227848101266,3.122498999199199,423.8561914678205,40,0.013449367088607594,10.004883354711609,5703.777881317628,40
9.0,1.1,0.5,40,0.0026898734177215186,3.185108238576696,447.8809178271955,40,0.018987341772151903,12.928374110570024,6692.861256821042,40
9.0,1.1,0.6,40,0.006487341772151899,4.555555555555555,1193.443425546686,40,0.018987341772151903,9.141741003300664,5141.422101744666,40
9.0,1.1,0.7,40,0.014398734177215192,6.386141312145724,1664.3215468654441,40,0.018512658227848106,6.390925544016116,3274.3779151257286,40
9.0,1.1,0.8,40,0.0185126582278481,5.951783572084843,1644.9141361155787,40,0.012341772151898734,4.141156367784945,949.7986440587239,40
9.0,1.1,0.9,40,0.02215189873417721,4.411381317952788,1094.2667766127481,40,-0.005063291139240506,-0.9989998997397987,-15.811517400157312,40
9.0,1.1,1.0,40,0.015822784810126583,2.1470920425273707,147.58748263164958,30,-0.018776371308016872,-2.73055044667347,-296.46006974840645,30
9.0,1.2,0.0,40,0.0,0.0,0.0,10,0.0,0.0,0.0,10
9.0,1.2,0.1,40,0.00015822784810126583,1.0000000000000004,16.528236616115773,40,0.0026898734177215203,4.89182341317964,1537.6974751815903,40
9.0,1.2,0.2,40,-0.0007911392405063292,-0.53748384988657,-0.07569099370948051,40,0.0049050632911392415,2.250647516864484,159.56004823313287,40
9.0,1.2,0.3,40,0.002056962025316456,1.2915824671897698,34.41500737062702,40,0.008702531645569615,7.433546343517187,3960.8198533344184,40
9.0,1.2,0.4,40,0.0041139240506329125,4.4623297398274655,1128.693138773333,40,0.018987341772151903,13.247641299491777,6892.289396911028,40
9.0,1.2,0.5,40,0.008069620253164557,3.5972626408788515,627.3001608898481,40,0.018670886075949366,8.591983820436127,4768.449258290768,40
9.0,1.2,0.6,40,0.018987341772151896,4.942526826287483,1483.407808266685,39,0.008763388510223954,2.8855537074150805,330.56157674581425,39
9.0,1.2,0.7,40,0.02468354430379747,6.138956365741888,1654.6069193685014,40,0.007753164556962025,3.2846835791293088,482.7226573125938,40
9.0,1.2,0.8,40,0.022784810126582282,4.805205035344901,1376.512025915319,40,-0.017563291139240506,-4.139749115126288,-982.470286420146,40
9.0,1.2,0.9,40,0.012816455696202534,1.4824091566558473,51.16966149517083,40,-0.02911392405063291,-4.0508794328833595,-923.5287647573165,40
9.0,1.2,1.0,40,-0.02109704641350211,-1.6294757920553289,-45.78729740751003,30,-0.07573839662447258,-5.142541492877311,-1811.7770241914347,30
9.0,1.3,0.0,40,0.0,0.0,0.0,10,0.0,0.0,0.0,10
9.0,1.3,0.1,40,0.00015822784810126583,1.0000000000000004,16.528236616115773,40,0.003006329113924052,5.018570166056056,1654.4953891231526,40
9.0,1.3,0.2,40,-0.00759493670886076,-0.8852687780429268,-0.25738386267564506,40,-0.0009493670886075945,-0.0939679016564817,-0.00037929371572841566,40
9.0,1.3,0.3,40,0.0020569620253164562,3.9105425950206723,789.4010707287553,40,0.015031645569620247,10.398732641672987,5932.875064293872,40
9.0,1.3,0.4,40,0.011550632911392406,4.797193565579375,1370.4196161428813,40,0.023892405063291138,12.647681305982573,6770.733202987037,40
9.0,1.3,0.5,40,0.014240506329113922,3.7705333431981756,714.0964590970727,40,0.01772151898734177,5.1318532045121374,1763.8073315031922,40
9.0,1.3,0.6,40,0.017563291139240506,1.872822350926046,99.97264047637782,40,-0.01139240506329114,-1.2124298082852525,-27.87021643806178,40
9.0,1.3,0.7,40,0.004272151898734178,0.9627911723951057,14.78751201683125,40,-0.0259493670886076,-4.767805521078212,-1466.4199636271119,40
9.0,1.3,0.8,40,-0.00981012658227848,-1.0615474313360738,-13.259077594992089,40,-0.059018987341772154,-6.508005701309158,-3434.6476614603516,40
9.0,1.3,0.9,40,-0.017405063291139243,-1.6865599987236615,-50.5212512668239,40,-0.06677215189873417,-7.082025716300296,-4272.592977902065,40
9.0,1.3,1.0,40,-0.06476793248945148,-4.815212622194474,-829.2728612790378,30,-0.11434599156118146,-7.663029528920846,-5195.93460907032,30
9.0,1.4,0.0,40,0.0,0.0,0.0,10,0.0,0.0,0.0,10
9.0,1.4,0.1,40,0.0006329113924050633,1.6690459207925612,71.8965801699279,40,0.0033227848101265835,4.890881641044259,1536.8524297862211,40
9.0,1.4,0.2,40,0.0011075949367088608,1.7402661144117846,81.05651633936624,40,0.01060126582278481,5.153846153846153,1785.4318590052465,40
9.0,1.4,0.3,40,0.006803797468354432,4.506355223228201,1159.0281765581458,40,0.01882911392405063,12.05714872940621,6284.430402794672,40
9.0,1.4,0.4,40,0.030379746835443054,6.440866754011942,1651.625154791497,40,0.012341772151898734,4.037438153401134,882.1829739351973,40
9.0,1.4,0.5,40,0.019778481012658233,3.5955932860678463,626.499789076595,40,-0.003955696202531645,-0.8333926939013703,-9.253670025042982,40
9.0,1.4,0.6,40,-0.006962025316455694,-0.3654246676852939,-0.5859280266857059,40,-0.051107594936708876,-2.5990223130283407,-256.97839467963877,40
9.0,1.4,0.7,40,-0.03132911392405064,-3.0820800082679964,-260.9487533536765,40,-0.07911392405063292,-6.82035010630093,-3880.5396508376148,40
9.0,1.4,0.8,40,-0.053164556962025336,-4.980437664439466,-900.0125802855601,40,-0.10015822784810131,-8.804413761467082,-7178.5733866962455,40
9.0,1.4,0.9,40,-0.04841772151898732,-4.020786333871356,-524.5060140544679,40,-0.10158227848101267,-8.612353421822329,-6831.5591725605545,40
9.0,1.4,1.0,40,-0.08577040593627239,-6.56958150855934,-1137.353429374047,29,-0.13662156263640332,-9.11398932172894,-6926.099335589945,29
9.0,1.5,0.0,40,0.0,0.0,0.0,10,0.0,0.0,0.0,10
9.0,1.5,0.1,40,0.0007911392405063292,1.9553847221876066,113.0966108972463,40,0.004588607594936711,5.2302290657357196,1861.9386268905012,40
9.0,1.5,0.2,40,0.0011075949367088625,0.35100268983704247,0.7932332404767733,40,0.01281645569620253,2.667555841448503,262.70228563790386,40
9.0,1.5,0.3,40,0.012183544303797464,5.048884610130839,1568.6310141423833,40,0.016613924050632913,7.306154136627314,3873.536932918453,40
9.0,1.5,0.4,40,0.01882911392405063,5.138173973282899,1579.7622064519298,40,-0.003797468354430379,-1.1277141173341683,-22.535644889297892,40
9.0,1.5,0.5,40,0.0006329113924050622,0.10268101141610299,0.02049082807193875,40,-0.03686708860759495,-5.054601649983551,-1726.8107174972924,40
9.0,1.5,0.6,40,-0.05806962025316457,-3.145128763652838,-275.1535305089105,40,-0.10522151898734178,-5.728007117425926,-2438.5508274818167,40
9.0,1.5,0.7,40,-0.07879746835443038,-6.087114112012385,-1402.0000683828152,40,-0.1341772151898734,-9.197352021339091,-7391.4809780364885,40
9.0,1.5,0.8,40,-0.06471518987341773,-5.728023965634911,-1236.7120038278379,40,-0.1177215189873418,-9.415690818500364,-7500.592993878512,40
9.0,1.5,0.9,40,-0.06218354430379745,-4.686693799161388,-775.4841213109091,40,-0.11962025316455697,-8.628013085921744,-6859.75007764347,40
9.0,1.5,1.0,40,-0.09100829332169359,-7.131890253884743,-1163.8452121314579,29,-0.1451331296377128,-10.431452760421886,-7081.68188016245,29
9.0,1.6,0.0,40,0.0,0.0,0.0,10,0.0,0.0,0.0,10
9.0,1.6,0.1,40,0.0007911392405063292,1.9553847221876066,113.0966108972463,40,0.006645569620253168,6.406850450642454,3297.0729710850414,40
9.0,1.6,0.2,40,0.0007911392405063285,0.1208719352234306,0.0324972879680816,40,0.013291139240506327,1.7288872418091672,73.24680691356379,40
9.0,1.6,0.3,40,0.021993670886075952,5.8208911264516,1744.0464058412813,40,0.006645569620253163,2.348247728284926,180.8046438001018,40
9.0,1.6,0.4,40,-0.00585443037974684,-0.7456384618916687,-4.710505271801961,40,-0.04272151898734178,-4.437542739610274,-1197.3907858236,40
9.0,1.6,0.5,40,-0.037025316455696206,-5.14208499407352,-971.0811095469882,40,-0.08037974683544305,-8.451750810076053,-6544.161265223538,40
9.0,1.6,0.6,40,-0.06835443037974684,-7.124884366407898,-1616.2439161649381,40,-0.11693037974683544,-10.256206307781387,-7804.939859323685,40
9.0,1.6,0.7,40,-0.09699367088607594,-7.304430709926114,-1625.6158916243844,40,-0.14572784810126582,-11.022620626904851,-7907.651926140205,40
9.0,1.6,0.8,40,-0.0893987341772152,-6.02700460050114,-1374.2155603337023,40,-0.14351265822784814,-9.115563133999219,-7350.005681907413,40
9.0,1.6,0.9,40,-0.05680379746835442,-3.889334577906675,-480.88012131600146,40,-0.11170886075949371,-7.940749792024677,-5658.811630575583,40
9.0,1.6,1.0,40,-0.05718027062418159,-5.125375052197597,-963.6939945237931,29,-0.11043212570929724,-9.898219255894618,-7026.510303223497,29
9.0,1.7,0.0,40,0.0,0.0,0.0,10,0.0,0.0,0.0,10
9.0,1.7,0.1,40,0.000949367088607595,1.963961012123931,114.51706350802945,40,0.008544303797468355,7.609485986960185,4081.953177569168,40
9.0,1.7,0.2,40,0.014398734177215187,3.817672038469513,738.922769665686,40,0.02056962025316456,6.267288365513097,3100.8834830852015,40
9.0,1.7,0.3,40,0.019462025316455696,3.6673186581308834,661.5523945861447,40,-0.011867088607594936,-2.22846228207134,-164.6160348442828,40
9.0,1.7,0.4,40,-0.04810126582278483,-4.676795355534939,-771.3953009266852,40,-0.09003164556962027,-6.784975615860719,-3828.919451552648,40
9.0,1.7,0.5,40,-0.08227848101265822,-7.043603108474931,-1604.374514835554,40,-0.1322784810126582,-9.792829819556907,-7679.890830636376,40
9.0,1.7,0.6,40,-0.07911392405063293,-7.954798312928933,-1674.0054427881512,40,-0.12341772151898737,-10.224739327972681,-7796.846158349317,40
9.0,1.7,0.7,40,-0.09335443037974682,-6.689897657308376,-1544.9482712486433,40,-0.1430379746835443,-10.452008817376964,-7841.747676166216,40
9.0,1.7,0.8,40,-0.10126582278481014,-6.357755313912213,-1490.6667417627596,40,-0.14572784810126585,-8.566061632515273,-6748.444313914197,40
9.0,1.7,0.9,40,-0.04825949367088607,-3.9397645501845076,-497.34978594186185,40,-0.09287974683544306,-7.566005963719601,-5037.169028349255,40
9.0,1.7,1.0,40,-0.03426451331296377,-3.919666582524637,-490.74016420000055,29,-0.07376691401134874,-7.527724958242308,-4975.128762299849,29
9.0,1.8,0.0,40,0.0,0.0,0.0,10,0.0,0.0,0.0,10
9.0,1.8,0.1,40,0.0014240506329113924,2.9663854936497955,367.30063679395624,40,0.011867088607594941,7.790035128476932,4208.136360631529,40
9.0,1.8,0.2,40,0.02705696202531646,5.67908575790808,1348.65205565669,40,0.01028481012658228,3.53647301222898,599.0730362849441,40
9.0,1.8,0.3,40,-0.0034810126582278506,-0.30808020608798253,-0.35819678814562655,40,-0.04683544303797469,-3.986396990310608,-882.206699696965,40
9.0,1.8,0.4,40,-0.07879746835443037,-5.950102923337821,-1338.5556114448975,40,-0.12990506329113924,-8.58830031156275,-6788.332974473202,40
9.0,1.8,0.5,40,-0.0925632911392405,-9.134023196096857,-1825.4154156959492,40,-0.14319620253164558,-13.721372389083342,-8554.35014438467,40
9.0,1.8,0.6,40,-0.08639240506329114,-7.1017744124732785,-1613.6206659166533,40,-0.1287974683544304,-8.93779328635528,-7257.495851563289,40
9.0,1.8,0.7,40,-0.08481012658227849,-4.9574733917576665,-890.0363105505807,40,-0.13117088607594934,-7.557380243943207,-5023.1835072021,40
9.0,1.8,0.8,40,-0.07151898734177213,-6.5307596954246705,-1511.0452271095792,40,-0.11534810126582276,-8.834445980727809,-7201.971098700347,40
9.0,1.8,0.9,40,-0.019620253164556966,-2.8077886144900726,-204.6836517665433,40,-0.05142405063291141,-6.583065578171126,-3539.553375587116,40
9.0,1.8,1.0,40,-0.009384548232213007,-1.7771803331554212,-58.662387731610224,29,-0.02378873854212134,-3.454416558337929,-585.04573058912,29
9.0,1.9,0.0,40,0.0,0.0,0.0,10,0.0,0.0,0.0,10
9.0,1.9,0.1,40,0.0025316455696202536,3.1224989991991996,423.8561914678207,40,0.01582278481012658,9.414688716912716,5325.246031789339,40
9.0,1.9,0.2,40,0.029746835443037977,5.389451749027078,1330.8688597599973,40,-0.004113924050632911,-1.0301367745457175,-17.299624251776347,40
9.0,1.9,0.3,40,-0.021044303797468356,-3.112070478321982,-267.6429308136536,40,-0.07610759493670885,-8.766882403213861,-7110.423586970878,40
9.0,1.9,0.4,40,-0.09145569620253162,-6.077127047047315,-1397.4204604671359,40,-0.14240506329113928,-9.15725850397149,-7371.202115346877,40
9.0,1.9,0.5,40,-0.10522151898734178,-10.561561600881404,-1970.6639694075602,40,-0.15617088607594937,-15.260001846097435,-8880.61874929184,40
9.0,1.9,0.6,40,-0.07499999999999998,-6.584180118767838,-1527.4869212754322,40,-0.11787974683544304,-8.86661529141692,-7219.396946812818,40
9.0,1.9,0.7,40,-0.07310126582278481,-5.266241419141736,-1026.3999590494452,40,-0.11186708860759495,-7.923429943345795,-5629.576288896258,40
9.0,1.9,0.8,40,-0.02990506329113924,-4.3365719076918285,-637.3684079990937,40,-0.05601265822784812,-5.443693136107404,-2121.0671532670035,40
9.0,1.9,0.9,40,-0.0012658227848101268,-0.534522483824849,-1.7807771466539875,40,-0.010759493670886076,-3.967571059443277,-870.40540420533,40
9.0,1.9,1.0,40,-0.0013094718463553033,-1.1848627437169534,-18.256656896959274,29,-0.0041466608467917955,-4.5889359696266565,-881.8326053490074,29
9.0,2.0,0.0,40,0.0,0.0,0.0,10,0.0,0.0,0.0,10
9.0,2.0,0.1,40,0.006170886075949369,4.507958019850661,448.9426239095284,40,0.016772151898734176,10.73292055296295,5794.271655438369,40
9.0,2.0,0.2,40,0.0189873417721519,2.6157418189029853,257.93201786114565,40,-0.026107594936708868,-3.7043832919266957,-715.1511582142675,40
9.0,2.0,0.3,40,-0.0444620253164557,-4.148684342924731,-568.8709918616398,40,-0.09620253164556965,-9.298677668945272,-7442.537001680073,40
9.0,2.0,0.4,40,-0.08085443037974685,-7.49430814412458,-1655.5550793296288,40,-0.13164556962025314,-10.376413813407881,-7824.998132341709,40
9.0,2.0,0.5,40,-0.09968354430379747,-7.894316634364302,-1696.8022644189184,40,-0.14810126582278477,-11.351009670429864,-8024.698865256864,40
9.0,2.0,0.6,40,-0.054430379746835435,-5.415837845884079,-1093.9547826152725,40,-0.09287974683544303,-8.15893432998778,-6031.561161517938,40
9.0,2.0,0.7,40,-0.026424050632911394,-3.850753822208086,-468.47831697682784,40,-0.047468354430379764,-6.0977211636668445,-2888.3481549169046,40
9.0,2.0,0.8,40,-0.00458860759493671,-2.511715193663413,-153.74897238443475,40,-0.008860759493670888,-4.103291898620712,-958.0293448144171,40
9.0,2.0,0.9,40,-1.3010426069826053e-19,-1.0849679064034809e-16,-4.48104909367529e-47,40,-0.003639240506329115,-3.7969976001679724,-767.6587839351713,40
9.0,2.0,1.0,40,-0.005019642077695331,-2.4263393036700753,-25.81962833750788,29,-0.006983849847228285,-3.3018027107452097,-513.5028317296016,29
10.0,1.1,0.0,40,,0.0,0.0,0,,0.0,0.0,0
10.0,1.1,0.1,40,0.0,0.0,0.0,40,0.004272151898734179,6.152846764081135,2946.025922778172,40
10.0,1.1,0.2,40,0.0014240506329113926,1.0000000000000002,16.528236616115763,40,0.006487341772151901,8.100902704305529,4428.713449036449,40
10.0,1.1,0.3,40,0.000949367088607595,2.223434723986963,162.9700670514717,40,0.009018987341772151,8.50675815591603,4711.487667021342,40
10.0,1.1,0.4,40,0.0033227848101265826,2.5150521488652253,230.87581361651348,40,0.015031645569620255,10.152209115596154,5789.233428899324,40
10.0,1.1,0.5,40,0.00617088607594937,2.5789256909564675,247.82649633908918,40,0.019145569620253163,10.687499451644703,6061.808294662857,40
10.0,1.1,0.6,40,0.005537974683544307,3.1240933311893277,424.45764094745357,40,0.01661392405063291,5.972250221517828,2710.049554792813,40
10.0,1.1,0.7,40,0.017721518987341776,5.655374753128778,1627.5829139562322,40,0.015348101265822787,4.447545247054499,1168.8706657672963,40
10.0,1.1,0.8,40,0.0037974683544303783,0.3470187193718462,0.7691713992817887,40,-0.0075949367088607635,-0.6226432855592766,-3.9306062314903025,40
10.0,1.1,0.9,40,0.028006329113924068,6.031066309434301,1138.8647387181704,40,-0.0014240506329113918,-0.42319237380722824,-1.268303573274964,40
10.0,1.1,1.0,40,0.006540084388185654,0.657484056384833,4.794160932664587,30,-0.026582278481012658,-2.1741081699981666,-153.24328522136506,30
10.0,1.2,0.0,40,0.0,0.0,0.0,10,0.0,0.0,0.0,10
10.0,1.2,0.1,40,0.0,0.0,0.0,40,0.0047468354430379766,6.708203932499372,3481.6412332150594,40
10.0,1.2,0.2,40,0.0004746835443037975,1.355616588522925,39.561794920219924,40,0.007436708860759493,8.805887483123806,4911.2763488871315,40
10.0,1.2,0.3,40,0.0018987341772151902,2.7623241632018307,300.6946003360379,40,0.011392405063291138,9.0,5044.164644920975,40
10.0,1.2,0.4,40,0.003955696202531647,3.0074119940024455,381.6785952932369,40,0.018037974683544303,9.281129294376084,5236.97894324192,40
10.0,1.2,0.5,40,0.016297468354430383,6.0162713495817135,1519.5969054049976,40,0.019620253164556962,8.457234131813152,4677.93452146171,40
10.0,1.2,0.6,40,0.01693037974683544,5.29080948784539,1496.3295423644468,40,0.012183544303797467,4.5701410418941695,1264.460458707249,40
10.0,1.2,0.7,40,0.017721518987341763,2.613637158388755,257.34884246838936,40,-0.007120253164556963,-0.7805795786774751,-7.629157051144076,40
10.0,1.2,0.8,40,-0.021993670886075952,-1.3034398336253972,-24.0707683600245,40,-0.049050632911392424,-2.669576754026012,-277.6499750634167,40
10.0,1.2,0.9,40,0.007120253164556963,1.5061270812937608,53.553966300323694,40,-0.021677215189873415,-4.635114110911138,-1354.2776560949374,40
10.0,1.2,1.0,40,-0.01540084388185654,-0.9211237936421868,-8.746777018647963,30,-0.06561181434599157,-4.178499694162458,-1008.9256644047721,30
10.0,1.3,0.0,40,0.0,0.0,0.0,10,0.0,0.0,0.0,10
10.0,1.3,0.1,40,0.0,0.0,0.0,40,0.004905063291139243,7.027051062879524,3686.701116075105,40
10.0,1.3,0.2,40,0.0,0.0,0.0,40,0.009177215189873418,8.453254777886993,4675.220020703085,40
10.0,1.3,0.3,40,0.0037974683544303805,3.2990484886149476,493.75145407625934,40,0.015348101265822792,9.059447297030168,5085.162674098024,40
10.0,1.3,0.4,40,0.011708860759493669,4.574870428276138,1207.1264505247648,40,0.01930379746835443,6.553420610094284,3385.2002864778024,40
10.0,1.3,0.5,40,0.02674050632911392,4.001679875547672,840.5721831133526,40,0.00870253164556962,2.4015700071295987,193.14396976053538,40
10.0,1.3,0.6,40,0.020727848101265826,4.613911258885432,1235.0199543907079,40,0.0006329113924050627,0.20544535090332933,0.14319863125185742,40
10.0,1.3,0.7,40,0.004272151898734179,0.7706546758708631,7.652550815920473,40,-0.03164556962025316,-4.2122919050941325,-1032.3732715574868,40
10.0,1.3,0.8,40,-0.059968354430379754,-2.5343913644265164,-157.29302830948384,40,-0.10047468354430382,-4.141390916266743,-983.5781811190411,40
10.0,1.3,0.9,40,-0.033702531645569626,-2.8482173163171502,-212.41285495335026,40,-0.07531645569620252,-5.855243682135941,-2588.6403662674215,40
10.0,1.3,1.0,40,-0.04324894514767932,-2.050265137635563,-87.81396712906012,30,-0.09535864978902953,-4.514119907892696,-1256.8896905886345,30
10.0,1.4,0.0,40,0.0,0.0,0.0,10,0.0,0.0,0.0,10
10.0,1.4,0.1,40,0.0,0.0,0.0,40,0.006487341772151901,7.520980146503979,4020.7643730335317,40
10.0,1.4,0.2,40,0.0006329113924050633,2.0816659994661326,135.1956616074481,40,0.011075949367088608,9.82421251374132,5592.873021543545,40
10.0,1.4,0.3,40,0.007436708860759494,6.214130598448703,1772.5938437383008,40,0.017721518987341773,10.339685242263949,5898.629265970016,40
10.0,1.4,0.4,40,0.007436708860759496,0.9403327920308064,13.795771524955184,40,0.002373417721518987,0.2391606088502112,0.21751163678520272,40
10.0,1.4,0.5,40,0.012974683544303797,1.792716935679236,88.257059584127,40,-0.013449367088607592,-1.920268334975409,-107.01473355030846,40
10.0,1.4,0.6,40,0.006962025316455697,1.2492060970936194,31.269528921436837,40,-0.019936708860759492,-2.6542873722799416,-273.0864694644437,40
10.0,1.4,0.7,40,-0.029430379746835433,-2.4051380407817153,-137.04678123399037,40,-0.07199367088607597,-5.458169720719819,-2136.606207710759,40
10.0,1.4,0.8,40,-0.08180379746835442,-3.7827251746960204,-447.1170134675735,40,-0.12816455696202533,-5.603712203286003,-2296.6142495261497,40
10.0,1.4,0.9,40,-0.07468354430379745,-6.185970018697864,-1441.79989496884,40,-0.1194620253164557,-8.661393719910759,-6919.660435568859,40
10.0,1.4,1.0,40,-0.06460061108686163,-4.244876835198616,-603.4232772867589,29,-0.11763422086425142,-8.51466335139946,-6656.494831331278,29
10.0,1.5,0.0,40,0.0,0.0,0.0,10,0.0,0.0,0.0,10
10.0,1.5,0.1,40,0.00015822784810126583,1.0000000000000004,16.528236616115773,40,0.0063291139240506345,7.211102550927982,3809.349884059659,40
10.0,1.5,0.2,40,0.0036392405063291147,3.4325515365976993,551.0899480063989,40,0.015506329113924053,12.105366830595692,5898.187418186146,40
10.0,1.5,0.3,40,0.015189873417721525,7.278813919552537,1831.362230457451,40,0.015348101265822783,8.343677889786644,4600.010554220893,40
10.0,1.5,0.4,40,0.02420886075949367,4.294107230913724,1017.3649432216138,40,-0.0009493670886075954,-0.209581523438584,-0.16589613341772402,40
10.0,1.5,0.5,40,-0.01424050632911392,-1.2988299765227664,-23.826580509080223,40,-0.05474683544303797,-4.701281009996418,-1409.4966771912677,40
10.0,1.5,0.6,40,-0.01661392405063291,-2.073013853658339,-90.56261866760019,40,-0.0509493670886076,-4.906126078381854,-1588.8533460239792,40
10.0,1.5,0.7,40,-0.07658227848101268,-5.344016986805582,-1061.2710500717128,40,-0.13212025316455694,-8.937466659950392,-7257.322775008732,40
10.0,1.5,0.8,40,-0.09493670886075949,-4.916322252150001,-872.3080312803677,40,-0.1417721518987342,-7.003244943262498,-4152.86313240531,40
10.0,1.5,0.9,40,-0.07895569620253165,-5.476737480515548,-1121.5469416344656,40,-0.12278481012658227,-8.127776990667709,-5978.055628433945,40
10.0,1.5,1.0,40,-0.07442164993452641,-5.022159003952548,-918.1952033742463,29,-0.12614578786556088,-8.372228182790172,-6403.047950913822,29
10.0,1.6,0.0,40,0.0,0.0,0.0,10,0.0,0.0,0.0,10
10.0,1.6,0.1,40,0.00031645569620253165,1.0000000000000004,16.528236616115773,40,0.006962025316455699,7.9856289840106065,4346.403483948665,40
10.0,1.6,0.2,40,0.007753164556962028,4.634842162575659,1250.1058602493836,40,0.015981012658227843,10.513873658955424,5693.9290606136565,40
10.0,1.6,0.3,40,0.018196202531645576,6.5519150263003425,1796.4795804362786,40,0.007278481012658229,4.348583005089588,1095.1726486701064,40
10.0,1.6,0.4,40,0.010917721518987341,2.0304253388270617,125.93539080079168,40,-0.02278481012658227,-3.726865987754892,-727.6423805453242,40
10.0,1.6,0.5,40,-0.03465189873417721,-1.9678197726983688,-78.28698605389677,40,-0.07974683544303798,-4.351466184972485,-1132.5556570458673,40
10.0,1.6,0.6,40,-0.040981012658227844,-4.649105527489706,-760.0058644303479,40,-0.08496835443037977,-8.636124181239651,-6874.3039573503465,40
10.0,1.6,0.7,40,-0.0689873417721519,-5.61454938896664,-1184.468371922136,40,-0.1257911392405064,-9.924486619299273,-7716.122029840839,40
10.0,1.6,0.8,40,-0.0889240506329114,-5.155979993876259,-977.2382648251149,40,-0.13876582278481012,-7.144626787966554,-4368.780426711679,40
10.0,1.6,0.9,40,-0.055854430379746835,-4.406933053897918,-664.0699792929196,40,-0.10712025316455695,-8.733484758824382,-6886.440976763696,40
10.0,1.6,1.0,40,-0.06852902662592754,-4.982826880372121,-901.0485735197226,29,-0.1180707114797032,-7.378541431501101,-4736.069124830384,29
10.0,1.7,0.0,40,0.0,0.0,0.0,10,0.0,0.0,0.0,10
10.0,1.7,0.1,40,0.001740506329113924,2.3170241005638794,183.13086720700653,40,0.008544303797468355,8.317161924704354,4565.420316457898,40
10.0,1.7,0.2,40,0.013291139240506327,6.121322425366443,1367.6450927437581,40,0.01550632911392405,5.8047578852001624,2501.533468548249,40
10.0,1.7,0.3,40,0.016455696202531643,3.755787401439997,706.4351639951784,40,-0.004588607594936708,-1.4073860705804027,-43.22384899351058,40
10.0,1.7,0.4,40,-0.018512658227848096,-2.240512526376963,-112.54825228181795,40,-0.06170886075949368,-6.959848449920436,-4087.470475950078,40
10.0,1.7,0.5,40,-0.054272151898734175,-4.639188190472662,-755.9444144921631,40,-0.10221518987341774,-7.795721070957839,-5415.901105339514,40
10.0,1.7,0.6,40,-0.09145569620253166,-7.509660669837036,-1647.2431690874469,40,-0.1337025316455696,-10.263882627305122,-7806.747451189088,40
10.0,1.7,0.7,40,-0.059177215189873414,-5.782181687248546,-1261.4054842045323,40,-0.11186708860759491,-11.404937634116932,-7955.829559935497,40
10.0,1.7,0.8,40,-0.05791139240506329,-4.7045371908547935,-782.8736127589717,40,-0.10395569620253167,-7.8869466283521295,-5568.297266378075,40
10.0,1.7,0.9,40,-0.039556962025316465,-3.6874880038646296,-418.2263932055825,40,-0.08306962025316458,-7.328020714923742,-4655.96297268233,40
10.0,1.7,1.0,40,-0.042994325621999126,-4.931498890138083,-878.8369586490402,29,-0.0798777826276735,-7.309356971264387,-4626.457814769479,29
10.0,1.8,0.0,40,0.0,0.0,0.0,10,0.0,0.0,0.0,10
10.0,1.8,0.1,40,0.0030063291139240506,2.5076034442265995,228.95698222232252,40,0.01028481012658228,6.642022723798364,3440.0678297718564,40
10.0,1.8,0.2,40,0.020569620253164556,5.825739257731427,1357.072139332554,40,0.009810126582278481,2.620218147362771,249.2894371185992,40
10.0,1.8,0.3,40,-0.002056962025316455,-0.32326657163920225,-0.4111787349771884,40,-0.03496835443037975,-5.02489065624178,-1698.6843103841181,40
10.0,1.8,0.4,40,-0.06835443037974683,-4.660210235446067,-764.5598758197752,40,-0.11629746835443044,-7.402814822434923,-4774.515056550414,40
10.0,1.8,0.5,40,-0.054746835443037975,-4.841756923913146,-840.4509692808697,40,-0.11075949367088608,-8.56662691928355,-6749.456235849199,40
10.0,1.8,0.6,40,-0.09208860759493667,-7.233445899924118,-1625.953815601902,40,-0.14129746835443036,-10.44204114489423,-7825.866499080223,40
10.0,1.8,0.7,40,-0.04525316455696203,-5.081036997693835,-944.108762416173,40,-0.09018987341772151,-9.291240836848576,-7438.84442635335,40
10.0,1.8,0.8,40,-0.046202531645569624,-5.032565167171986,-922.7600908374096,40,-0.07863924050632912,-7.231149451718075,-4503.385120504732,40
10.0,1.8,0.9,40,-0.021044303797468356,-3.0298181474603196,-249.53902252267747,40,-0.04382911392405063,-5.582212268756543,-2272.488310202603,40
10.0,1.8,1.0,40,-0.002837189000436489,-0.49981519127071483,-1.4661856741171722,29,-0.01571366215626364,-2.348827311179412,-191.7022686841006,29
10.0,1.9,0.0,40,0.0,0.0,0.0,10,0.0,0.0,0.0,10
10.0,1.9,0.1,40,0.0017405063291139242,1.4517704150785578,48.19570329402416,40,0.012183544303797464,5.004937438673022,1641.6803980095854,40
10.0,1.9,0.2,40,0.024367088607594935,5.826631984926608,1357.1024470997054,40,0.0011075949367088608,0.39921113103890155,1.0256350449882656,40
10.0,1.9,0.3,40,-0.027373417721518984,-2.8954124363660596,-221.68058997465346,40,-0.06724683544303797,-6.2027316304953555,-3023.446611147133,40
10.0,1.9,0.4,40,-0.08829113924050636,-5.661323272238685,-1206.101471752268,40,-0.13971518987341772,-8.45709880715529,-6553.708220407211,40
10.0,1.9,0.5,40,-0.0685126582278481,-4.928498051830346,-877.5458207077695,40,-0.11993670886075954,-7.914218677609737,-5614.086437847935,40
10.0,1.9,0.6,40,-0.08101265822784812,-5.203278488545773,-998.3138772130284,40,-0.1253164556962026,-8.05907208017302,-5860.2544403769225,40
10.0,1.9,0.7,40,-0.03259493670886076,-3.947563155668305,-499.9277768500736,40,-0.0689873417721519,-7.195675126745796,-4447.93410621691,40
10.0,1.9,0.8,40,-0.024050632911392405,-3.3863429042433246,-334.0732145796676,40,-0.042563291139240504,-4.576886664229263,-1306.8090633482075,40
10.0,1.9,0.9,40,-0.0015822784810126584,-1.0555973258234954,-13.043678773257938,40,-0.007436708860759496,-3.694716085565888,-709.8198423517979,40
10.0,1.9,1.0,40,-0.0006547359231776517,-0.4224574001689485,-0.8921247331080696,29,-0.00392841553906591,-2.997028231068533,-388.2215887528161,29
10.0,2.0,0.0,40,0.0,0.0,0.0,10,0.0,0.0,0.0,10
10.0,2.0,0.1,40,0.007436708860759493,2.846709183369076,327.2197231324727,40,0.016455696202531643,6.993768761135162,3664.894313071307,40
10.0,2.0,0.2,40,0.006170886075949369,0.6066939003247787,3.7898907220404303,40,-0.024050632911392405,-2.058047513248178,-130.7769594334395,40
10.0,2.0,0.3,40,-0.061075949367088614,-6.07591550769839,-1396.8619020802992,40,-0.10664556962025318,-8.80956497831461,-7187.949009003429,40
10.0,2.0,0.4,40,-0.09509493670886075,-6.221975250413074,-1464.2309801847064,40,-0.1444620253164557,-8.526983128849395,-6678.494352632285,40
10.0,2.0,0.5,40,-0.051107594936708856,-4.707191059843195,-783.9721526841128,40,-0.10047468354430382,-8.477493857803003,-6590.144222290945,40
10.0,2.0,0.6,40,-0.0574367088607595,-5.821634410949524,-1106.8024202048482,40,-0.092246835443038,-8.75061397344346,-6610.4360985135545,40
10.0,2.0,0.7,40,-0.010126582278481013,-1.8720009360007024,-68.01037709727399,40,-0.030221518987341777,-4.70762151601119,-1414.8565994881676,40
10.0,2.0,0.8,40,-0.005854430379746837,-1.390066976905175,-28.990165073038916,40,-0.011075949367088604,-2.4293602510030903,-211.39681438633986,40
10.0,2.0,0.9,40,-0.002215189873417722,-1.1556079652685136,-16.97852771458476,40,-0.00537974683544304,-3.3724412881738393,-545.8733411732595,40
10.0,2.0,1.0,40,-0.0028371890004364906,-1.2575972336718289,-21.702284698413095,29,-0.005237887385421214,-2.4568125984113185,-218.3705669483751,29
11.0,1.1,0.0,40,,0.0,0.0,0,,0.0,0.0,0
11.0,1.1,0.1,40,0.0,0.0,0.0,40,0.003639240506329115,5.718017233067293,2397.3573144571956,40
11.0,1.1,0.2,40,0.00031645569620253165,1.0000000000000002,16.528236616115763,40,0.006487341772151901,8.446142502785916,4452.394863128821,40
11.0,1.1,0.3,40,0.002056962025316456,0.9654621162976518,14.907428596698699,40,0.0031645569620253173,0.8436105927006776,8.910677043395623,40
11.0,1.1,0.4,40,0.0033227848101265826,2.633985227119573,263.02312400133746,40,0.012341772151898734,9.083065904796474,5101.381166536312,40
11.0,1.1,0.5,40,0.006487341772151901,2.365216407863916,194.11232604060876,40,0.012025316455696204,2.518878696431538,222.09898233554273,40
11.0,1.1,0.6,40,0.013924050632911392,3.907920759201006,787.9584474249958,40,0.016297468354430376,8.423605267783255,2840.6847434728743,40
11.0,1.1,0.7,40,0.01803797468354431,5.164337826098031,1583.0222937959702,40,0.01708860759493671,6.112287015710067,2717.2989643706137,40
11.0,1.1,0.8,40,0.016930379746835443,4.568783064665389,1202.809818581069,40,0.007753164556962023,2.4162381651551943,196.6151234383472,40
11.0,1.1,0.9,40,0.01882911392405064,2.0729823102709735,133.5943140797324,40,-0.017721518987341773,-1.815557320197761,-90.93738837306199,40
11.0,1.1,1.0,40,0.01118143459915612,1.1937818167400824,27.44745452985769,30,-0.0379746835443038,-3.717756348702025,-722.5661366127229,30
11.0,1.2,0.0,40,0.0,0.0,0.0,10,0.0,0.0,0.0,10
11.0,1.2,0.1,40,0.0,0.0,0.0,40,0.004746835443037977,7.081162132224992,3722.567378205285,40
11.0,1.2,0.2,40,0.0011075949367088608,1.554325964378072,58.621023929270486,40,0.009335443037974683,7.929722582259021,4306.430251528574,40
11.0,1.2,0.3,40,0.0033227848101265826,1.877526991554906,100.68999811460695,40,0.00949367088607595,7.40565662179931,3941.6848711800035,40
11.0,1.2,0.4,40,0.0056962025316455705,4.035282537151416,859.8776455952251,40,0.0175632911392405,9.8042350341534,5323.708879841532,40
11.0,1.2,0.5,40,0.013449367088607592,4.194573006869639,954.9583968721834,40,0.01882911392405064,6.167524910663816,2965.6444957687695,40
11.0,1.2,0.6,40,0.004430379746835446,0.2832669671396387,0.4354027375499916,40,-0.004588607594936702,-0.2723093188787889,-0.35763735969078086,40
11.0,1.2,0.7,40,0.028164556962025317,5.0404972359765265,1561.8390142620274,40,-2.168404344971009e-19,-5.469957397841475e-17,-7.64152570717991e-48,40
11.0,1.2,0.8,40,0.013924050632911397,3.3460020229172835,513.48638443718,40,-0.01060126582278481,-3.029844732029102,-400.62229407386945,40
11.0,1.2,0.9,40,-0.0056962025316455705,-0.7562196846426208,-4.908026997059184,40,-0.05522151898734179,-6.043021448459311,-2819.346997236104,40
11.0,1.2,1.0,40,-0.05316455696202531,-4.466435333236926,-687.0361991405452,30,-0.10400843881856539,-6.573413927408119,-3525.989924041561,30
11.0,1.3,0.0,40,0.0,0.0,0.0,10,0.0,0.0,0.0,10
11.0,1.3,0.1,40,0.0,0.0,0.0,40,0.005537974683544307,7.656345858295627,4114.64578979117,40
11.0,1.3,0.2,40,0.0023734177215189874,1.8605210188381267,98.11142444063523,40,0.010443037974683543,6.754160908735858,3510.5950555104773,40
11.0,1.3,0.3,40,0.0018987341772151902,1.1596670152276025,25.26132611747461,40,0.011550632911392408,5.7753231291441995,2465.9459146147265,40
11.0,1.3,0.4,40,0.011392405063291138,4.972724036624465,1460.5571514601,40,0.015981012658227847,3.7587640406360623,716.1979650230418,40
11.0,1.3,0.5,40,0.010443037974683548,1.544194821023369,57.535734340507155,40,0.002689873417721524,0.2587765834680308,0.2709763575021163,40
11.0,1.3,0.6,40,0.024525316455696205,2.537349409854885,236.69485991072565,40,-0.014873417721518989,-1.8241298454176704,-92.19025650956743,40
11.0,1.3,0.7,40,0.018196202531645576,3.049718744376249,396.8635461633631,40,-0.024208860759493675,-4.152280187648392,-990.9563701575705,40
11.0,1.3,0.8,40,-0.025949367088607588,-2.229091625984678,-110.95452911797268,40,-0.06693037974683544,-5.056270805740516,-1728.3971132491627,40
11.0,1.3,0.9,40,-0.05791139240506328,-4.324732625551622,-632.9378675881169,40,-0.10965189873417722,-7.830338646077963,-5473.663424579934,40
11.0,1.3,1.0,40,-0.0871308016877637,-4.472353407122538,-689.3376330702245,30,-0.14556962025316453,-6.721800619888416,-3737.5132289688286,30
11.0,1.4,0.0,40,0.0,0.0,0.0,10,0.0,0.0,0.0,10
11.0,1.4,0.1,40,0.0,0.0,0.0,40,0.006012658227848105,8.411227242120685,4646.523468724194,40
11.0,1.4,0.2,40,0.0033227848101265826,2.4788494374935426,146.0568820328275,40,0.012183544303797467,9.446900087643593,5346.317329701488,40
11.0,1.4,0.3,40,0.0022151898734177216,0.7176040256234256,6.202342251976028,40,0.013449367088607592,3.603888964967396,633.3827223460092,40
11.0,1.4,0.4,40,0.007594936708860758,1.0889494069105368,21.089649274617862,40,0.0017405063291139247,0.20267709247151566,0.13825799336456224,40
11.0,1.4,0.5,40,0.013765822784810125,1.4318050248207048,46.31577571560839,40,-0.018196202531645576,-1.7588012148896954,-82.90265585414191,40
11.0,1.4,0.6,40,-0.013765822784810127,-1.278083598262499,-22.739191299381538,40,-0.05237341772151899,-4.665295215387427,-1379.3051692531535,40
11.0,1.4,0.7,40,-0.0454113924050633,-3.2237174508413684,-293.5635901277107,40,-0.09113924050632916,-5.876390152811734,-2614.144116339094,40
11.0,1.4,0.8,40,-0.06882911392405063,-5.085978035319747,-946.2785355423207,40,-0.11598101265822788,-7.690746146536561,-5241.644539195776,40
11.0,1.4,0.9,40,-0.07500000000000001,-6.671900399661296,-1488.9194913358288,40,-0.13196202531645573,-10.397459876945174,-7731.925951491816,40
11.0,1.4,1.0,40,-0.07638585770405938,-4.8328924126795565,-836.7162151142434,29,-0.13640331732867744,-7.774930946479958,-5381.234818904551,29
11.0,1.5,0.0,40,0.0,0.0,0.0,10,0.0,0.0,0.0,10
11.0,1.5,0.1,40,0.0004746835443037975,1.7782469350914571,86.24219619933199,40,0.0061708860759493705,8.84048359523553,4678.812957409139,40
11.0,1.5,0.2,40,-0.002531645569620253,-0.3071568460769288,-0.03395261704541208,40,0.003639240506329115,0.3503593786734768,0.7193448395557434,40
11.0,1.5,0.3,40,0.011234177215189874,5.24040039885036,1702.3714445024132,40,0.01787974683544303,7.17587814654244,3785.8250781684314,40
11.0,1.5,0.4,40,0.01313291139240506,3.2426975609998836,470.7120028836358,40,-0.008069620253164557,-1.6103067278835486,-64.09967579586039,40
11.0,1.5,0.5,40,-0.002531645569620251,-0.27843340030386204,-0.26897828441959865,40,-0.04794303797468355,-4.682959540975298,-1394.0751553800283,40
11.0,1.5,0.6,40,-0.08322784810126582,-3.8934789906075795,-482.2184780628318,40,-0.13117088607594934,-6.141674019478715,-2944.4963879274546,40
11.0,1.5,0.7,40,-0.08686708860759493,-3.7145439039033143,-426.31917376042753,40,-0.13829113924050634,-5.751442739529121,-2465.772655244781,40
11.0,1.5,0.8,40,-0.08575949367088606,-7.138998660435428,-1530.4125476794966,40,-0.13844936708860756,-9.821673096257259,-7648.583438279472,40
11.0,1.5,0.9,40,-0.07262658227848098,-7.207722102810453,-1533.9563757652234,40,-0.12911392405063293,-11.738382580444808,-7896.667078681369,40
11.0,1.5,1.0,40,-0.08031427324312529,-5.078260726982039,-942.8849218181168,29,-0.13662156263640335,-8.033284090621727,-5816.211968740803,29
11.0,1.6,0.0,40,0.0,0.0,0.0,10,0.0,0.0,0.0,10
11.0,1.6,0.1,40,0.0004746835443037975,1.7782469350914571,86.24219619933199,40,0.007911392405063292,8.286251977280553,4560.645802873212,40
11.0,1.6,0.2,40,0.0009493670886075962,0.08409633037616217,0.012254922896139005,40,0.0033227848101265835,0.2589962253973318,0.271597959097515,40
11.0,1.6,0.3,40,0.01977848101265823,6.670544691711336,1801.6774759629789,40,0.01550632911392405,5.825759248609738,2527.131375668184,40
11.0,1.6,0.4,40,0.00537974683544304,0.8981884758304721,12.062922013506432,40,-0.0264240506329114,-3.667350070814085,-694.8341905772833,40
11.0,1.6,0.5,40,-0.041930379746835444,-3.8931856125809134,-482.1238211458464,40,-0.09287974683544305,-7.339396844060773,-4673.967333853476,40
11.0,1.6,0.6,40,-0.07136075949367089,-4.0971402061638695,-550.7594461826412,40,-0.1268987341772152,-7.130606400370201,-4347.1670881486825,40
11.0,1.6,0.7,40,-0.1175632911392405,-5.34223351986978,-1060.4673381772543,40,-0.16265822784810124,-7.171812565128822,-4410.828074751581,40
11.0,1.6,0.8,40,-0.08117088607594938,-7.260297636546347,-1536.7153388178444,40,-0.13655063291139238,-10.361402089816401,-7713.367124617338,40
11.0,1.6,0.9,40,-0.056645569620253154,-5.1596283216573315,-978.8547457000878,40,-0.10522151898734175,-8.638904523660251,-6879.292567358192,40
11.0,1.6,1.0,40,-0.0962461807071148,-5.908504608649454,-1001.8897253520511,29,-0.14666084679179398,-7.7314740762219465,-5309.048746640691,29
11.0,1.7,0.0,40,0.0,0.0,0.0,10,0.0,0.0,0.0,10
11.0,1.7,0.1,40,0.0018987341772151902,2.081665999466133,135.1956616074482,40,0.009493670886075951,9.610849132757814,4750.502190100957,40
11.0,1.7,0.2,40,0.009810126582278481,1.333426234567328,37.72087454565289,40,0.0037974683544303805,0.44254176507687426,1.3576593051906076,40
11.0,1.7,0.3,40,0.007594936708860761,1.3123151729502616,36.02746174036406,40,-0.011867088607594934,-1.8687959526136009,-98.90420537881954,40
11.0,1.7,0.4,40,-0.03512658227848101,-3.6667735002712694,-412.0790437743546,40,-0.07705696202531645,-7.012943626556222,-4167.507095523717,40
11.0,1.7,0.5,40,-0.07642405063291141,-5.034844358526551,-923.7591437324788,40,-0.13101265822784805,-7.623219265577166,-5130.485461940463,40
11.0,1.7,0.6,40,-0.07357594936708862,-5.492070324402291,-1128.499571548827,40,-0.12531645569620253,-9.536757063717632,-7561.209082842759,40
11.0,1.7,0.7,40,-0.08892405063291138,-6.168980108156783,-1440.0815953762606,40,-0.1289556962025316,-8.773538642650593,-7122.483225743469,40
11.0,1.7,0.8,40,-0.06756329113924049,-6.8954961108004955,-1509.5743865179963,40,-0.11329113924050634,-10.059338885315487,-7681.836155641184,40
11.0,1.7,0.9,40,-0.04145569620253164,-5.241720642003441,-1015.459131881315,40,-0.07515822784810126,-7.994049404606704,-5749.131586795774,40
11.0,1.7,1.0,40,-0.05237887385421214,-4.342056601618204,-639.4220823074827,29,-0.09166302924487126,-5.886496390255753,-2626.3556475998603,29
11.0,1.8,0.0,40,0.0,0.0,0.0,10,0.0,0.0,0.0,10
11.0,1.8,0.1,40,0.002689873417721519,2.73117163097255,291.26601536952234,40,0.012341772151898734,10.69087450529007,4870.005999194521,40
11.0,1.8,0.2,40,0.018354430379746833,3.608412824545742,632.6721760377563,40,0.0004746835443037977,0.07672157539313473,0.009510622718428095,40
11.0,1.8,0.3,40,-0.007278481012658227,-0.8488713596945237,-6.881770655909991,40,-0.0444620253164557,-4.876845027329203,-1562.430818933401,40
11.0,1.8,0.4,40,-0.05806962025316457,-5.210093763460036,-1001.3547852721965,40,-0.1096518987341772,-8.500061550603835,-6630.409916194868,40
11.0,1.8,0.5,40,-0.0930379746835443,-7.45811351465937,-1727.0173051121967,40,-0.14319620253164556,-10.512855402460483,-9280.854938497465,40
11.0,1.8,0.6,40,-0.07658227848101265,-5.124458190280155,-963.2888141009029,40,-0.1284810126582278,-8.387320816915366,-6429.663256331597,40
11.0,1.8,0.7,40,-0.058544303797468354,-4.319008302387542,-630.7992697833007,40,-0.10205696202531642,-7.288168400553286,-4593.003871535776,40
11.0,1.8,0.8,40,-0.03449367088607595,-3.8100806005615104,-455.6297127048388,40,-0.07088607594936705,-7.676886490917677,-5218.780255344096,40
11.0,1.8,0.9,40,-0.015031645569620255,-3.181429761459902,-283.5538567933351,40,-0.02626582278481012,-4.741418312180287,-1443.6749044779344,40
11.0,1.8,1.0,40,-0.006110868616324749,-1.6074215822634013,-44.03438939985291,29,-0.01702313400261894,-3.426886982566883,-571.7154497340013,29
11.0,1.9,0.0,40,0.0,0.0,0.0,10,0.0,0.0,0.0,10
11.0,1.9,0.1,40,0.0049050632911392415,4.205605374309052,421.17242973683165,40,0.01503164556962025,9.813235429932533,4777.54784749633,40
11.0,1.9,0.2,40,0.016139240506329117,3.06202631864573,401.34359958938484,40,-0.009968354430379748,-2.0142802289563213,-122.90576776594071,40
11.0,1.9,0.3,40,-0.029588607594936717,-3.6632015191653142,-411.0251581542855,40,-0.0694620253164557,-7.5062069983331385,-4940.291021678778,40
11.0,1.9,0.4,40,-0.06693037974683544,-7.578179246013628,-1738.6420115844087,40,-0.11455696202531647,-10.854657483381027,-10581.362967090387,40
11.0,1.9,0.5,40,-0.0856012658227848,-7.318439446278644,-1719.372533651678,40,-0.13354430379746834,-9.989703878182205,-9225.800117388162,40
11.0,1.9,0.6,40,-0.06329113924050632,-4.5473822192246,-718.8743042332626,40,-0.10933544303797467,-7.229210329396068,-4500.350014348554,40
11.0,1.9,0.7,40,-0.03386075949367088,-3.965753684032007,-505.9666837279957,40,-0.06740506329113924,-7.402376316170109,-4599.171253055493,40
11.0,1.9,0.8,40,-0.004588607594936709,-1.5622366583649678,-40.57727407192189,40,-0.014082278481012659,-4.874918262258068,-1560.7070267982062,40
11.0,1.9,0.9,40,-0.00189873417721519,-1.260252075625209,-21.83448758971624,40,-0.00458860759493671,-3.580100007117305,-648.3676709032316,40
11.0,1.9,1.0,40,-0.0010912265386294193,-0.7955572841757298,-5.692385358044277,29,-0.004364906154517679,-3.9942979301018546,-811.7118062927536,29
11.0,2.0,0.0,40,0.0,0.0,0.0,10,0.0,0.0,0.0,10
11.0,2.0,0.1,40,0.0064873417721519,3.9513292821498998,416.9322512404178,40,0.016930379746835443,8.54790996971014,4598.278075670201,40
11.0,2.0,0.2,40,-0.0007911392405063292,-0.14406845986634173,-0.04346877797206568,40,-0.030537974683544307,-4.426200739209232,-1188.7347725396123,40
11.0,2.0,0.3,40,-0.05237341772151899,-6.025745882457296,-1373.633605860018,40,-0.10094936708860758,-10.993298607316115,-10801.769203219596,40
11.0,2.0,0.4,40,-0.0689873417721519,-7.529072597707587,-1735.830962983784,40,-0.11787974683544303,-12.306067226641916,-10980.457764858782,40
11.0,2.0,0.5,40,-0.07500000000000001,-6.539043597902143,-1589.86714938147,40,-0.11645569620253164,-9.200294885972157,-7871.52267868179,40
11.0,2.0,0.6,40,-0.047626582278481,-4.813863612349023,-828.7029397031889,40,-0.07974683544303798,-7.857312622723591,-5518.685432543299,40
11.0,2.0,0.7,40,-0.004430379746835443,-1.6510922334868947,-47.54477755902143,40,-0.015664556962025317,-4.692509348814238,-1402.104566365696,40
11.0,2.0,0.8,40,-0.0020569620253164554,-0.9245285016324246,-8.841436323824048,40,-0.005696202531645572,-2.868198476395943,-341.8283330825235,40
11.0,2.0,0.9,40,-0.0012658227848101264,-1.3877773329774217,-28.85312292373122,40,-0.0031645569620253173,-4.937104414532876,-847.1409567020731,40
11.0,2.0,1.0,40,-0.003055434308162375,-3.5236755799534363,-84.91330762087325,29,-0.004801396769969447,-5.5247192256731505,-863.267815846738,29
12.0,1.1,0.0,40,,0.0,0.0,0,,0.0,0.0,0
12.0,1.1,0.1,40,0.0,0.0,0.0,40,0.0037974683544303813,5.648813230147635,2316.285902854921,40
12.0,1.1,0.2,40,0.0017405063291139242,1.0000000000000002,16.528236616115763,40,0.005854430379746837,6.195415851264022,3003.1347774658184,40
12.0,1.1,0.3,40,0.0006329113924050633,2.0816659994661317,135.19566160744793,40,0.0064873417721519,7.794808281451079,4211.468346836049,40
12.0,1.1,0.4,40,0.002373417721518988,3.0634991003700187,401.8807085209365,40,0.014556962025316453,11.1482345028314,5489.758375137782,40
12.0,1.1,0.5,40,-0.007120253164556965,-0.583628624847136,-0.068980152221076,40,-0.0034810126582278506,-0.21941678886665952,-0.004025242843859606,40
12.0,1.1,0.6,40,0.012341772151898734,4.319680705407012,1033.8632432618067,40,0.010126582278481015,3.201642289048325,447.9377532755169,40
12.0,1.1,0.7,40,0.01787974683544304,5.5119849341874385,1592.9531605510924,40,0.01598101265822785,4.854900356120553,1504.7103690131134,40
12.0,1.1,0.8,40,0.019303797468354422,3.34123611233418,511.4669468169917,40,-0.00680379746835443,-0.9837631781783776,-15.118370788622602,40
12.0,1.1,0.9,40,0.0017405063291139236,0.16081203305875597,0.0732731481073295,40,-0.027056962025316454,-2.0448936015251578,-128.38034236450093,40
12.0,1.1,1.0,40,0.0010548523206751065,0.12717708142208936,0.03738253372059757,30,-0.02721518987341772,-3.355972271112807,-538.2231657234747,30
12.0,1.2,0.0,40,0.0,0.0,0.0,10,0.0,0.0,0.0,10
12.0,1.2,0.1,40,0.0,0.0,0.0,40,0.003639240506329115,6.1190547649102625,2901.000892291567,40
12.0,1.2,0.2,40,0.0033227848101265818,1.1628537951164504,25.460076853928662,40,0.00759493670886076,7.4568063134320175,3976.7606007088552,40
12.0,1.2,0.3,40,0.000949367088607595,2.2234347239869643,162.97006705147194,40,0.009335443037974685,9.453778621125432,5267.314265732583,40
12.0,1.2,0.4,40,0.009335443037974681,4.182938113238453,947.8257678592666,40,0.020253164556962022,10.238110061812932,5385.4415293640795,40
12.0,1.2,0.5,40,-0.0018987341772151902,-0.17224349573792816,-0.0028389282900788126,40,0.001582278481012659,0.11795619496873394,0.0297158175521375,40
12.0,1.2,0.6,40,0.015822784810126583,3.3285951172447303,506.1256274743154,40,0.0031645569620253173,0.7867957924694433,7.269193267166779,40
12.0,1.2,0.7,40,0.013924050632911394,1.798445753468805,89.06199175886464,40,-0.007278481012658229,-1.051178210703194,-18.347211125620955,40
12.0,1.2,0.8,40,0.005537974683544304,0.5826386479466278,3.3693954802062454,40,-0.03734177215189873,-3.375635280519425,-547.3619921134457,40
12.0,1.2,0.9,40,-0.02515822784810127,-1.8631183374869522,-67.10126103993903,40,-0.0620253164556962,-4.130301624614516,-976.0980744030485,40
12.0,1.2,1.0,40,-0.04472573839662448,-3.013593699043519,-246.06536485849207,30,-0.08122362869198312,-5.278688403305961,-1948.1878287786965,30
12.0,1.3,0.0,40,0.0,0.0,0.0,10,0.0,0.0,0.0,10
12.0,1.3,0.1,40,0.0,0.0,0.0,40,0.004272151898734179,7.459086054936697,3978.319238904891,40
12.0,1.3,0.2,40,0.004430379746835443,1.2119695127861652,28.670871316379078,40,0.008702531645569622,7.576856810319673,4059.3269693637717,40
12.0,1.3,0.3,40,0.0030063291139240515,3.218667954225552,461.10442299251054,40,0.011392405063291136,8.724705263085442,4856.801095533373,40
12.0,1.3,0.4,40,0.011867088607594937,5.311820223200452,1479.054923098976,40,0.015348101265822783,3.7516748589971742,712.2828195109206,40
12.0,1.3,0.5,40,0.020094936708860766,6.1352858931141885,1506.1345140657947,40,0.006170886075949368,1.9626852155672339,106.36577121027419,40
12.0,1.3,0.6,40,0.004430379746835442,0.35520687856694944,0.8191250074642744,40,-0.02721518987341772,-2.017235703848795,-123.42653206419345,40
12.0,1.3,0.7,40,-0.009335443037974688,-0.8086706602473465,-5.97105685768853,40,-0.04050632911392406,-3.518439602290467,-616.747459073651,40
12.0,1.3,0.8,40,-0.030537974683544317,-2.7875695781954604,-200.88580771651814,40,-0.0721518987341772,-6.718411704976365,-3732.6191441223227,40
12.0,1.3,0.9,40,-0.06218354430379748,-4.345186397338857,-640.5935466939336,40,-0.10237341772151898,-6.53610595783369,-3473.703799424648,40
12.0,1.3,1.0,40,-0.06877637130801686,-4.035149656030209,-529.3934514195095,30,-0.12194092827004223,-6.670551127327194,-3663.6532092640723,30
12.0,1.4,0.0,40,0.0,0.0,0.0,10,0.0,0.0,0.0,10
12.0,1.4,0.1,40,0.00031645569620253165,1.4327007988227585,46.398924540531695,40,0.004588607594936711,8.274896009412878,4552.544072285404,40
12.0,1.4,0.2,40,0.003164556962025317,2.1295266424560726,144.19269899503738,40,0.010443037974683548,6.546503677043336,3380.967779562177,40
12.0,1.4,0.3,40,0.008069620253164555,5.495376822254954,1485.5198710929592,40,0.018037974683544303,11.307597260347578,5117.823154125497,40
12.0,1.4,0.4,40,0.01503164556962025,5.403464486135177,1482.7844957190403,40,0.007436708860759493,2.080097180191766,126.18740399806742,40
12.0,1.4,0.5,40,0.019778481012658226,2.955237533352971,363.45105258344415,40,-0.014082278481012655,-3.0304056826806396,-400.8358758228642,40
12.0,1.4,0.6,40,-0.02768987341772152,-1.4989532160862886,-36.0316544635768,40,-0.06234177215189875,-3.2729643902662877,-500.68178485256243,40
12.0,1.4,0.7,40,-0.03180379746835443,-3.2864874042745544,-308.785191650686,40,-0.08022151898734178,-7.653331806402833,-5179.982845554687,40
12.0,1.4,0.8,40,-0.05300632911392407,-4.290001940010228,-620.0057901366479,40,-0.10759493670886078,-8.691541603326725,-6974.042946236398,40
12.0,1.4,0.9,40,-0.09335443037974683,-5.405493692468551,-1089.2348701804792,40,-0.14636075949367092,-8.002006785824534,-5762.6796652240655,40
12.0,1.4,1.0,40,-0.07551287647315581,-6.709192756489725,-1291.6391836478335,29,-0.12745525971191618,-9.447396674406368,-7410.434960309651,29
12.0,1.5,0.0,40,0.0,0.0,0.0,10,0.0,0.0,0.0,10
12.0,1.5,0.1,40,0.0011075949367088608,1.4175555447309558,45.00319173375357,40,0.006329113924050636,8.42075358320685,4647.478327451769,40
12.0,1.5,0.2,40,-0.002531645569620253,-0.5498414147691578,-0.15810889416298415,40,0.006012658227848104,0.9649934620355116,13.110679511914002,40
12.0,1.5,0.3,40,0.012658227848101267,4.575980475858288,1207.9140054735537,40,0.018196202531645566,7.205202783858159,3805.409122290724,40
12.0,1.5,0.4,40,0.01756329113924051,5.061164353721842,1465.5421702684869,40,-0.005379746835443037,-1.8912851967206883,-102.39827850004151,40
12.0,1.5,0.5,40,-0.01060126582278481,-1.4057636338963366,-29.944369346455947,40,-0.045253164556962024,-5.626594754945662,-2322.3782335146616,40
12.0,1.5,0.6,40,-0.03844936708860758,-2.2007796436622793,-107.06198382433567,40,-0.08639240506329113,-5.152354536298975,-1821.4084147900185,40
12.0,1.5,0.7,40,-0.07246835443037976,-5.449094870755623,-1109.004187718455,40,-0.1313291139240506,-9.265734606407776,-7986.966967233094,40
12.0,1.5,0.8,40,-0.07231012658227849,-6.42695055720144,-1465.3642285971184,40,-0.12167721518987344,-8.978117689972013,-7481.581500155814,40
12.0,1.5,0.9,40,-0.08670886075949366,-5.266035843504725,-1026.30856040907,40,-0.13765822784810128,-8.09009564008636,-5913.44268743505,40
12.0,1.5,1.0,40,-0.06132693147097338,-5.747102852033291,-1232.831253133048,29,-0.10868616324749023,-8.99401040150454,-7315.866282814469,29
12.0,1.6,0.0,40,0.0,0.0,0.0,10,0.0,0.0,0.0,10
12.0,1.6,0.1,40,0.0004746835443037975,1.3556165885229259,39.56179492022,40,0.0071202531645569635,7.809260911543168,4221.547058064713,40
12.0,1.6,0.2,40,0.0030063291139240536,0.43086340133822676,1.4115227708402214,40,0.0071202531645569635,0.7866724750763471,7.2660006760745395,40
12.0,1.6,0.3,40,0.018354430379746836,5.208553758776473,1699.9415369842964,40,0.005221518987341773,1.1507738711991944,22.01266359469652,40
12.0,1.6,0.4,40,0.003164556962025316,0.6619684638946262,4.889450040840164,40,-0.03481012658227848,-5.244044240850757,-1912.8825020398804,40
12.0,1.6,0.5,40,-0.0509493670886076,-3.4531387955728383,-351.7178106692946,40,-0.08892405063291142,-5.414562039360645,-2089.9327493825954,40
12.0,1.6,0.6,40,-0.06487341772151897,-4.703816102530575,-782.575035794791,40,-0.11756329113924055,-8.777762476426823,-7130.136319502763,40
12.0,1.6,0.7,40,-0.09272151898734178,-8.292310905880408,-1652.0423699446233,40,-0.14493670886075952,-11.466918836121065,-8676.647697823953,40
12.0,1.6,0.8,40,-0.06186708860759493,-5.758580269954581,-1250.637255703796,40,-0.10933544303797468,-8.584033496929804,-6780.682084424782,40
12.0,1.6,0.9,40,-0.05569620253164555,-5.5940818677244835,-1175.0463042686795,40,-0.09825949367088606,-8.216129674353592,-6130.2611316455295,40
12.0,1.6,1.0,40,-0.04081187254474029,-3.5263297165753706,-371.7072343191705,29,-0.07704059362723702,-6.4431048179743975,-3345.1099057210463,29
12.0,1.7,0.0,40,0.0,0.0,0.0,10,0.0,0.0,0.0,10
12.0,1.7,0.1,40,-0.00015822784810126585,-0.20600347567770524,-0.003342533066440597,40,0.008386075949367088,4.723057208549902,1390.3066973853297,40
12.0,1.7,0.2,40,0.010443037974683543,3.102970984021732,220.00840784624202,40,0.009968354430379748,1.9793101064210417,109.0241935979202,40
12.0,1.7,0.3,40,0.01819620253164557,2.4521655143374037,214.94781987451535,40,-0.013924050632911394,-2.0651389579152593,-132.07826178101283,40
12.0,1.7,0.4,40,-0.024050632911392405,-3.5956049081687746,-391.26849524761366,40,-0.0721518987341772,-7.898637767487459,-5587.911280171736,40
12.0,1.7,0.5,40,-0.07325949367088605,-4.600422358028443,-740.1819729587043,40,-0.125,-6.824429977234623,-3886.5082702690056,40
12.0,1.7,0.6,40,-0.07484177215189873,-5.283637305347323,-1034.1210066686547,40,-0.12832278481012654,-8.269297693220569,-6222.648441579088,40
12.0,1.7,0.7,40,-0.08022151898734177,-7.852211914493133,-1623.1881104919532,40,-0.12547468354430383,-10.28891677195786,-8536.883024511706,40
12.0,1.7,0.8,40,-0.03544303797468355,-3.639363167163746,-404.0027513861362,40,-0.07721518987341772,-7.368565857148373,-4720.271565008328,40
12.0,1.7,0.9,40,-0.027373417721518984,-2.8699651643280752,-216.65348979178899,40,-0.06123417721518989,-5.4048230283175815,-2079.5905632345775,40
12.0,1.7,1.0,40,-0.006765604539502402,-1.2649674783242009,-22.070776969268437,29,-0.02509821038847664,-4.085610187259162,-946.285943064065,29
12.0,1.8,0.0,40,0.0,0.0,0.0,10,0.0,0.0,0.0,10
12.0,1.8,0.1,40,0.0014240506329113924,1.1198522558935056,22.85255774018423,40,0.004113924050632914,0.7144892769010601,5.509204840089759,40
12.0,1.8,0.2,40,0.009177215189873418,1.333710650373898,37.743953334169646,40,-0.00759493670886076,-0.8075822314191953,-8.441167413280423,40
12.0,1.8,0.3,40,-0.00996835443037975,-1.384861969021305,-28.678974360566027,40,-0.04699367088607595,-5.925099638576263,-2673.2665824484807,40
12.0,1.8,0.4,40,-0.05870253164556962,-6.590202121554771,-1609.1553469079597,40,-0.1033227848101266,-9.585549075354026,-8557.795608995137,40
12.0,1.8,0.5,40,-0.1080696202531646,-5.687460352141212,-1218.0937029361794,40,-0.15300632911392403,-7.289934245501126,-4595.787691373432,40
12.0,1.8,0.6,40,-0.06930379746835441,-4.937059378907536,-881.2309741943408,40,-0.11708860759493671,-7.281473818753158,-4582.445129186021,40
12.0,1.8,0.7,40,-0.06471518987341773,-7.35014416750004,-1581.9496754242605,40,-0.0966772151898734,-8.697247656721778,-6984.345583577896,40
12.0,1.8,0.8,40,-0.02294303797468354,-3.020177983866172,-247.471368069514,40,-0.051582278481012656,-5.463693709378355,-2142.5453123677025,40
12.0,1.8,0.9,40,-0.016139240506329117,-1.9129944073957388,-72.30117942524616,40,-0.026582278481012654,-2.7934815231112053,-316.7374382758186,40
12.0,1.8,1.0,40,-0.0006547359231776517,-0.39151586370522296,-0.7158922600386333,29,-0.004146660846791795,-2.482622531547305,-225.07445178443987,29
12.0,1.9,0.0,40,0.0,0.0,0.0,10,0.0,0.0,0.0,10
12.0,1.9,0.1,40,0.0055379746835443056,2.545184885562328,238.75608049214196,40,0.010917721518987344,2.3020011842578523,170.56432619663096,40
12.0,1.9,0.2,40,0.003322784810126584,0.41339806727012557,1.2562502559780202,40,-0.027373417721518987,-3.1204795620464227,-436.24386827707553,40
12.0,1.9,0.3,40,-0.046044303797468336,-5.965593327848721,-1345.7416453683693,40,-0.09287974683544306,-10.07643229715533,-9361.042791369575,40
12.0,1.9,0.4,40,-0.0856012658227848,-7.174455420005113,-1704.201853876357,40,-0.13433544303797468,-10.119377319059899,-9428.28728012138,40
12.0,1.9,0.5,40,-0.08670886075949366,-6.604560943374844,-1614.5432846669771,40,-0.12768987341772156,-7.853193908198037,-5511.809382052189,40
12.0,1.9,0.6,40,-0.049683544303797476,-3.5665997219160848,-383.01666089883713,40,-0.09620253164556963,-6.346484044659187,-3213.996500782483,40
12.0,1.9,0.7,40,-0.030854430379746844,-4.296497029481323,-622.4097499104727,40,-0.056329113924050635,-5.464847588426707,-2143.785636416729,40
12.0,1.9,0.8,40,-0.012658227848101264,-1.9999999999999998,-81.92972304416811,40,-0.020411392405063296,-3.090284929512184,-424.17555051074476,40
12.0,1.9,0.9,40,-0.004430379746835443,-2.2395865760215794,-112.41901964597554,40,-0.007594936708860761,-3.568570284799086,-642.3989663512109,40
12.0,1.9,1.0,40,-0.0028371890004364915,-1.90058247399528,-70.98485941594271,29,-0.0045831514622435635,-3.2711119378928797,-499.86721269030517,29
12.0,2.0,0.0,40,0.0,0.0,0.0,10,0.0,0.0,0.0,10
12.0,2.0,0.1,40,-0.00300632911392405,-0.34862498179234486,-0.5119286383098238,40,-0.0011075949367088602,-0.08500438210886666,-0.014004809655002523,40
12.0,2.0,0.2,40,-0.018196202531645573,-1.9365268727633127,-74.84030562953792,40,-0.05348101265822787,-4.506040229404023,-1250.5414047433824,40
12.0,2.0,0.3,40,-0.0754746835443038,-6.980436696756381,-1739.2998780828527,40,-0.13053797468354433,-12.588828829634236,-11324.325827694913,40
12.0,2.0,0.4,40,-0.09208860759493673,-6.712375872207493,-1654.198836694289,40,-0.13718354430379742,-9.220367902078307,-7906.879625255585,40
12.0,2.0,0.5,40,-0.059493670886075975,-5.372496992086399,-1074.216533345892,40,-0.10174050632911391,-8.087701699650461,-5909.338920292321,40
12.0,2.0,0.6,40,-0.030221518987341767,-2.883140458688645,-219.24354818987223,40,-0.0639240506329114,-5.910318441452613,-2655.273989037114,40
12.0,2.0,0.7,40,-0.006012658227848101,-2.017486435587538,-83.94936151675638,40,-0.012183544303797467,-3.071443379308122,-416.7376631522359,40
12.0,2.0,0.8,40,-0.004430379746835443,-1.8294152262547017,-63.70228124281528,40,-0.007120253164556961,-2.8541113365464197,-337.00849406912266,40
12.0,2.0,0.9,40,-0.00189873417721519,-1.8642015783580044,-67.2115868099055,40,-0.004588607594936711,-5.23022906573572,-854.7332041514854,40
12.0,2.0,1.0,40,-0.003273679615888259,-2.6369759923264304,-76.41441172370395,29,-0.005237887385421216,-4.295705907630466,-823.3717617849084,29
13.0,1.1,0.0,40,,0.0,0.0,0,,0.0,0.0,0
13.0,1.1,0.1,40,0.0,0.0,0.0,40,0.004905063291139244,7.429491842832185,3958.0395649506036,40
13.0,1.1,0.2,40,0.005854430379746835,1.2799269524429706,33.52936841109192,40,0.005537974683544306,6.729365511664046,3494.9926672870965,40
13.0,1.1,0.3,40,0.0004746835443037975,1.3556165885229259,39.56179492022,40,0.006645569620253167,8.861955008650323,4726.028607208685,40
13.0,1.1,0.4,40,0.00047468354430379794,0.12187440491158519,0.03323280236685994,40,0.012974683544303797,2.7296030916316796,281.03471253830406,40
13.0,1.1,0.5,40,0.007911392405063293,2.663844940869427,271.4905494192849,40,0.01566455696202532,5.286160234158667,1743.0634523274803,40
13.0,1.1,0.6,40,0.011550632911392402,4.542750299104267,1184.4279991081428,40,0.020727848101265822,10.163647849754993,2048.4482868723358,40
13.0,1.1,0.7,40,0.022310126582278485,4.941035867934923,1482.2292883577118,40,0.01645569620253165,3.8824935843149833,787.0518032595074,40
13.0,1.1,0.8,40,0.02468354430379747,2.895772122112876,343.34827017135643,40,-0.011075949367088604,-1.2671276581704334,-31.718915794673187,40
13.0,1.1,0.9,40,0.021044303797468356,2.292797636490717,177.7687039653673,40,-0.030063291139240507,-3.5483476269630474,-631.9847121316204,40
13.0,1.1,1.0,40,0.003164556962025317,0.43198979920269726,1.4218141319880746,30,-0.028481012658227847,-3.2046217716767322,-471.07613037279384,30
13.0,1.2,0.0,40,0.0,0.0,0.0,10,0.0,0.0,0.0,10
13.0,1.2,0.1,40,0.0,0.0,0.0,40,0.005221518987341775,7.7287888582358075,4165.3796928909305,40
13.0,1.2,0.2,40,0.00680379746835443,1.132031319605367,23.572250693731142,40,0.00585443037974684,4.539419522633936,1240.0759393776484,40
13.0,1.2,0.3,40,0.0026898734177215194,1.3037421633175812,35.35561844132246,40,0.010601265822784811,8.48622665150706,4697.694618257538,40
13.0,1.2,0.4,40,0.003955696202531648,0.5127954437796033,2.322299191694476,40,0.012500000000000002,1.6325963502560892,61.63199302910563,40
13.0,1.2,0.5,40,0.012974683544303797,5.844921366816036,2290.63927761943,40,0.024841772151898735,7.317919579138787,1828.71686667826,40
13.0,1.2,0.6,40,0.030221518987341777,7.437699562451426,3436.0407314226622,40,0.020411392405063296,5.476504140558351,1752.6311906166613,40
13.0,1.2,0.7,40,0.023417721518987338,3.015629529869434,384.59621541674926,40,-0.021360759493670892,-2.3890231572176295,-201.34572141394878,40
13.0,1.2,0.8,40,-0.013449367088607592,-1.515189722140677,-37.16499338473232,40,-0.04920886075949368,-5.3001558896850565,-1970.219205474582,40
13.0,1.2,0.9,40,-0.027373417721518987,-2.641922133189992,-174.88338547635385,40,-0.08148734177215189,-7.207186050781731,-4465.887527396147,40
13.0,1.2,1.0,40,-0.03881856540084389,-3.3925958293902587,-335.7001035979053,30,-0.0877637130801688,-6.853576428759638,-3929.3016227752532,30
13.0,1.3,0.0,40,0.0,0.0,0.0,10,0.0,0.0,0.0,10
13.0,1.3,0.1,40,0.0,0.0,0.0,40,0.0061708860759493705,9.346780060337263,4662.043976136377,40
13.0,1.3,0.2,40,0.0003164556962025314,0.3738782505529824,0.9441469463111105,40,0.006645569620253165,1.9010509032288867,96.89952011771945,40
13.0,1.3,0.3,40,0.005379746835443039,1.6244877441250394,66.53008682570906,40,0.012183544303797467,4.82047312091212,1474.3632767821316,40
13.0,1.3,0.4,40,0.012816455696202534,1.3967486941137068,43.121878473668374,40,0.017246835443037976,1.9026351381465434,97.13409341788523,40
13.0,1.3,0.5,40,0.022784810126582282,3.401290937452919,537.3007109131963,40,0.014398734177215187,2.0868525452843536,127.38492617759817,40
13.0,1.3,0.6,40,0.03718354430379747,4.985438377011049,1517.4865076219628,40,-0.009968354430379748,-2.9596631792054326,-374.38277047431717,40
13.0,1.3,0.7,40,-0.0185126582278481,-1.3642850551471377,-27.465079234153983,40,-0.07199367088607594,-4.430860781395214,-1192.2862400412753,40
13.0,1.3,0.8,40,-0.05126582278481012,-4.393835963840591,-659.0595632958152,40,-0.1,-7.382028637440065,-4741.585090470242,40
13.0,1.3,0.9,40,-0.09256329113924051,-5.812157878969172,-1238.164226660047,40,-0.14129746835443033,-8.704049715433092,-6996.627249220651,40
13.0,1.3,1.0,40,-0.08438818565400848,-5.935169540411506,-1247.6885335876407,30,-0.1430379746835443,-9.942453211737638,-7513.079145787499,30
13.0,1.4,0.0,40,0.0,0.0,0.0,10,0.0,0.0,0.0,10
13.0,1.4,0.1,40,0.0,0.0,0.0,40,0.006803797468354432,8.896958618955049,4624.542586403108,40
13.0,1.4,0.2,40,-0.001740506329113924,-0.5190035546751078,-0.15342907435928144,40,0.005063291139240509,1.1550090756027622,22.246710989205024,40
13.0,1.4,0.3,40,0.0063291139240506345,3.182745690417339,446.9601031358378,40,0.014240506329113925,3.146874849213808,425.96999999520955,40
13.0,1.4,0.4,40,0.022943037974683545,3.45491798130073,561.0871704783345,40,0.015981012658227847,2.468692120321709,209.36717507120636,40
13.0,1.4,0.5,40,0.021044303797468362,2.4895158880487265,224.32293220774918,40,-0.023101265822784812,-3.4470520698271936,-581.4634065848712,40
13.0,1.4,0.6,40,-0.01582278481012658,-1.8204592991394366,-62.81921152551447,40,-0.05854430379746835,-7.430547085488305,-4818.641056091763,40
13.0,1.4,0.7,40,-0.043670886075949364,-4.051103202524465,-534.8574436802406,40,-0.0990506329113924,-8.253345953019773,-6194.839528349442,40
13.0,1.4,0.8,40,-0.07215189873417721,-6.918463924383812,-1288.5320579376803,40,-0.12737341772151894,-10.185355016240072,-7553.025167113104,40
13.0,1.4,0.9,40,-0.08338607594936709,-5.935661006728322,-1247.723164340554,40,-0.14098101265822788,-10.149511476910282,-7549.3166671384,40
13.0,1.4,1.0,40,-0.09057180270624181,-8.337363648067027,-1384.5832513019232,29,-0.14927979048450457,-13.128035762589079,-7955.846573309212,29
13.0,1.5,0.0,40,0.0,0.0,0.0,10,0.0,0.0,0.0,10
13.0,1.5,0.1,40,0.001740506329113924,1.0000000000000004,16.528236616115773,40,0.007911392405063292,8.286251977280555,4560.645802873213,40
13.0,1.5,0.2,40,-0.0042721518987341766,-0.5103665567277017,-0.14684873222565492,40,0.002848101265822785,0.2711107008625797,0.30915452792399556,40
13.0,1.5,0.3,40,0.013449367088607594,5.391099191254347,1857.999104851618,40,0.02262658227848101,6.100242825569582,2876.1136020400263,40
13.0,1.5,0.4,40,0.03623417721518988,4.908713203013647,1456.7236072247072,40,-0.01139240506329114,-2.8226252168423103,-326.37784095309837,40
13.0,1.5,0.5,40,-0.03259493670886076,-2.568607019948865,-162.74978932407637,40,-0.08401898734177217,-6.771219965348096,-3808.953740858869,40
13.0,1.5,0.6,40,-0.05727848101265822,-4.752074545044807,-802.6749296518245,40,-0.10537974683544304,-8.518952570726281,-6664.158540781625,40
13.0,1.5,0.7,40,-0.09113924050632913,-5.9446847141197,-1336.0378983893397,40,-0.14810126582278482,-9.237826371034537,-7937.677346992407,40
13.0,1.5,0.8,40,-0.08354430379746836,-5.263184670670741,-1025.038260683377,40,-0.13718354430379748,-7.580275750214021,-5060.351380640064,40
13.0,1.5,0.9,40,-0.06962025316455699,-5.660093628006558,-1205.5385727615649,40,-0.12484177215189876,-9.875188431572939,-7499.85960216537,40
13.0,1.5,1.0,40,-0.07747708424268882,-5.427057956779099,-1099.0571707399072,29,-0.12920122217372326,-8.290587066810245,-6259.8151992929725,29
13.0,1.6,0.0,40,0.0,0.0,0.0,10,0.0,0.0,0.0,10
13.0,1.6,0.1,40,0.004113924050632911,1.175360110623879,26.252248224368522,40,0.009018987341772153,8.506758155916028,4576.2135298730955,40
13.0,1.6,0.2,40,0.003322784810126584,0.6246485433931799,4.125538716026611,40,0.010284810126582281,1.6028692990587627,58.407593363041784,40
13.0,1.6,0.3,40,0.029746835443037974,5.971476072971086,2421.327149896984,40,0.015031645569620255,3.038043817975157,384.2743985149344,40
13.0,1.6,0.4,40,-0.0025316455696202523,-0.31676122690023467,-0.3881050884609006,40,-0.043196202531645564,-4.5475552125881284,-1283.3415231134277,40
13.0,1.6,0.5,40,-0.05601265822784811,-5.273755912315776,-1029.7332308539392,40,-0.10522151898734178,-9.981864892732375,-9175.547289217819,40
13.0,1.6,0.6,40,-0.07341772151898736,-6.0751326566451676,-1396.4997821582754,40,-0.12848101265822784,-9.940036003488395,-9148.303235284711,40
13.0,1.6,0.7,40,-0.09525316455696203,-6.627740069238586,-1520.58654165394,40,-0.1469936708860759,-9.513650444034775,-8429.213403565509,40
13.0,1.6,0.8,40,-0.06819620253164556,-5.2309938283130615,-1010.6718119799049,40,-0.11424050632911391,-7.383133170438869,-4743.331146183236,40
13.0,1.6,0.9,40,-0.05063291139240507,-4.023931008230754,-525.5740625127336,40,-0.10047468354430382,-7.645140923501795,-5166.511507781437,40
13.0,1.6,1.0,40,-0.05019642077695329,-4.108499979283445,-554.7185239542569,29,-0.08642514185945005,-6.367309541060112,-3242.063873590818,29
13.0,1.7,0.0,40,0.0,0.0,0.0,10,0.0,0.0,0.0,10
13.0,1.7,0.1,40,0.0020569620253164562,1.8014437013567899,89.48506078626262,40,0.011075949367088608,7.564097359386344,4050.5064502159844,40
13.0,1.7,0.2,40,0.007278481012658229,2.4171927375927633,206.39367567681734,40,0.014873417721518989,2.8574809905930785,321.26223679825506,40
13.0,1.7,0.3,40,0.04082278481012658,6.5345322594248305,2443.3989384324777,40,-0.015031645569620255,-2.65386915855989,-272.9625797395666,40
13.0,1.7,0.4,40,-0.037025316455696206,-4.56033526258107,-724.0559321639572,40,-0.07927215189873417,-8.044160123153857,-5834.823872694377,40
13.0,1.7,0.5,40,-0.09651898734177215,-7.617983454874363,-1790.6706823965985,40,-0.14905063291139242,-10.937725113884808,-9296.37808419917,40
13.0,1.7,0.6,40,-0.06819620253164556,-4.68008497550029,-772.7528870259065,40,-0.1240506329113924,-8.237561597879145,-6167.400256123653,40
13.0,1.7,0.7,40,-0.061550632911392386,-4.44716479599874,-679.563077368744,40,-0.10965189873417722,-7.114534397295175,-4322.43439275081,40
13.0,1.7,0.8,40,-0.048892405063291136,-4.564628316600266,-725.771854082109,40,-0.08639240506329113,-6.802633863618365,-3854.628112784293,40
13.0,1.7,0.9,40,-0.020094936708860756,-2.4197539937384653,-139.36910812875493,40,-0.05553797468354431,-5.743816750796647,-2456.9006938506595,40
13.0,1.7,1.0,40,-0.011348756001745963,-2.4228201281226305,-139.85800443265992,29,-0.02553470100392842,-4.555204905162971,-1289.4397418190965,29
13.0,1.8,0.0,40,0.0,0.0,0.0,10,0.0,0.0,0.0,10
13.0,1.8,0.1,40,-0.0003164556962025315,-0.14182193253045705,-0.001196580663159701,40,0.00838607594936709,1.806988707910465,83.45111990396455,40
13.0,1.8,0.2,40,0.021993670886075945,3.4617387590529303,564.1506893497386,40,0.007911392405063292,1.2156152851005588,25.903334904089014,40
13.0,1.8,0.3,40,-0.01360759493670886,-1.8842351708623755,-69.27410187778412,40,-0.06629746835443039,-8.052234678582764,-5848.60833697688,40
13.0,1.8,0.4,40,-0.06218354430379745,-5.656910128499666,-1204.0783169344452,40,-0.11424050632911395,-10.419057593850802,-9237.12977885973,40
13.0,1.8,0.5,40,-0.10458860759493671,-7.410194024455131,-1778.903945897951,40,-0.15506329113924058,-10.196765042001587,-9213.47948082266,40
13.0,1.8,0.6,40,-0.05047468354430379,-4.4874829509139555,-695.2391252581283,40,-0.10221518987341768,-8.94333890262095,-7420.7604326129795,40
13.0,1.8,0.7,40,-0.042721518987341785,-3.1056110293567887,-266.19426847138146,40,-0.07990506329113925,-5.547595700412317,-2234.0781716480355,40
13.0,1.8,0.8,40,-0.01819620253164557,-3.185914957728561,-284.60290892488496,40,-0.03275316455696203,-5.011011000907989,-1685.6412989982116,40
13.0,1.8,0.9,40,-0.0031645569620253173,-0.941468871691272,-9.325911085449475,40,-0.010443037974683544,-3.262160911278737,-495.93882349519356,40
13.0,1.8,1.0,40,-0.00043649061545176794,-0.22866478019001182,-0.15494242064168512,29,-0.0034919249236141435,-3.416762663835053,-566.8650730610824,29
13.0,1.9,0.0,40,0.0,0.0,0.0,10,0.0,0.0,0.0,10
13.0,1.9,0.1,40,0.003006329113924052,1.5022022621738413,53.15620261952863,40,0.012816455696202536,3.9941896199504257,293.4438030266325,40
13.0,1.9,0.2,40,0.02468354430379748,2.3056016366042247,180.58845414765648,40,-0.022626582278481015,-2.334055358131119,-188.23403017255495,40
13.0,1.9,0.3,40,-0.05411392405063291,-5.538339337236306,-1149.581674680327,40,-0.10537974683544307,-10.555993657019565,-10111.866883648856,40
13.0,1.9,0.4,40,-0.07151898734177214,-6.395263266437383,-1534.4303684484712,40,-0.12658227848101267,-9.953847131712386,-9169.973988343552,40
13.0,1.9,0.5,40,-0.0875,-6.0463714113970735,-1383.156958077237,40,-0.13655063291139247,-8.490181612393886,-6612.765459411518,40
13.0,1.9,0.6,40,-0.025,-3.4816760090599117,-359.4373589903286,40,-0.06534810126582279,-8.0399149760763,-5827.566459224026,40
13.0,1.9,0.7,40,-0.015031645569620253,-2.5257172937122516,-155.93289932030254,40,-0.026898734177215188,-3.892719744248231,-824.3225817028139,40
13.0,1.9,0.8,40,-0.0036392405063291147,-2.251176716779358,-114.04640362761167,40,-0.007594936708860758,-3.5685702847990832,-642.3989663512095,40
13.0,1.9,0.9,40,-0.004430379746835444,-2.705889702197741,-185.99392739991953,40,-0.005854430379746838,-3.194785227159613,-466.9255636697908,40
13.0,1.9,1.0,40,-0.002182453077258839,-2.281328772128812,-118.335762827959,29,-0.004364906154517679,-3.9942979301018537,-810.3105936856049,29
13.0,2.0,0.0,40,0.0,0.0,0.0,10,0.0,0.0,0.0,10
13.0,2.0,0.1,40,0.004905063291139243,2.3009545548005788,88.2241879710559,40,0.013607594936708867,2.7222124933792493,278.82316753459264,40
13.0,2.0,0.2,40,-0.0028481012658227887,-0.2759027295993836,-0.2622018924087606,40,-0.05427215189873419,-5.007938994065436,-1682.7601879698989,40
13.0,2.0,0.3,40,-0.09667721518987342,-7.712029711353564,-1823.3207201877012,40,-0.14920886075949374,-11.200030479776357,-11127.18864889054,40
13.0,2.0,0.4,40,-0.08069620253164558,-7.171053543394767,-1793.2512369607784,40,-0.1254746835443038,-10.369801841289187,-9820.327586244299,40
13.0,2.0,0.5,40,-0.06265822784810125,-7.021090965008347,-1752.446012263236,40,-0.10363924050632911,-9.882129915578371,-9057.513825012336,40
13.0,2.0,0.6,40,-0.004430379746835443,-1.361447851436972,-27.300990183853678,40,-0.018037974683544306,-4.538729451077296,-1276.332065282192,40
13.0,2.0,0.7,40,-0.0015822784810126584,-1.5710997518871126,-41.24120464400834,40,-0.003955696202531647,-4.900487559939642,-1284.412179305263,40
13.0,2.0,0.8,40,-0.006962025316455697,-1.44532952078022,-32.44406983490079,40,-0.009651898734177213,-1.858842799883807,-97.38349657955389,40
13.0,2.0,0.9,40,-0.005696202531645571,-3.755353321783262,-215.7731223487678,40,-0.006962025316455697,-4.112660756082812,-816.8770151878673,40
13.0,2.0,1.0,40,-0.003491924923614143,-1.789653512878201,-59.84424128669283,29,-0.006983849847228289,-3.1651491453814224,-454.5194298944981,29
14.0,1.1,0.0,40,,0.0,0.0,0,,0.0,0.0,0
14.0,1.1,0.1,40,0.0,0.0,0.0,40,0.0037974683544303813,5.35285542719863,1988.7583421795887,40
14.0,1.1,0.2,40,0.0018987341772151896,0.907713425025669,12.439262100529172,40,0.005221518987341774,5.0414796494338185,1676.21994717415,40
14.0,1.1,0.3,40,0.0034810126582278484,1.5847530585297591,61.96629275516369,40,0.006645569620253165,6.406850450642451,3297.072971085039,40
14.0,1.1,0.4,40,0.002215189873417722,1.3886522951304037,42.4074387559128,40,0.011234177215189874,9.129073039772102,7831.411680265068,40
14.0,1.1,0.5,40,0.005221518987341774,1.914193294200207,106.40948255687822,40,0.018670886075949366,5.100240630911242,1733.00107951524,40
14.0,1.1,0.6,40,0.00996835443037975,2.1364983145136245,145.53307613082725,40,0.011550632911392406,1.16537435142637,22.829677808259277,40
14.0,1.1,0.7,40,0.03639240506329113,6.394204421064366,2465.0215385378256,40,0.029746835443037974,5.8457971151200905,2551.698525914153,40
14.0,1.1,0.8,40,0.042879746835443024,6.052028920486058,2451.738486918016,40,0.02072784810126582,3.118979614826157,415.05895001931066,40
14.0,1.1,0.9,40,0.0444620253164557,6.09412833188009,2453.2951443598804,40,-0.01787974683544304,-2.491378110380548,-227.37757576626387,40
14.0,1.1,1.0,40,0.014345991561181434,1.0102220403123001,17.015650769575107,30,-0.056751054852320675,-4.953299426012127,-1631.95534211662,30
14.0,1.2,0.0,40,0.0,0.0,0.0,10,0.0,0.0,0.0,10
14.0,1.2,0.1,40,0.0,0.0,0.0,40,0.003955696202531648,5.3393606293098985,1974.5697848078462,40
14.0,1.2,0.2,40,0.005379746835443037,1.7968271472773285,65.02410470834538,40,0.007120253164556961,4.781022542899828,1439.956356599366,40
14.0,1.2,0.3,40,0.0036392405063291147,1.6067916796958115,64.47071001993113,40,0.010759493670886078,6.223500523249483,3041.0946156577575,40
14.0,1.2,0.4,40,0.004588607594936711,3.5801000071173057,619.0872853648283,40,0.017563291139240503,12.65805707061452,9429.400082672284,40
14.0,1.2,0.5,40,0.003955696202531646,0.45939971410551655,1.6945002242771343,40,0.018037974683544306,1.5212869202784067,50.06969760133659,40
14.0,1.2,0.6,40,0.03180379746835443,6.819665439961706,3404.5294834908327,40,0.02863924050632911,4.7868893654983795,1445.0208610070142,40
14.0,1.2,0.7,40,0.04651898734177216,5.678996791157576,2126.1229665055826,40,-0.012974683544303794,-1.80157034987007,-88.91602304681128,40
14.0,1.2,0.8,40,0.013765822784810134,1.4188571005914763,45.12182788756407,40,-0.045253164556962024,-4.502988591718933,-1248.1471807348235,40
14.0,1.2,0.9,40,-0.019145569620253166,-1.790049507866479,-59.88179663789574,40,-0.07784810126582278,-7.222489410474302,-4489.827757684577,40
14.0,1.2,1.0,40,-0.049156118143459916,-3.685626555618414,-417.6733479556623,30,-0.10464135021097046,-7.228436410861176,-4499.138654455991,30
14.0,1.3,0.0,40,0.0,0.0,0.0,10,0.0,0.0,0.0,10
14.0,1.3,0.1,40,0.0,0.0,0.0,40,0.004746835443037977,5.866154166562825,2576.7827593700795,40
14.0,1.3,0.2,40,-0.005379746835443038,-0.6897465367207896,-0.3119007170310802,40,-0.0012658227848101234,-0.12756854050509955,-0.0018522030501474979,40
14.0,1.3,0.3,40,0.0056962025316455705,2.0888417049906605,136.5214243571913,40,0.016139240506329117,8.454954637851014,6694.417649182051,40
14.0,1.3,0.4,40,0.014873417721518983,4.634510073356714,1249.866052122672,40,0.03306962025316456,12.975072454065902,9481.532970850962,40
14.0,1.3,0.5,40,0.028164556962025335,5.0446478437582165,1565.1992029165435,40,0.02658227848101265,4.389213121166338,1125.0852529376157,40
14.0,1.3,0.6,40,0.03560126582278482,4.138900005326146,921.0818735814491,40,-0.015189873417721522,-1.5812796197937504,-60.7778622424765,40
14.0,1.3,0.7,40,-0.001898734177215193,-0.22311470822225726,-0.14494883331414993,40,-0.0574367088607595,-6.874202144948025,-3959.7449603352866,40
14.0,1.3,0.8,40,-0.0509493670886076,-3.8040568375423303,-453.75154928018554,40,-0.10348101265822787,-6.965536771602755,-4096.01280077052,40
14.0,1.3,0.9,40,-0.06455696202531644,-4.407099550361355,-664.1335952722175,40,-0.11550632911392407,-7.689400807573786,-5239.427632522267,40
14.0,1.3,1.0,40,-0.09852320675105485,-5.7129481588240365,-1229.8580554263267,30,-0.15042194092827005,-7.597614119857031,-5088.618198574224,30
14.0,1.4,0.0,40,0.0,0.0,0.0,10,0.0,0.0,0.0,10
14.0,1.4,0.1,40,0.00015822784810126583,1.0000000000000002,16.528236616115763,40,0.005063291139240508,6.149648918286463,2941.7577176802447,40
14.0,1.4,0.2,40,-0.01661392405063291,-1.2595776278584199,-0.9899490801175572,40,-0.011075949367088606,-0.6517949073958691,-0.10217337188791813,40
14.0,1.4,0.3,40,0.006329113924050634,4.031128874149275,857.4767989144827,40,0.017563291139240503,4.419738312558105,1147.8877648640923,40
14.0,1.4,0.4,40,0.03401898734177215,6.402769085430278,2497.475670459512,40,0.0319620253164557,4.958814241305081,1598.6856231490156,40
14.0,1.4,0.5,40,0.044303797468354424,6.545802749265134,2503.4813838430086,40,-0.005221518987341771,-1.1479140019183998,-23.739726969640685,40
14.0,1.4,0.6,40,0.00015822784810126423,0.012203431467814895,7.279186438331098e-05,40,-0.060601265822784835,-4.756434981251679,-1456.592034772755,40
14.0,1.4,0.7,40,-0.05458860759493671,-4.328003501507501,-634.1601760470377,40,-0.10901898734177218,-8.52618903990124,-6677.0777168582745,40
14.0,1.4,0.8,40,-0.07294303797468354,-5.476019616015684,-1121.22216559987,40,-0.1278481012658228,-8.867911240685846,-7289.211011969766,40
14.0,1.4,0.9,40,-0.07563291139240506,-4.7982681949109764,-822.1120373752583,40,-0.1310126582278481,-7.588988202355034,-5074.543692781113,40
14.0,1.4,1.0,40,-0.0759493670886076,-4.435267930472072,-674.9703689311257,29,-0.13640331732867741,-6.821484635114309,-3882.1990536157505,29
14.0,1.5,0.0,40,0.0,0.0,0.0,10,0.0,0.0,0.0,10
14.0,1.5,0.1,40,0.002689873417721519,1.0000000000000002,16.528236616115763,40,0.00617088607594937,6.015994544543371,2766.119575501493,40
14.0,1.5,0.2,40,-0.008227848101265827,-0.9436923918103627,-0.6011681723913797,40,0.0026898734177215186,0.23584587299073528,0.20950585222334883,40
14.0,1.5,0.3,40,0.016930379746835443,6.282978592851627,2760.1689788660083,40,0.03259493670886075,8.945039430860435,4109.253004474838,40
14.0,1.5,0.4,40,0.03465189873417722,3.2504384331387426,473.827780044806,40,-0.007436708860759496,-0.6996565946386331,-5.553173020932652,40
14.0,1.5,0.5,40,-0.02183544303797468,-2.5909746094760626,-166.38791720407062,40,-0.07958860759493672,-7.340794582434237,-4676.177442414801,40
14.0,1.5,0.6,40,-0.039398734177215185,-4.445429131014996,-678.8930464620396,40,-0.08908227848101269,-8.793380228943803,-7158.508961662207,40
14.0,1.5,0.7,40,-0.0757911392405063,-5.806550077122417,-1272.4819032782102,40,-0.12737341772151897,-9.35186109794881,-8139.782089572745,40
14.0,1.5,0.8,40,-0.08465189873417721,-6.981586468321799,-1656.55504249269,40,-0.13101265822784813,-10.16248622734584,-9495.834052411743,40
14.0,1.5,0.9,40,-0.05981012658227847,-5.263817116867733,-1025.3202775294983,40,-0.10474683544303798,-8.327276289674973,-6324.078282045165,40
14.0,1.5,1.0,40,-0.04386730685290266,-3.1594134369476623,-278.4372413998275,29,-0.09755565255347011,-7.368648303047878,-4720.40246143028,29
14.0,1.6,0.0,40,0.0,0.0,0.0,10,0.0,0.0,0.0,10
14.0,1.6,0.1,40,0.004905063291139241,1.1081762740997207,22.173140000064134,40,0.007436708860759496,7.985506856996521,4346.31641064886,40
14.0,1.6,0.2,40,0.009651898734177213,3.0423064519766925,394.1809744216892,40,0.02610759493670886,6.786309844181606,3530.8943120156437,40
14.0,1.6,0.3,40,0.036392405063291146,7.043976477644189,3119.1132113150056,40,0.02325949367088607,4.712355284177216,1381.2936374966653,40
14.0,1.6,0.4,40,-0.01218354430379747,-0.7761226835811516,-5.295563211061009,40,-0.07025316455696205,-3.984009625329934,-880.7058504122815,40
14.0,1.6,0.5,40,-0.08085443037974684,-5.4305393674136315,-1100.6344144088805,40,-0.1333860759493671,-8.350397594580238,-6364.633945636402,40
14.0,1.6,0.6,40,-0.05411392405063291,-5.056684449776396,-933.3600572280011,40,-0.10221518987341774,-8.265902846727556,-6216.729908584271,40
14.0,1.6,0.7,40,-0.08243670886075948,-6.289198867569632,-1492.266897642552,40,-0.13227848101265824,-9.097324852473617,-7689.823418596396,40
14.0,1.6,0.8,40,-0.0670886075949367,-5.90809005673813,-1319.0218398574448,40,-0.11534810126582282,-8.69668309545975,-6983.326919756164,40
14.0,1.6,0.9,40,-0.03417721518987342,-3.447408801227959,-350.182387987378,40,-0.07167721518987342,-6.946167857856592,-4066.962339382022,40
14.0,1.6,1.0,40,-0.018114360541248365,-1.9476532029642026,-76.05586783902953,29,-0.05281536446966391,-6.317993346158511,-3175.806986827051,29
14.0,1.7,0.0,40,0.0,0.0,0.0,10,0.0,0.0,0.0,10
14.0,1.7,0.1,40,0.0028481012658227852,1.71105547641609,77.20733561955421,40,0.010443037974683544,6.022375017712778,2774.343830474432,40
14.0,1.7,0.2,40,0.010759493670886074,1.3316475077733945,37.57656747842098,40,0.030379746835443033,2.797587523176022,301.97725194637604,40
14.0,1.7,0.3,40,0.036867088607594946,4.9300545523948465,1473.5559958330107,40,-0.01566455696202532,-2.969120813619295,-377.8522946811866,40
14.0,1.7,0.4,40,-0.07547468354430378,-4.26269875243815,-609.9483705452435,40,-0.1322784810126582,-6.788738949001713,-3834.3901654902857,40
14.0,1.7,0.5,40,-0.09541139240506327,-7.011785917273375,-1749.5089055000617,40,-0.1522151898734177,-9.539185862683508,-8475.040347189237,40
14.0,1.7,0.6,40,-0.04920886075949367,-4.731166759165407,-793.9440154780935,40,-0.09446202531645569,-7.750565719843808,-5340.7192922622235,40
14.0,1.7,0.7,40,-0.04509493670886076,-4.800615161919434,-823.1005312966142,40,-0.09462025316455694,-8.380925495781316,-6418.381381584887,40
14.0,1.7,0.8,40,-0.04367088607594937,-4.19940568091979,-586.9725293803962,40,-0.08338607594936709,-6.465468401255523,-3375.8075584726516,40
14.0,1.7,0.9,40,-0.007278481012658228,-1.9974359894154374,-81.63639306132428,40,-0.0264240506329114,-5.084606603394537,-1755.5330851705965,40
14.0,1.7,1.0,40,-0.008293321693583587,-1.4711295816522096,-34.142349750163056,29,-0.01658664338716717,-2.714533040880995,-291.46178406344103,29
14.0,1.8,0.0,40,0.0,0.0,0.0,10,0.0,0.0,0.0,10
14.0,1.8,0.1,40,0.0011075949367088608,0.4356061930647928,1.4554039167851465,40,0.008702531645569622,1.9428319702510717,103.24328441122665,40
14.0,1.8,0.2,40,0.039240506329113925,4.479552437631886,1140.4663531941494,40,0.025158227848101268,2.8395759461127037,315.42936745293497,40
14.0,1.8,0.3,40,-0.009018987341772153,-1.3164846422462488,-24.772947551322112,40,-0.0620253164556962,-8.581638209172317,-6776.388285760034,40
14.0,1.8,0.4,40,-0.08876582278481013,-5.974373049994988,-1349.8155306807403,40,-0.15553797468354433,-9.616480454645426,-8612.902003432722,40
14.0,1.8,0.5,40,-0.08955696202531646,-6.466728115421072,-1562.301479183824,40,-0.1417721518987342,-9.238208605226335,-7938.350648926682,40
14.0,1.8,0.6,40,-0.03528481012658227,-4.237828576487974,-600.8604787640039,40,-0.07041139240506329,-7.042956103466703,-4212.999512647324,40
14.0,1.8,0.7,40,-0.030854430379746833,-3.7163390299860213,-426.857811289725,40,-0.061392405063291154,-6.1566423827595536,-2963.7299644036107,40
14.0,1.8,0.8,40,-0.02072784810126582,-3.233828655904096,-295.9872544432621,40,-0.03655063291139241,-4.5573521673262976,-1291.15248597616,40
14.0,1.8,0.9,40,-0.0047468354430379766,-2.780517493748179,-199.57407229034726,40,-0.007278481012658228,-3.7450170836956143,-737.8633708751136,40
14.0,1.8,1.0,40,-0.0028371890004364906,-1.2339053944782483,-20.53797208022455,29,-0.006547359231776517,-2.9935920183150353,-386.9381971015519,29
14.0,1.9,0.0,40,0.0,0.0,0.0,10,0.0,0.0,0.0,10
14.0,1.9,0.1,40,-0.003164556962025315,-0.559915014221913,-0.06032083839292522,40,0.008702531645569618,1.1330499395503226,21.046053816550817,40
14.0,1.9,0.2,40,0.043512658227848104,5.852966415946218,1545.020027778067,40,-0.0125,-1.4398829726692206,-46.208697581082596,40
14.0,1.9,0.3,40,-0.052056962025316456,-5.541279026124599,-1150.920527228977,40,-0.11028481012658231,-11.17375901791814,-11086.602477346352,40
14.0,1.9,0.4,40,-0.08750000000000001,-7.552121969736307,-1818.1336501942878,40,-0.14382911392405062,-11.29574194138827,-11275.309969420947,40
14.0,1.9,0.5,40,-0.06724683544303797,-6.519497411760042,-1582.4853465751332,40,-0.1066455696202532,-8.926063275690254,-7390.56125945509,40
14.0,1.9,0.6,40,-0.018037974683544306,-2.973506630037667,-237.61355020198263,40,-0.04556962025316456,-5.903551649846013,-2647.0479236249334,40
14.0,1.9,0.7,40,-0.005063291139240505,-2.3395906074624078,-126.92999066595614,40,-0.011392405063291141,-3.9594721055765376,-865.357144863354,40
14.0,1.9,0.8,40,-0.0007911392405063292,-0.6251252379533662,-2.80822636747295,40,-0.004113924050632913,-3.458596171471019,-587.082577174086,40
14.0,1.9,0.9,40,-0.0063291139240506345,-3.2036163775859405,-206.27271810617424,40,-0.00791139240506329,-3.8611211947741197,-805.3593859602117,40
14.0,1.9,1.0,40,-0.0037101702313400253,-2.0402331828321034,-86.62131365563363,29,-0.007420340462680053,-4.626813958590447,-822.1214132242399,29
14.0,2.0,0.0,40,0.0,0.0,0.0,10,0.0,0.0,0.0,10
14.0,2.0,0.1,40,0.005537974683544306,1.7766796795836317,86.02486924959781,40,0.01677215189873417,4.895562083357791,1541.054896414408,40
14.0,2.0,0.2,40,0.020569620253164552,1.7723611202349379,85.42677100232594,40,-0.050316455696202536,-4.797442361146712,-1492.151632556195,40
14.0,2.0,0.3,40,-0.08354430379746834,-7.157086040911826,-1791.8147070161704,40,-0.14018987341772152,-11.472483347349721,-11549.431937087445,40
14.0,2.0,0.4,40,-0.07294303797468353,-7.361150737756349,-1807.486772180954,40,-0.12515822784810127,-11.611028719869527,-11567.916005842586,40
14.0,2.0,0.5,40,-0.033069620253164574,-3.0371751125419904,-251.1208800857719,40,-0.07056962025316456,-6.332054346008525,-3194.6336431628656,40
14.0,2.0,0.6,40,-0.003164556962025316,-0.8867301295099003,-7.819201132673112,40,-0.012183544303797467,-3.5731546504507428,-644.7684267488797,40
14.0,2.0,0.7,40,-0.0030063291139240506,-1.6715282669971543,-49.24832973624872,40,-0.0056962025316455705,-2.745793050275337,-301.2784846563546,40
14.0,2.0,0.8,40,-0.0023754333628960736,-2.8311035923576133,-200.37299670746836,40,-0.004432395388212531,-4.71377325735618,-833.5064435585443,40
14.0,2.0,0.9,40,-0.007911392405063292,-4.442616583193193,-227.3783596200803,40,-0.009651898734177216,-5.165383954313283,-844.5544119715969,40
14.0,2.0,1.0,40,-0.0032736796158882578,-1.5964158885830437,-43.176920192842864,29,-0.008293321693583587,-3.9313683994704354,-808.9093810784559,29
15.0,1.1,0.0,40,,0.0,0.0,0,,0.0,0.0,0
15.0,1.1,0.1,40,0.0,0.0,0.0,40,0.005379746835443041,7.308697668625683,4613.070587220946,40
15.0,1.1,0.2,40,0.0,0.0,0.0,40,0.008227848101265822,8.5104977192037,6806.324763950123,40
15.0,1.1,0.3,40,0.00015822784810126583,1.0000000000000002,16.528236616115763,40,0.010917721518987341,10.274210858016025,8554.856457519796,40
15.0,1.1,0.4,40,0.005221518987341772,1.7677487432210888,84.79091705825402,40,0.014715189873417722,10.915542310623204,8951.17353970789,40
15.0,1.1,0.5,40,0.012499999999999997,1.8814583938242677,101.29180551650461,40,0.020253164556962026,11.33188314282763,9193.26725556101,40
15.0,1.1,0.6,40,0.01313291139240506,6.811356531053653,3393.969819617433,40,0.0314873417721519,12.354255590235002,9336.99384238572,40
15.0,1.1,0.7,40,0.030221518987341774,5.997123858794261,2448.2827597525866,40,0.03496835443037975,8.356229406193057,6497.9598957713915,40
15.0,1.1,0.8,40,0.03639240506329114,4.705424251404447,1301.657081154557,40,0.02341772151898734,2.775467065007696,295.0626958990343,40
15.0,1.1,0.9,40,0.04335443037974683,4.750865118422012,1335.417855462383,40,-0.0120253164556962,-1.3812972567109543,-40.91587536540215,40
15.0,1.1,1.0,40,0.039240506329113925,3.2476325910886454,472.69767466276437,30,-0.03713080168776372,-3.839248198042796,-792.3629197497843,30
15.0,1.2,0.0,40,0.0,0.0,0.0,10,0.0,0.0,0.0,10
15.0,1.2,0.1,40,0.0,0.0,0.0,40,0.0061708860759493705,8.03413555143051,5792.603058597545,40
15.0,1.2,0.2,40,0.0006329113924050633,1.0000000000000002,16.528236616115763,40,0.01107594936708861,5.852120284816178,2559.464460040465,40
15.0,1.2,0.3,40,0.0012658227848101266,1.537412229571615,56.81479491705835,40,0.01329113924050633,11.329198836133859,9191.846037330537,40
15.0,1.2,0.4,40,0.006012658227848104,5.940177967511941,673.7793296278162,40,0.023259493670886075,11.239685723015173,9142.1496984775,40
15.0,1.2,0.5,40,0.012341772151898734,2.350255021993333,190.660340767761,40,0.029746835443037984,5.331349983136747,1966.1694816899285,40
15.0,1.2,0.6,40,0.04303797468354431,7.784392988123635,3481.158790044901,40,0.040981012658227865,11.108984995046619,9065.477514648179,40
15.0,1.2,0.7,40,0.03639240506329114,4.326432538297307,1038.2285439192872,40,-0.005696202531645566,-0.5538310289449265,-2.7995574822902882,40
15.0,1.2,0.8,40,0.01139240506329114,0.90418282656271,12.299131813510254,40,-0.0536392405063291,-3.878670623881164,-815.8550145661397,40
15.0,1.2,0.9,40,-0.030063291139240507,-1.996811391924457,-81.56507690512764,40,-0.09636075949367087,-6.38820500710895,-3270.342095457638,40
15.0,1.2,1.0,40,-0.049367088607594936,-4.102586188210648,-552.6557744419582,30,-0.10949367088607596,-9.082733922560518,-7664.243403933141,30
15.0,1.3,0.0,40,0.0,0.0,0.0,10,0.0,0.0,0.0,10
15.0,1.3,0.1,40,0.0,0.0,0.0,40,0.006962025316455699,7.985628984010607,5787.206387398617,40
15.0,1.3,0.2,40,-0.0009493670886075948,-0.7232564213117667,-0.3496909094465644,40,0.007753164556962029,2.341516186200117,179.29729862598901,40
15.0,1.3,0.3,40,0.0049050632911392415,2.443142259341213,212.72086239711408,40,0.018512658227848103,11.743744109267388,9355.176059955611,40
15.0,1.3,0.4,40,0.01471518987341772,3.140937904299097,430.8388051833166,40,0.031012658227848107,5.360264290288003,1996.5722306104408,40
15.0,1.3,0.5,40,0.04810126582278482,9.834700790097422,5270.98156805076,40,0.04572784810126581,9.680471473518,3135.112809765144,40
15.0,1.3,0.6,40,0.043829113924050644,4.1155647512799,907.1151183775587,40,-0.02563291139240506,-2.1898455316445267,-156.4848676774511,40
15.0,1.3,0.7,40,-0.007120253164556965,-0.579938444242092,-2.2532060374041705,40,-0.07563291139240508,-5.962638427989213,-2719.389733357627,40
15.0,1.3,0.8,40,-0.08338607594936709,-5.815823700520662,-1276.6986752684286,40,-0.14715189873417722,-8.755063590923612,-7089.001344065558,40
15.0,1.3,0.9,40,-0.1009493670886076,-5.292240766877163,-1037.945397730774,40,-0.16265822784810124,-7.855683942341347,-5515.966849400188,40
15.0,1.3,1.0,40,-0.11872544740288082,-6.825452461181963,-1525.9267639820414,29,-0.1780881711043212,-9.209825013599998,-7888.317475774354,29
15.0,1.4,0.0,40,0.0,0.0,0.0,10,0.0,0.0,0.0,10
15.0,1.4,0.1,40,0.0007911392405063292,1.9553847221876066,19.000969604500977,40,0.008544303797468355,8.317161924704353,6420.949317007389,40
15.0,1.4,0.2,40,-0.009177215189873415,-0.7742143656094267,-0.4075487202526604,40,-0.004905063291139237,-0.2834388187206156,-0.013618396852656398,40
15.0,1.4,0.3,40,0.009651898734177215,3.693275746697108,674.5121475110606,40,0.02658227848101266,5.791602724293249,2485.590911762629,40
15.0,1.4,0.4,40,0.03512658227848102,5.473519108820952,1932.3548726482236,40,0.02753164556962026,3.450678782316749,557.4250750832928,40
15.0,1.4,0.5,40,0.05870253164556962,6.0241285677552625,2476.7538207439284,40,-0.014082278481012655,-1.7693344773527748,-84.35161349315423,40
15.0,1.4,0.6,40,-0.018196202531645566,-1.5798184633987198,-41.89920906671648,40,-0.09256329113924049,-7.506662511165161,-4941.026941171749,40
15.0,1.4,0.7,40,-0.07041139240506328,-5.504421167232454,-1134.1127799526569,40,-0.1349683544303797,-11.157337846505621,-11061.105088072052,40
15.0,1.4,0.8,40,-0.10031645569620255,-6.52566079303355,-1584.8181684043998,40,-0.15806962025316457,-9.809081190973949,-8943.310875478155,40
15.0,1.4,0.9,40,-0.11123417721518987,-6.297577419009633,-1495.688022333434,40,-0.17468354430379748,-9.691670823644605,-8746.464955184707,40
15.0,1.4,1.0,40,-0.09537319947621127,-6.324373177938809,-1498.0780549761364,29,-0.14709733740724573,-8.943726291420791,-7421.436496185981,29
15.0,1.5,0.0,40,0.0,0.0,0.0,10,0.0,0.0,0.0,10
15.0,1.5,0.1,40,0.0023734177215189874,1.4710523674626639,17.563665174821352,40,0.010126582278481015,9.159648446521604,7589.152213491143,40
15.0,1.5,0.2,40,-0.01329113924050633,-0.8433977355142015,-0.4866645771728527,40,-0.004430379746835443,-0.2174202334380977,-0.007053585744634811,40
15.0,1.5,0.3,40,0.018512658227848103,6.352165877636665,2838.9284385987194,40,0.03908227848101266,6.898955515561543,3979.879445911156,40
15.0,1.5,0.4,40,0.052056962025316456,4.7250515728117435,1316.1641306241575,40,-0.005854430379746834,-0.6096912124021792,-3.6982650247495332,40
15.0,1.5,0.5,40,-0.014873417721518987,-1.5248607803499337,-37.851097912505566,40,-0.09968354430379746,-9.105434906212889,-7704.055359343515,40
15.0,1.5,0.6,40,-0.08132911392405065,-5.829839630925542,-1283.0782614321572,40,-0.1457278481012658,-10.953643101447216,-10738.485195917992,40
15.0,1.5,0.7,40,-0.0837025316455696,-8.682907778438093,-2032.389068276493,40,-0.1417721518987342,-12.73604713212558,-12552.95230966917,40
15.0,1.5,0.8,40,-0.07151898734177213,-6.679734377758238,-1642.4188663521961,40,-0.1284810126582278,-10.34894003152446,-9787.914383222913,40
15.0,1.5,0.9,40,-0.06835443037974684,-4.759522573403422,-805.7927309148693,40,-0.12579113924050633,-9.561530328847752,-8514.933062802671,40
15.0,1.5,1.0,40,-0.06307289393278044,-5.738343271154689,-1241.4081348274603,29,-0.11261457878655608,-9.449897384969832,-8314.81928976613,29
15.0,1.6,0.0,40,0.0,0.0,0.0,10,0.0,0.0,0.0,10
15.0,1.6,0.1,40,0.0011075949367088606,0.8047217485013145,8.699599268448791,40,0.008386075949367092,2.7784441609405675,295.9845754840477,40
15.0,1.6,0.2,40,-0.006487341772151901,-0.5527163520063765,-0.17938902659888575,40,0.006645569620253168,0.42117010245345293,1.1856797958265581,40
15.0,1.6,0.3,40,0.038607594936708865,6.632404125213235,3099.808566191025,40,0.035443037974683546,5.211000797090942,1842.5274099780443,40
15.0,1.6,0.4,40,0.0012658227848101277,0.11347042117083518,0.027156139306812856,40,-0.07373417721518988,-7.657173134197645,-5186.299288525953,40
15.0,1.6,0.5,40,-0.08465189873417722,-6.555726812907125,-1596.1588319685857,40,-0.15933544303797464,-10.631216840265937,-10229.799616356677,40
15.0,1.6,0.6,40,-0.104746835443038,-9.052717096933305,-2019.5934892532541,40,-0.16392405063291138,-13.626740421341086,-12456.355028168085,40
15.0,1.6,0.7,40,-0.08623417721518989,-7.139570430379028,-1786.9907060223852,40,-0.13496835443037974,-10.042139111180045,-9307.438633074617,40
15.0,1.6,0.8,40,-0.062025316455696186,-6.303687300596741,-1498.115873816291,40,-0.10680379746835444,-9.330821764058143,-8102.38821345522,40
15.0,1.6,0.9,40,-0.030854430379746833,-2.8556454911259346,-213.85512504898304,40,-0.07515822784810128,-6.722083543717416,-3737.921727227393,40
15.0,1.6,1.0,40,-0.03208206023570494,-3.9728693306503664,-508.3412084505601,29,-0.053251855085115665,-5.522175356113442,-2206.115844192782,29
15.0,1.7,0.0,40,0.0,0.0,0.0,10,0.0,0.0,0.0,10
15.0,1.7,0.1,40,0.0014240506329113924,1.9404114673681156,110.63754471524054,40,0.011075949367088611,7.000000000000004,4130.817916272675,40
15.0,1.7,0.2,40,0.0125,3.115331648405448,421.150262858675,40,0.035443037974683546,5.878683096385224,2592.2588632893544,40
15.0,1.7,0.3,40,0.053006329113924056,6.556487351922077,3079.316437997783,40,-0.013765822784810127,-1.4882768551377967,-50.90426064481865,40
15.0,1.7,0.4,40,-0.06693037974683544,-6.288339743723639,-1491.9088771233414,40,-0.1283227848101266,-10.480742394618247,-9993.72185784748,40
15.0,1.7,0.5,40,-0.10854430379746838,-8.881230847542925,-2067.6636061797954,40,-0.17943037974683546,-12.585983536940871,-12353.721642633256,40
15.0,1.7,0.6,40,-0.07832278481012657,-7.667681319653412,-1914.1970017933845,40,-0.13528481012658225,-11.417709557657197,-11464.664571769072,40
15.0,1.7,0.7,40,-0.05316455696202532,-4.511690561995444,-704.7194990283256,40,-0.10063291139240509,-7.9097926712903455,-5606.64778365016,40
15.0,1.7,0.8,40,-0.02088607594936709,-2.5317483034017907,-156.87822547412497,40,-0.05237341772151899,-5.299214200863136,-1969.2522912905745,40
15.0,1.7,0.9,40,-0.011234177215189874,-2.079147013912115,-91.31132661352332,40,-0.0254746835443038,-3.752312341576225,-741.9861150067501,40
15.0,1.7,1.0,40,-0.0008729812309035357,-0.4586160033161213,-1.134550693494699,29,-0.00720209515495417,-3.251586617942168,-491.3141940760201,29
15.0,1.8,0.0,40,0.0,0.0,0.0,10,0.0,0.0,0.0,10
15.0,1.8,0.1,40,0.003955696202531648,3.3788847015987256,527.5600460786125,40,0.014715189873417722,8.724978733098805,7248.690042738177,40
15.0,1.8,0.2,40,0.037025316455696206,8.163469967934201,1697.9049873177148,40,0.039240506329113925,7.302870007893323,4603.686595617807,40
15.0,1.8,0.3,40,-0.016455696202531643,-1.300667179925881,-23.92367945458043,40,-0.09620253164556959,-6.547103482260009,-3489.06090796836,40
15.0,1.8,0.4,40,-0.09620253164556962,-8.233738359360288,-1982.3760269243287,40,-0.14794303797468356,-11.032151773287625,-10862.980183043614,40
15.0,1.8,0.5,40,-0.08702531645569621,-7.990381434931679,-1966.235758724753,40,-0.15031645569620256,-11.552285353266434,-11672.668564115365,40
15.0,1.8,0.6,40,-0.06439873417721519,-6.167628822687027,-1439.4517709842182,40,-0.11044303797468355,-8.556687213405967,-6731.654264882009,40
15.0,1.8,0.7,40,-0.026107594936708854,-3.26871967318808,-304.4287163509597,40,-0.052848101265822775,-5.57533024970985,-2264.8218657915186,40
15.0,1.8,0.8,40,-0.0063291139240506345,-0.9729347057986851,-10.267877222709298,40,-0.017405063291139236,-1.9656040162042034,-114.51218809108431,40
15.0,1.8,0.9,40,-0.0017405063291139242,-0.9115679646918872,-8.48421257891806,40,-0.006012658227848104,-3.1064063014461203,-430.59328547531123,40
15.0,1.8,1.0,40,-0.005456132693147098,-1.9098044569475099,-60.678608067080866,29,-0.008729812309035356,-3.0249507099101005,-398.75904507056737,29
15.0,1.9,0.0,40,0.0,0.0,0.0,10,0.0,0.0,0.0,10
15.0,1.9,0.1,40,0.012183544303797467,2.82028529585431,318.770413711469,40,0.018037974683544296,8.708010303567496,7213.128694340377,40
15.0,1.9,0.2,40,0.046518987341772164,7.805897560760508,1675.022773720237,40,0.0030063291139240506,0.3917072126997954,0.9752510544208368,40
15.0,1.9,0.3,40,-0.09636075949367087,-7.1817517888112175,-1798.034931537006,40,-0.17009493670886075,-10.489453009572184,-10007.404286733912,40
15.0,1.9,0.4,40,-0.10268987341772151,-6.584907209599894,-1607.1638169494527,40,-0.15284810126582277,-9.273743358913093,-8001.126819353694,40
15.0,1.9,0.5,40,-0.06439873417721519,-5.791134120491784,-1265.4698932979431,40,-0.11914556962025317,-9.156515233211449,-7794.130907684375,40
15.0,1.9,0.6,40,-0.03401898734177215,-5.953932875393522,-1340.3310238939803,40,-0.05727848101265824,-7.345632545704688,-4683.832883026997,40
15.0,1.9,0.7,40,-0.007436708860759496,-1.8405534862587312,-64.80756474192455,40,-0.01471518987341772,-3.4838798183565043,-599.5114373938002,40
15.0,1.9,0.8,40,-0.004746835443037976,-1.3175374926393506,-24.82989866797241,40,-0.008860759493670881,-1.7489492643904119,-81.56115974771477,40
15.0,1.9,0.9,40,-0.0030063291139240506,-1.7272727272727273,-54.087739185981995,40,-0.005854430379746837,-4.539419522633937,-1276.8789286796002,40
15.0,1.9,1.0,40,-0.005456132693147098,-1.7942349014358565,-60.28036142809249,29,-0.008729812309035356,-2.815884148863907,-324.13173599938114,29
15.0,2.0,0.0,40,0.0,0.0,0.0,10,0.0,0.0,0.0,10
15.0,2.0,0.1,40,0.018670886075949366,3.344204750356568,323.7740319283733,40,0.022943037974683538,6.485428653267235,3400.3017031418767,40
15.0,2.0,0.2,40,0.015189873417721522,1.5808397767711964,61.529527718314924,40,-0.05537974683544304,-5.760355188844956,-2476.173783445986,40
15.0,2.0,0.3,40,-0.14098101265822788,-8.81381026646343,-1985.3817136558164,40,-0.20933544303797472,-11.70279574005643,-11904.495831104288,40
15.0,2.0,0.4,40,-0.07341772151898736,-5.233640337191726,-1011.851871846317,40,-0.12547468354430383,-8.755700633039066,-7090.154975423929,40
15.0,2.0,0.5,40,-0.02911392405063291,-3.148647910087932,-275.9597553326468,40,-0.0685126582278481,-6.279557328972722,-3124.513434299946,40
15.0,2.0,0.6,40,-0.0028481012658227852,-1.963961012123932,-77.85780015259928,40,-0.008386075949367088,-4.379777952313811,-1153.62930488935,40
15.0,2.0,0.7,40,-0.005379746835443039,-2.299796983674689,-79.39390581667712,40,-0.008860759493670883,-3.445223536636093,-580.5768516443284,40
15.0,2.0,0.8,40,-0.005221518987341774,-1.934323827294632,-74.60100078149384,40,-0.007753164556962025,-3.042002632771431,-405.28349851263584,40
15.0,2.0,0.9,40,-0.004430379746835444,-2.0816659994661335,-91.61968035340809,40,-0.00727848101265823,-3.7707386571698933,-752.4777654898382,40
15.0,2.0,1.0,40,-0.005674378000872982,-2.6254399971131264,-94.65816074890765,29,-0.00829332169358359,-3.589518059297685,-653.2631051847836,29
16.0,1.1,0.0,40,,0.0,0.0,0,,0.0,0.0,0
16.0,1.1,0.1,40,0.0,0.0,0.0,40,0.004905063291139244,8.49787460676904,5832.482056136813,40
16.0,1.1,0.2,40,0.0004746835443037975,1.3556165885229268,39.56179492022008,40,0.0063291139240506345,6.982120021884474,4103.932956004008,40
16.0,1.1,0.3,40,0.00031645569620253165,1.4327007988227585,46.398924540531695,40,0.011867088607594934,11.654866507716573,9327.913558459717,40
16.0,1.1,0.4,40,0.0018987341772151902,2.3061183443574227,180.70268410856647,40,0.014398734177215192,10.898559311749311,8941.05800384471,40
16.0,1.1,0.5,40,0.00537974683544304,3.9814972906063244,829.0749491281291,40,0.02310126582278481,14.941022616294475,10096.085519654041,40
16.0,1.1,0.6,40,0.007436708860759494,0.9334599688398995,13.502743058025786,40,0.016930379746835443,1.6316811897420207,61.53177608926161,40
16.0,1.1,0.7,40,0.03370253164556962,4.78895909099814,1364.172562398854,40,0.028639240506329117,3.2203812325431698,455.6136875049091,40
16.0,1.1,0.8,40,0.05506329113924052,10.052770724871493,5172.953021667073,40,0.03718354430379746,6.039094546480117,2795.970945463611,40
16.0,1.1,0.9,40,0.05886075949367089,6.046562230390348,2500.5279484098683,40,-0.019462025316455696,-2.2620491950587263,-171.88492231123377,40
16.0,1.1,1.0,40,0.06645569620253164,3.962288471174128,818.2293541968744,30,-0.0550632911392405,-3.6531382129714682,-687.1290197206284,30
16.0,1.2,0.0,40,0.0,0.0,0.0,10,0.0,0.0,0.0,10
16.0,1.2,0.1,40,0.0,0.0,0.0,40,0.005063291139240509,8.326663997864538,5820.351011197992,40
16.0,1.2,0.2,40,0.0007911392405063292,1.9553847221876064,113.09661089724625,40,0.007753164556962027,7.95690726508435,5734.049609772645,40
16.0,1.2,0.3,40,0.000949367088607595,2.6234238965856176,260.06879995188433,40,0.015981012658227843,14.70831128583134,9940.597370570187,40
16.0,1.2,0.4,40,0.00680379746835443,3.528775070304905,594.8749114245026,40,0.020411392405063296,12.091479427537584,9454.101654246306,40
16.0,1.2,0.5,40,0.017405063291139236,6.821910402406463,3407.380491404299,40,0.0375,11.603086422539333,9310.73896527345,40
16.0,1.2,0.6,40,0.039715189873417725,7.419058516138592,3459.9956368538233,40,0.03955696202531646,5.7031588454691775,2379.8076887306443,40
16.0,1.2,0.7,40,0.06424050632911393,9.830354049676334,3641.0151635032107,40,-0.0036392405063291147,-0.4455837840672909,-1.4669314198563443,40
16.0,1.2,0.8,40,0.015981012658227847,1.1870899378236466,27.00955201927841,40,-0.08069620253164557,-5.262401988909123,-1931.5615324914006,40
16.0,1.2,0.9,40,-0.029746835443037974,-1.9519571355816712,-76.52898745790586,40,-0.12310126582278483,-7.837321592088713,-5485.3110065184965,40
16.0,1.2,1.0,40,-0.051898734177215196,-2.9337373726616045,-229.395562442838,30,-0.14894514767932485,-8.36884814029305,-6397.096553483737,30
16.0,1.3,0.0,40,0.0,0.0,0.0,10,0.0,0.0,0.0,10
16.0,1.3,0.1,40,0.0,0.0,0.0,40,0.005379746835443041,7.681827334963248,5239.965737491863,40
16.0,1.3,0.2,40,0.0009737098344693282,1.7795130420052194,86.41672911265736,39,0.009412528399870172,8.464910425998577,6714.383972985933,39
16.0,1.3,0.3,40,0.002373417721518988,2.7327797398222544,291.74714512739195,40,0.020727848101265822,12.22399230790569,9488.096763752588,40
16.0,1.3,0.4,40,0.023892405063291135,6.032086144904114,2485.168086870092,40,0.034651898734177226,12.612210865407906,9548.09897827514,40
16.0,1.3,0.5,40,0.052531645569620235,8.385363177834463,5150.116482137715,40,0.0329113924050633,6.124987748555692,2908.863939670914,40
16.0,1.3,0.6,40,0.06281645569620253,6.124515784978762,2584.508427544808,40,-0.030696202531645574,-3.3071302767417947,-515.8904054661189,40
16.0,1.3,0.7,40,-0.010443037974683548,-0.7856286427455528,-5.487503433867604,40,-0.10585443037974682,-8.191039004706893,-6086.903938544448,40
16.0,1.3,0.8,40,-0.08829113924050633,-4.992460592139121,-905.2314014298585,40,-0.16408227848101264,-8.753746616752029,-7086.614622422595,40
16.0,1.3,0.9,40,-0.09636075949367089,-6.144767054538565,-1428.7652892358237,40,-0.16867088607594935,-9.382026845176995,-8193.467438810878,40
16.0,1.3,1.0,40,-0.11261457878655605,-6.473378164628446,-1510.3119205482637,29,-0.18529026625927536,-10.33643378635972,-9153.20264175795,29
16.0,1.4,0.0,40,0.0,0.0,0.0,10,0.0,0.0,0.0,10
16.0,1.4,0.1,40,0.00015822784810126583,1.0000000000000004,16.528236616115773,40,0.007120253164556965,8.34155248124454,6468.985583029344,40
16.0,1.4,0.2,40,0.0041139240506329125,1.929151678818197,108.81231713877699,40,0.012025316455696202,10.064182519418688,8415.958442708941,40
16.0,1.4,0.3,40,0.006645569620253167,4.2797539566793406,1008.2214269819113,40,0.02895569620253165,11.433492566886525,9243.122350768428,40
16.0,1.4,0.4,40,0.042879746835443044,8.836755747069926,3910.4295472155413,40,0.042088607594936725,8.00305739553126,5819.514308140431,40
16.0,1.4,0.5,40,0.04066455696202532,4.036819457318371,860.7663203177747,40,-0.052373417721519,-4.468424510042821,-1221.1582455590426,40
16.0,1.4,0.6,40,-0.029746835443037974,-2.2557390434389735,-114.69016847778877,40,-0.1283227848101266,-9.661522814215349,-8693.00846794253,40
16.0,1.4,0.7,40,-0.07832278481012657,-7.896418843812359,-1949.2812797712581,40,-0.15696202531645573,-12.879079418751324,-12593.714259631664,40
16.0,1.4,0.8,40,-0.10110759493670884,-6.418045601365237,-1543.445475919688,40,-0.1718354430379747,-10.305665904241444,-9720.719449646116,40
16.0,1.4,0.9,40,-0.0917721518987342,-5.427073336523103,-1099.0641443018076,40,-0.15806962025316457,-8.29170660041369,-6261.7684946601685,40
16.0,1.4,1.0,40,-0.10890440855521606,-8.354128757485281,-1618.462736718257,29,-0.17285028371890002,-12.697857397378664,-9468.166566244834,29
16.0,1.5,0.0,40,0.0,0.0,0.0,10,0.0,0.0,0.0,10
16.0,1.5,0.1,40,0.00015822784810126583,1.0000000000000004,16.528236616115773,40,0.008386075949367088,8.87451459775657,7565.926156318806,40
16.0,1.5,0.2,40,0.004272151898734178,3.9842655357413737,830.6422221230805,40,0.014240506329113922,4.781022542899828,1439.956356599366,40
16.0,1.5,0.3,40,0.017405063291139243,6.020318897810681,2472.7278210093186,40,0.04193037974683546,17.055639789986717,10593.772824353311,40
16.0,1.5,0.4,40,0.060126582278481014,4.653314671783492,1263.494036556293,40,-0.0129746835443038,-0.9987819542062032,-15.801547475213594,40
16.0,1.5,0.5,40,-0.0545886075949367,-4.226873865561304,-596.8845821576566,40,-0.1446202531645569,-9.867631780810534,-9034.788762095941,40
16.0,1.5,0.6,40,-0.11202531645569622,-7.898283074398703,-1949.5138719004876,40,-0.1879746835443038,-11.635307750412725,-11800.412459504198,40
16.0,1.5,0.7,40,-0.10189873417721518,-8.748290771056045,-2037.3745917087192,40,-0.16835443037974687,-14.100511018421223,-12824.039134611678,40
16.0,1.5,0.8,40,-0.07832278481012658,-7.084880741977014,-1771.8031064594786,40,-0.14193037974683542,-12.983508295651102,-12618.448005938028,40
16.0,1.5,0.9,40,-0.06455696202531644,-5.526311375305388,-1144.0889296397268,40,-0.11819620253164557,-9.341411786720244,-8121.212251293196,40
16.0,1.5,1.0,40,-0.07573112178088176,-6.683058828809524,-1523.1763826660908,29,-0.1261457878655609,-9.833402421532012,-8981.23474325916,29
16.0,1.6,0.0,40,0.0,0.0,0.0,10,0.0,0.0,0.0,10
16.0,1.6,0.1,40,0.0004746835443037975,1.7782469350914571,86.24219619933199,40,0.009968354430379748,9.000000000000002,7752.188742504175,40
16.0,1.6,0.2,40,0.008386075949367088,3.048125564959134,396.28641163801143,40,0.025949367088607594,5.770232362172131,2459.8213609818963,40
16.0,1.6,0.3,40,0.05174050632911391,10.052117586130763,3587.0339220282135,40,0.03670886075949368,6.299540501204496,3145.3769330130544,40
16.0,1.6,0.4,40,-0.025632911392405068,-1.6541214569205676,-47.79397886476407,40,-0.11550632911392408,-7.0053277077377425,-4156.004950260123,40
16.0,1.6,0.5,40,-0.11487341772151898,-8.284801581937467,-2004.8936999705825,40,-0.191613924050633,-12.564085759944879,-12348.816074125354,40
16.0,1.6,0.6,40,-0.09920886075949367,-7.715573701160596,-1924.4678199532932,40,-0.16598101265822787,-11.877605610884526,-12170.730358820732,40
16.0,1.6,0.7,40,-0.0795886075949367,-8.1809903978233,-1981.388328763803,40,-0.14319620253164556,-12.233998201449317,-12334.899787422992,40
16.0,1.6,0.8,40,-0.059493670886075954,-6.432262003146959,-1549.0104067298662,40,-0.1096518987341772,-11.245321623126022,-11197.089200385828,40
16.0,1.6,0.9,40,-0.0379746835443038,-4.783835864091925,-816.0266869518307,40,-0.06613924050632913,-7.463919557668573,-4871.96840964892,40
16.0,1.6,1.0,40,-0.022042776080314273,-2.746983012609093,-193.39200385844612,29,-0.04823221300742035,-4.708755581926291,-1415.8154100227673,29
16.0,1.7,0.0,40,0.0,0.0,0.0,10,0.0,0.0,0.0,10
16.0,1.7,0.1,40,0.0014240506329113924,2.9663854936497955,367.30063679395624,40,0.012816455696202534,9.116171313051275,7823.511203310524,40
16.0,1.7,0.2,40,0.01629746835443038,4.999854991553227,1529.0238987278196,40,0.036392405063291146,7.263931847309209,4541.179800839102,40
16.0,1.7,0.3,40,0.05458860759493671,6.55191502630034,3073.8164658782084,40,-0.0240506329113924,-2.389160602460683,-201.37910858544296,40
16.0,1.7,0.4,40,-0.07341772151898734,-6.014112564171326,-1368.240747201139,40,-0.14762658227848102,-11.63384685265486,-11798.166145693876,40
16.0,1.7,0.5,40,-0.12784810126582274,-9.46963924315332,-2118.5966483383972,40,-0.19462025316455692,-13.83229724163696,-12571.90673736711,40
16.0,1.7,0.6,40,-0.06297468354430381,-5.684286700659907,-1216.638263878044,40,-0.12231012658227844,-10.988622884318206,-10794.336823741172,40
16.0,1.7,0.7,40,-0.04810126582278481,-5.082911603192373,-944.9324317095017,40,-0.10079113924050634,-10.101978551679942,-9401.055900328447,40
16.0,1.7,0.8,40,-0.013132911392405067,-2.669170838565368,-179.5553602543356,40,-0.03718354430379747,-6.51547876113067,-3445.012649815325,40
16.0,1.7,0.9,40,-0.005537974683544304,-2.6955815134804384,-184.16999405100248,40,-0.0115506329113924,-5.099817070338872,-1770.2135349212879,40
16.0,1.7,1.0,40,-0.0037101702313400266,-1.4166666666666667,-30.61623886697291,29,-0.007638585770405937,-2.3359302549309993,-188.67011861300088,29
16.0,1.8,0.0,40,0.0,0.0,0.0,10,0.0,0.0,0.0,10
16.0,1.8,0.1,40,0.0017405063291139242,3.4390504022437542,553.9822675159111,40,0.015189873417721517,9.404304593211013,7961.699008005112,40
16.0,1.8,0.2,40,0.03924050632911393,4.963157062953763,1499.756431790172,40,0.025791139240506335,2.340537410114402,179.07931711914097,40
16.0,1.8,0.3,40,-0.021202531645569622,-1.6724423683880878,-49.32503372465542,40,-0.11898734177215195,-9.783490498857063,-8903.427381457497,40
16.0,1.8,0.4,40,-0.0818037974683544,-7.456856723545531,-1868.935907172211,40,-0.15047468354430377,-13.215427443595853,-13317.208480406303,40
16.0,1.8,0.5,40,-0.08623417721518986,-8.251482312591609,-2000.9325588043093,40,-0.14113924050632914,-11.733925446725952,-11952.281660326898,40
16.0,1.8,0.6,40,-0.04731012658227847,-5.835198497003225,-1285.5195026137849,40,-0.08876582278481013,-9.059179990582992,-7622.995585132898,40
16.0,1.8,0.7,40,-0.025316455696202535,-3.761603363453619,-440.6031816555264,40,-0.04351265822784812,-5.517143929157831,-2200.609422206038,40
16.0,1.8,0.8,40,-0.0004746835443037975,-0.32172859570637047,-0.4056671717349139,40,-0.005221518987341775,-4.443508734601184,-1201.9573494826022,40
16.0,1.8,0.9,40,-0.0012658227848101266,-1.1354541815269819,-16.13324000854782,40,-0.003955696202531648,-4.150439544180112,-989.7089659109098,40
16.0,1.8,1.0,40,-0.006547359231776517,-1.6880134527170088,-50.64514935756644,29,-0.008075076385857706,-2.135687559484596,-145.53920532069205,29
16.0,1.9,0.0,40,0.0,0.0,0.0,10,0.0,0.0,0.0,10
16.0,1.9,0.1,40,0.0033227848101265835,2.933223806829352,355.9242807355347,40,0.016455696202531643,7.980047582583067,5776.860282482007,40
16.0,1.9,0.2,40,0.0389240506329114,3.3674901071230727,522.6583806395132,40,-0.028164556962025317,-2.130177171836509,-144.4584533322296,40
16.0,1.9,0.3,40,-0.08306962025316454,-6.206499185003602,-1457.179500016055,40,-0.1762658227848101,-12.878695468614469,-13202.267387696058,40
16.0,1.9,0.4,40,-0.09050632911392403,-9.476269557172229,-2040.7811055275736,40,-0.1488924050632911,-15.51197967790783,-13801.779969956344,40
16.0,1.9,0.5,40,-0.05332278481012659,-6.181585465007762,-1445.8214259489062,40,-0.09968354430379747,-9.617738631228775,-8615.140664782764,40
16.0,1.9,0.6,40,-0.01424050632911392,-2.7276259780646064,-189.88186026077256,40,-0.03196202531645571,-5.632772695564021,-2329.3560055063863,40
16.0,1.9,0.7,40,-0.005537974683544305,-1.8006333011014852,-60.89331706245734,40,-0.009810126582278478,-3.1083800114266866,-431.38164184999755,40
16.0,1.9,0.8,40,-0.001107594936708861,-1.0446895980949509,-12.655067633748764,40,-0.0037974683544303805,-4.5108564693366775,-1254.3240930931518,40
16.0,1.9,0.9,40,-0.000949367088607595,-0.8454984429955757,-6.802630493799162,40,-0.004272151898734179,-5.8491876692316636,-1798.404609273917,40
16.0,1.9,1.0,40,-0.007202095154954168,-1.2986548520599157,-23.81734632123409,29,-0.009821038847664776,-1.6746437515273596,-71.87600149847462,29
16.0,2.0,0.0,40,0.0,0.0,0.0,10,0.0,0.0,0.0,10
16.0,2.0,0.1,40,0.005854430379746831,0.8271807923336031,9.43824331056232,40,0.01360759493670886,1.3599363186553541,35.97297819797942,40
16.0,2.0,0.2,40,-0.017879746835443036,-1.4168463259271056,-30.6273667763045,40,-0.10664556962025314,-7.524415398488151,-4969.77343498343,40
16.0,2.0,0.3,40,-0.10854430379746835,-7.911190671457766,-1921.6479178446134,40,-0.1854430379746836,-14.112473836713468,-13491.648016732861,40
16.0,2.0,0.4,40,-0.06455696202531644,-7.855097373331887,-1916.707776942871,40,-0.11787974683544304,-13.265069837561764,-13332.311602209522,40
16.0,2.0,0.5,40,-0.011550632911392402,-2.7565670390029897,-195.14454235307556,40,-0.03876582278481013,-7.101812638726449,-4302.8895473744105,40
16.0,2.0,0.6,40,-0.001740506329113924,-1.2300345243397242,-20.352609242600902,40,-0.005063291139240507,-3.8776467835935318,-815.2421867435982,40
16.0,2.0,0.7,40,-0.0023734177215189887,-1.9553847221876084,-76.90700724699857,40,-0.0049050632911392415,-4.781944381560115,-1478.674689785875,40
16.0,2.0,0.8,40,-0.002215189873417722,-2.3333333333333344,-79.38244425675722,40,-0.005063291139240509,-6.396720471216897,-2165.0916794822238,40
16.0,2.0,0.9,40,-0.001107594936708861,-1.0000000000000002,-11.134859613640447,40,-0.00458860759493671,-4.912703719607422,-1594.8185963871892,40
16.0,2.0,1.0,40,-0.01069402007856831,-1.6228699297060212,-45.25849160074884,29,-0.013312963771278911,-2.062344743082663,-131.56487615311823,29
17.0,1.1,0.0,40,,0.0,0.0,0,,0.0,0.0,0
17.0,1.1,0.1,40,0.0,0.0,0.0,40,0.004746835443037977,6.110681265776749,2889.9162890165376,40
17.0,1.1,0.2,40,0.0012658227848101266,2.2432695033178973,116.33967401395505,40,0.006803797468354434,7.001553678213539,4133.155544122803,40
17.0,1.1,0.3,40,0.00031645569620253165,1.4327007988227582,46.398924540531674,40,0.009335443037974681,7.786768589966803,5425.260966936639,40
17.0,1.1,0.4,40,0.002215189873417722,2.876234912646615,336.88377374375045,40,0.014715189873417722,10.764507119922758,8860.71397948327,40
17.0,1.1,0.5,40,0.007120253164556961,2.131976486973342,144.66249935436844,40,0.01882911392405063,14.357965587501248,9970.724836164043,40
17.0,1.1,0.6,40,0.011234177215189874,2.417514645733994,206.47106309668288,40,0.022151898734177215,4.4992937298865705,1208.652350579483,40
17.0,1.1,0.7,40,0.034335443037974686,5.033961739134998,1556.5526141496084,40,0.03417721518987342,5.652779815307547,2320.8734080516424,40
17.0,1.1,0.8,40,0.0560126582278481,11.443041557459088,5392.573063068273,40,0.04145569620253165,8.272873357072855,3575.066022145074,40
17.0,1.1,0.9,40,0.07579113924050632,11.283790916589565,5371.921710128868,40,0.009968354430379746,1.4770445432198838,45.89379504289897,40
17.0,1.1,1.0,40,0.05928270042194092,5.690729875085775,2137.4997415587195,30,-0.06265822784810125,-4.800128690143985,-1494.493899939234,30
17.0,1.2,0.0,40,0.0,0.0,0.0,10,0.0,0.0,0.0,10
17.0,1.2,0.1,40,0.0,0.0,0.0,40,0.005063291139240509,6.676183683170248,3660.1684716298028,40
17.0,1.2,0.2,40,0.0034810126582278484,1.9675380317749185,115.11104991874323,40,0.009177215189873416,6.407032275416034,3297.3088828626546,40
17.0,1.2,0.3,40,0.0011075949367088608,2.478849437493544,221.62632006099156,40,0.011234177215189873,10.453821267818752,8673.974803529723,40
17.0,1.2,0.4,40,0.006645569620253165,3.7257691732316673,690.9983466457696,40,0.02215189873417721,9.824212513741315,8260.155783956632,40
17.0,1.2,0.5,40,0.018037974683544306,4.786359664259842,1362.2045775141232,40,0.027848101265822777,11.322109026208777,9187.98530899785,40
17.0,1.2,0.6,40,0.038765822784810125,5.991349280122733,2442.2037758877473,40,0.038291139240506325,6.292889457902853,3136.184930078612,40
17.0,1.2,0.7,40,0.061708860759493646,5.935422763213533,2383.6624478817394,40,0.002689873417721517,0.20754077198623255,0.14701403446532982,40
17.0,1.2,0.8,40,0.052848101265822775,5.129922665538171,1634.49092552014,40,-0.055854430379746835,-4.55729804522713,-1291.1093292438325,40
17.0,1.2,0.9,40,-0.00901898734177215,-0.687105120361536,-3.709849332957656,40,-0.10949367088607598,-7.3120910708190126,-4630.777027849363,40
17.0,1.2,1.0,40,-0.0590717299578059,-4.616095876754803,-746.5314239068118,30,-0.15042194092827005,-10.85657548815915,-10224.429604106395,30
17.0,1.3,0.0,40,0.0,0.0,0.0,10,0.0,0.0,0.0,10
17.0,1.3,0.1,40,0.00015822784810126583,1.0000000000000004,16.528236616115773,40,0.005696202531645573,7.317265396400216,4626.885707693577,40
17.0,1.3,0.2,40,0.005854430379746835,1.5978890718433818,63.45002945006778,40,0.010284810126582281,4.3733881036918785,1113.3836996238238,40
17.0,1.3,0.3,40,0.002215189873417722,4.582575694955842,1212.6020357432185,40,0.015189873417721525,11.362369835375988,9208.491922369578,40
17.0,1.3,0.4,40,0.01835443037974684,4.977213940576787,1510.9293123654095,40,0.03164556962025315,11.039701082909804,9024.603661250057,40
17.0,1.3,0.5,40,0.051582278481012656,8.00481813354061,5113.891603833343,40,0.03465189873417722,7.098691202935475,4281.362699308867,40
17.0,1.3,0.6,40,0.09240506329113925,14.311186244923272,6150.507943341207,40,0.006329113924050634,0.9273499605237238,11.691298808417043,40
17.0,1.3,0.7,40,0.036075949367088606,2.545139743127965,238.74419468531028,40,-0.09145569620253165,-6.794444221980555,-3842.691669805026,40
17.0,1.3,0.8,40,-0.0504746835443038,-5.246163992034752,-1017.4417485417149,40,-0.14952531645569622,-12.965684164367367,-12628.992797534715,40
17.0,1.3,0.9,40,-0.08370253164556961,-7.268149771015078,-1792.9592310201635,40,-0.16598101265822787,-11.317074800260198,-11308.436511199914,40
17.0,1.3,1.0,40,-0.08031427324312529,-5.9883500795179705,-1356.3117404504005,29,-0.14556962025316456,-9.903045977612303,-9090.348908541693,29
17.0,1.4,0.0,40,0.0,0.0,0.0,10,0.0,0.0,0.0,10
17.0,1.4,0.1,40,0.00031645569620253165,1.4327007988227585,46.398924540531695,40,0.0071202531645569635,7.172831477223725,4396.779585303165,40
17.0,1.4,0.2,40,0.0030063291139240506,0.7659304431388152,7.516565370451681,40,0.0041139240506329125,0.4503955767503807,1.4245128227331663,40
17.0,1.4,0.3,40,0.006645569620253167,6.56545985882899,3090.119448815547,40,0.023101265822784805,12.99349959331818,9669.22774945006,40
17.0,1.4,0.4,40,0.0430379746835443,7.121317353895495,3800.492435251751,40,0.03702531645569622,5.515275765129655,2164.5208936473073,40
17.0,1.4,0.5,40,0.07800632911392405,10.157574141402689,5292.735649883097,40,-0.008702531645569625,-1.0376221961965253,-17.666462038076176,40
17.0,1.4,0.6,40,0.01598101265822785,1.6728865805733868,72.37108949527487,40,-0.10300632911392407,-10.28007554430568,-9680.612165468192,40
17.0,1.4,0.7,40,-0.037183544303797465,-3.528649288935779,-372.3498147818129,40,-0.1254746835443038,-11.143197986652957,-11038.985065194058,40
17.0,1.4,0.8,40,-0.11107594936708864,-10.822980742968012,-2174.9958454341927,40,-0.18971518987341768,-15.467163219184398,-13355.893437480028,40
17.0,1.4,0.9,40,-0.10079113924050631,-8.711787035103841,-1965.087098184773,40,-0.16518987341772154,-15.839641090036631,-13447.68098205187,40
17.0,1.4,1.0,40,-0.06329113924050633,-4.159168085674268,-572.5809996665919,29,-0.12527280663465737,-8.517635748839094,-6661.807825652372,29
17.0,1.5,0.0,40,0.0,0.0,0.0,10,0.0,0.0,0.0,10
17.0,1.5,0.1,40,0.0007911392405063292,1.9553847221876066,113.0966108972463,40,0.007753164556962028,7.380579204180373,4729.865438254238,40
17.0,1.5,0.2,40,-0.005379746835443036,-0.5458298900089222,-0.05598932643596453,40,-0.005379746835443041,-0.35229947487709756,-0.015875090151120923,40
17.0,1.5,0.3,40,0.01645569620253164,6.634256220003445,3100.0531169108035,40,0.039715189873417725,12.74807152478491,9628.529409490984,40
17.0,1.5,0.4,40,0.05348101265822784,5.42992435088052,1892.7707498916627,40,-0.006170886075949365,-0.49852828709637736,-2.051598247337707,40
17.0,1.5,0.5,40,0.009018987341772153,0.6506041101021551,4.650292506350538,40,-0.1009493670886076,-7.603919539292128,-5098.917089347873,40
17.0,1.5,0.6,40,-0.0598101265822785,-6.65883001638069,-1634.799925744136,40,-0.14177215189873418,-10.838167478968895,-10555.296073909707,40
17.0,1.5,0.7,40,-0.058702531645569614,-5.111693047222574,-957.6420614573522,40,-0.12721518987341768,-10.442619778646213,-9933.904130233053,40
17.0,1.5,0.8,40,-0.09731012658227847,-8.581680969298395,-1951.1944590287483,40,-0.15822784810126583,-12.628145892996283,-12518.148376748335,40
17.0,1.5,0.9,40,-0.07515822784810129,-8.144493877516277,-1897.7287628512352,40,-0.12768987341772153,-13.061732503363162,-12657.287928993639,40
17.0,1.5,1.0,40,-0.049759930161501514,-4.404321620466705,-663.0712636151591,29,-0.09930161501527716,-8.980957325294817,-7486.520043408762,29
17.0,1.6,0.0,40,0.0,0.0,0.0,10,0.0,0.0,0.0,10
17.0,1.6,0.1,40,0.0011075949367088608,2.2107618665723674,160.34456724325932,40,0.009018987341772153,8.142857142857146,6083.018044659088,40
17.0,1.6,0.2,40,0.000949367088607592,0.09804866712297793,0.01813388734799314,40,0.006012658227848103,0.4497637037229955,1.4191216658866574,40
17.0,1.6,0.3,40,0.060126582278481,11.889298620471559,3809.3702744737484,40,0.0485759493670886,13.232872092479434,9710.459948254307,40
17.0,1.6,0.4,40,0.002373417721518992,0.1623078428253779,0.07520577462083976,40,-0.10000000000000002,-7.367609392023608,-4718.75216557428,40
17.0,1.6,0.5,40,-0.07341772151898736,-4.7176704639278695,-788.3230758298791,40,-0.1495253164556962,-9.30262358588953,-8052.28371104924,40
17.0,1.6,0.6,40,-0.061075949367088586,-6.723996697375638,-1658.2001812225124,40,-0.12958860759493668,-11.890074311404152,-12188.357842926276,40
17.0,1.6,0.7,40,-0.07199367088607596,-6.043022893600154,-1381.6133365878716,40,-0.13022151898734177,-10.805779000675136,-10504.190934196187,40
17.0,1.6,0.8,40,-0.061075949367088614,-5.150083582105,-974.6247037729383,40,-0.11234177215189874,-8.906815903700368,-7356.934517268543,40
17.0,1.6,0.9,40,-0.028639240506329117,-4.9569368085048335,-889.804873302891,40,-0.05775316455696204,-8.925887703039994,-7390.254782795207,40
17.0,1.6,1.0,40,-0.009602793539938892,-1.7126976771553506,-52.796432708941104,29,-0.02815364469663902,-4.289628911613723,-1087.2777931521907,29
17.0,1.7,0.0,40,0.0,0.0,0.0,10,0.0,0.0,0.0,10
17.0,1.7,0.1,40,0.000949367088607595,2.2234347239869625,162.9700670514716,40,0.012658227848101267,9.309493362512628,7943.109184724186,40
17.0,1.7,0.2,40,0.012658227848101267,1.607103436917998,64.50644860020033,40,0.019303797468354433,1.6451397027724504,63.026358873642316,40
17.0,1.7,0.3,40,0.07341772151898736,10.027591748910247,3583.5356347732027,40,-0.018987341772151892,-2.0607823651329196,-131.27826727340675,40
17.0,1.7,0.4,40,-0.06170886075949367,-4.136375810499804,-564.5233451032657,40,-0.1477848101265823,-10.223847372361243,-9592.162766021693,40
17.0,1.7,0.5,40,-0.08180379746835442,-5.039186677356004,-925.6623688460849,40,-0.1468354430379747,-9.204595165818695,-7879.104089863078,40
17.0,1.7,0.6,40,-0.05332278481012659,-6.966197771006592,-1669.5959972660796,40,-0.11012658227848102,-12.740747342189291,-12317.757825060016,40
17.0,1.7,0.7,40,-0.0495253164556962,-5.642899358794911,-1197.6142168899057,40,-0.0962025316455696,-10.144321741283674,-9467.342750505362,40
17.0,1.7,0.8,40,-0.018512658227848103,-3.5673605589143644,-383.2314282138434,40,-0.0393987341772152,-6.371738619862156,-3248.0466548098443,40
17.0,1.7,0.9,40,0.002848101265822785,1.6098038441794793,1.4116276549672575,40,-0.004588607594936711,-4.774192260924027,-1471.952998879515,40
17.0,1.7,1.0,40,-0.005236497287919775,-2.8556646560425256,-58.90777015181137,29,-0.008729812309035356,-5.3081164859986645,-1485.560883284963,29
17.0,1.8,0.0,40,0.0,0.0,0.0,10,0.0,0.0,0.0,10
17.0,1.8,0.1,40,0.0017405063291139242,2.31702410056388,183.13086720700662,40,0.014398734177215187,11.062518264157921,8158.66354132025,40
17.0,1.8,0.2,40,0.04731012658227848,5.030874702640322,1554.0517676702916,40,0.015981012658227847,1.1313939990652757,20.95791224973306,40
17.0,1.8,0.3,40,-0.026740506329113935,-1.7761640033453205,-58.56721947823754,40,-0.14113924050632912,-9.140927002500243,-7766.589121964392,40
17.0,1.8,0.4,40,-0.10063291139240502,-8.021274082172432,-1909.6925167600634,40,-0.16914556962025312,-12.497243203304203,-12892.785466686508,40
17.0,1.8,0.5,40,-0.0606012658227848,-4.614114367189498,-745.728082597887,40,-0.11803797468354431,-9.737006683578471,-8827.4282955877,40
17.0,1.8,0.6,40,-0.03591772151898734,-4.457312367108442,-683.4931451659523,40,-0.08306962025316458,-9.070444906451085,-7642.717696943604,40
17.0,1.8,0.7,40,-0.009177215189873415,-2.930592759131557,-228.75756356473428,40,-0.022310126582278482,-5.883518200790796,-2622.75409525452,40
17.0,1.8,0.8,40,0.00015822784810126547,0.08257950118786388,0.0002363947593629326,40,-0.005221518987341774,-3.3295854680715777,-526.056810006507,40
17.0,1.8,0.9,40,-0.0025316455696202536,-2.392649293607786,-135.08394240157904,40,-0.004588607594936711,-4.774192260924027,-1471.952998879515,40
17.0,1.8,1.0,40,-0.0026161634977077287,-1.558822332676628,-40.32424870985438,29,-0.005237887385421216,-3.722320526646355,-725.1067692198152,29
17.0,1.9,0.0,40,0.0,0.0,0.0,10,0.0,0.0,0.0,10
17.0,1.9,0.1,40,0.004430379746835444,2.5196899034012756,232.07453844409923,40,0.018196202531645573,9.653200600982995,8006.975324290107,40
17.0,1.9,0.2,40,0.07120253164556962,5.977630002519257,2257.948832063467,40,-0.018670886075949363,-1.2386945089058001,-29.679725687281582,40
17.0,1.9,0.3,40,-0.10221518987341768,-8.334767821991045,-1926.7013307671575,40,-0.19699367088607594,-13.498323307828777,-13618.483224507583,40
17.0,1.9,0.4,40,-0.07547468354430382,-6.4269098414758385,-1546.9213692829703,40,-0.13401898734177214,-11.105195825903687,-10979.002039626092,40
17.0,1.9,0.5,40,-0.028322784810126577,-3.090886962334808,-262.90504933960915,40,-0.07373417721518988,-7.7500142983686455,-5339.804309839709,40
17.0,1.9,0.6,40,-0.012341772151898736,-2.522970977196516,-155.5041203513554,40,-0.02610759493670886,-4.450134042516354,-1207.0406126983407,40
17.0,1.9,0.7,40,-0.0014240506329113926,-1.1198522558935056,-15.497648881951184,40,-0.003955696202531646,-3.5864741507186535,-651.6790131141262,40
17.0,1.9,0.8,40,-0.0007911392405063296,-0.6695340634119866,-3.440196552874379,40,-0.004272151898734179,-4.8058149180765914,-1499.4618607775346,40
17.0,1.9,0.9,40,-0.0017405063291139242,-1.8634393419200563,-67.13394922261543,40,-0.003955696202531647,-5.105831833950034,-1776.0255716280649,40
17.0,1.9,1.0,40,-0.003273679615888259,-2.4828176658071035,-147.33559951670478,29,-0.0054561326931470994,-4.01424718706028,-899.8782010733939,29
17.0,2.0,0.0,40,0.0,0.0,0.0,10,0.0,0.0,0.0,10
17.0,2.0,0.1,40,0.012183544303797467,2.738603904851805,293.49363193325024,40,0.02246835443037975,10.820947853487034,8180.51572081138,40
17.0,2.0,0.2,40,0.030379746835443033,2.1022974847712277,139.0242498871467,40,-0.07705696202531645,-5.042099534279476,-1714.9454879236566,40
17.0,2.0,0.3,40,-0.11202531645569622,-7.489738630164275,-1873.4436218388862,40,-0.18623417721518984,-11.758082138660132,-11989.178293475252,40
17.0,2.0,0.4,40,-0.05490506329113924,-5.419721029206925,-1095.7218266806326,40,-0.10617088607594938,-10.769444943541467,-10446.989058689083,40
17.0,2.0,0.5,40,-0.00838607594936709,-2.0903660564814355,-92.69224461503559,40,-0.024999999999999998,-4.842633910294262,-1531.9285743737894,40
17.0,2.0,0.6,40,-0.0012658227848101268,-1.135454181526982,-16.13324000854783,40,-0.004113924050632913,-4.75914745895549,-1458.930649565324,40
17.0,2.0,0.7,40,-0.001740506329113924,-1.6764848787092588,-49.6657008803223,40,-0.003955696202531648,-4.2729880606306585,-1075.3238581222543,40
17.0,2.0,0.8,40,-0.004430379746835443,-3.4999999999999996,-89.47330157388811,40,-0.0064873417721519,-5.906806854520011,-2146.5137592294564,40
17.0,2.0,0.9,40,-0.0015822784810126584,-1.8179892039730912,-62.57793864003056,40,-0.0034810126582278493,-5.447866121980138,-2125.544673543807,40
17.0,2.0,1.0,40,-0.0032778499083925754,-3.356092693485052,-181.96136762823252,29,-0.00524344777542697,-4.437692686348199,-1197.5053042542118,29
18.0,1.1,0.0,40,,0.0,0.0,0,,0.0,0.0,0
18.0,1.1,0.1,40,0.0,0.0,0.0,40,0.0033227848101265835,4.890881641044259,1536.8524297862211,40
18.0,1.1,0.2,40,0.0,0.0,0.0,40,0.008069620253164557,6.985141930713204,4108.472582259319,40
18.0,1.1,0.3,40,0.000949367088607595,1.7782469350914571,57.10803200843684,40,0.00917721518987342,9.302736000641175,8142.107479401563,40
18.0,1.1,0.4,40,-0.004113924050632911,-0.7573501983550235,-0.1479924737953747,40,0.00680379746835443,1.030155612236252,15.92287851962649,40
18.0,1.1,0.5,40,0.011075949367088608,3.1369365233938455,429.3193380722992,40,0.02104430379746835,8.227644978358196,6245.947592921369,40
18.0,1.1,0.6,40,0.015664556962025317,4.183609340604669,948.2359471740787,40,0.029430379746835444,9.533882054711226,8994.630206769694,40
18.0,1.1,0.7,40,0.03259493670886077,7.759961274466868,4727.545229722607,40,0.04541139240506328,12.779120963161901,13861.349343556441,40
18.0,1.1,0.8,40,0.05870253164556962,9.090474393741747,5019.653564174244,40,0.036867088607594925,6.544681651781516,3479.580442195374,40
18.0,1.1,0.9,40,0.06930379746835444,8.716481529019903,4946.470077665927,40,0.020094936708860756,2.0808777257459607,126.32510763836389,40
18.0,1.1,1.0,40,0.042405063291139244,2.838178373825959,324.47546536998044,30,-0.04282700421940929,-3.020122660722939,-396.92530155974407,30
18.0,1.2,0.0,40,0.0,0.0,0.0,10,0.0,0.0,0.0,10
18.0,1.2,0.1,40,0.0,0.0,0.0,40,0.003955696202531648,5.922156908259288,2646.556495385187,40
18.0,1.2,0.2,40,0.0006329113924050633,2.0816659994661335,135.19566160744827,40,0.008860759493670888,8.374272527627253,6533.65274888926,40
18.0,1.2,0.3,40,0.0026898734177215194,1.5337979022705033,56.43350720605244,40,0.012341772151898734,7.629741402980139,5149.393940042069,40
18.0,1.2,0.4,40,0.002215189873417722,0.8365068341815084,9.753445647032722,40,0.016455696202531643,4.496419843724887,1206.4270923439983,40
18.0,1.2,0.5,40,0.01218354430379747,2.634688000347604,263.2200187520632,40,0.021835443037974692,2.4862148652795013,213.73628332936966,40
18.0,1.2,0.6,40,0.03227848101265822,6.935283035490426,3553.2186208273456,40,0.04731012658227848,8.893805451169555,7607.195453915325,40
18.0,1.2,0.7,40,0.0632911392405063,13.776103291490308,5472.551769679409,40,0.019145569620253163,2.0986974636423485,129.5092660964293,40
18.0,1.2,0.8,40,0.061392405063291154,5.546980450484877,2000.278569869644,40,-0.03734177215189874,-4.064197692480335,-932.2119857132591,40
18.0,1.2,0.9,40,0.0023734177215189887,0.17162950725067583,0.08834069454503093,40,-0.10363924050632914,-7.8022845065486655,-5426.842161154893,40
18.0,1.2,1.0,40,-0.05421940928270042,-3.1194235098685743,-269.2994539498926,30,-0.1561181434599156,-10.609575145810314,-10195.923102034802,30
18.0,1.3,0.0,40,0.0,0.0,0.0,10,0.0,0.0,0.0,10
18.0,1.3,0.1,40,0.00015822784810126583,1.0000000000000002,16.528236616115763,40,0.004905063291139242,6.386107746008864,3267.5329886322766,40
18.0,1.3,0.2,40,0.0011075949367088608,2.8762349126466136,336.88377374375,40,0.011867088607594936,10.043010951179792,8402.061006714985,40
18.0,1.3,0.3,40,0.00268987341772152,3.774791627775319,716.3159261606163,40,0.014715189873417722,8.426024874159948,6636.566131752195,40
18.0,1.3,0.4,40,0.019145569620253166,3.5156156270393186,588.7697063019646,40,0.030379746835443044,8.492088660832213,6769.133418870144,40
18.0,1.3,0.5,40,0.040664556962025325,4.566806472005796,1201.4095592065519,40,0.03196202531645569,2.845960833858333,317.4998799944115,40
18.0,1.3,0.6,40,0.06360759493670887,8.150423460694666,5351.225785440792,40,0.014873417721518987,1.579521652519383,55.944339692890566,40
18.0,1.3,0.7,40,-0.008386075949367088,-0.7306118173615416,-4.435949552834575,40,-0.10901898734177218,-8.543651191958766,-6708.321340029526,40
18.0,1.3,0.8,40,-0.048575949367088596,-3.7402315577115286,-434.0824515939246,40,-0.15158227848101263,-10.243462158148693,-9623.029894512616,40
18.0,1.3,0.9,40,-0.0699367088607595,-5.94696571022406,-1337.0989547763004,40,-0.15474683544303797,-12.927899126183297,-12870.655327649607,40
18.0,1.3,1.0,40,-0.06896551724137931,-5.267555118943484,-1026.9831815820125,29,-0.15342645133129643,-12.328726438944413,-12774.79933449351,29
18.0,1.4,0.0,40,0.0,0.0,0.0,10,0.0,0.0,0.0,10
18.0,1.4,0.1,40,0.00031645569620253165,1.4327007988227582,46.398924540531674,40,0.005221518987341775,6.6827618537316535,3669.3510444596477,40
18.0,1.4,0.2,40,0.0023734177215189883,4.0499221176312155,868.3771351582512,40,0.013924050632911392,11.781091530374376,9001.658405638294,40
18.0,1.4,0.3,40,0.008702531645569616,4.633521095603542,1249.151678376105,40,0.024525316455696205,10.502248981378369,8706.33890846049,40
18.0,1.4,0.4,40,0.03829113924050633,7.016287874846587,3659.735026579484,40,0.0449367088607595,8.747996489749143,7297.120874898243,40
18.0,1.4,0.5,40,0.0643987341772152,6.384866388205552,2876.636276079815,40,-0.014398734177215187,-1.1565648361367908,-24.26544854883117,40
18.0,1.4,0.6,40,-0.0037974683544303805,-0.2979161458598164,-0.32589082524962937,40,-0.10553797468354428,-7.552399540457503,-5015.116628981989,40
18.0,1.4,0.7,40,-0.07832278481012657,-6.476589098564533,-1566.0673162136025,40,-0.16297468354430372,-11.780382846241663,-12023.195123316102,40
18.0,1.4,0.8,40,-0.07784810126582278,-6.419874970384783,-1544.1647181123797,40,-0.14936708860759493,-10.38932069464236,-9850.687100207748,40
18.0,1.4,0.9,40,-0.04762658227848102,-5.331262233368486,-1055.516561953293,40,-0.11550632911392404,-11.513565436246338,-11613.009312803473,40
18.0,1.4,1.0,40,-0.04495853339153209,-4.205458071352319,-589.1484176882169,29,-0.10628546486250545,-10.357014634939413,-9800.46477966253,29
18.0,1.5,0.0,40,0.0,0.0,0.0,10,0.0,0.0,0.0,10
18.0,1.5,0.1,40,0.00031645569620253165,1.4327007988227582,46.398924540531674,40,0.006803797468354432,7.653705239899755,5190.981379263642,40
18.0,1.5,0.2,40,0.005537974683544304,3.718573088922089,687.3327692543892,40,0.018196202531645566,12.07912386642677,9046.529754999174,40
18.0,1.5,0.3,40,0.01882911392405063,6.0043231373637,2455.8521341514383,40,0.03892405063291139,10.254565905166537,8541.906145169754,40
18.0,1.5,0.4,40,0.04968354430379747,4.595933824720528,1222.131775955252,40,0.004746835443037974,0.3796057176362597,0.8970011806372785,40
18.0,1.5,0.5,40,-0.02009493670886075,-1.4836864997891526,-34.98786371654149,40,-0.1212025316455696,-9.692917677430442,-8748.678348963093,40
18.0,1.5,0.6,40,-0.0971518987341772,-7.827582044034954,-1790.7000296076878,40,-0.17626582278481012,-12.012499304192264,-12360.343358842209,40
18.0,1.5,0.7,40,-0.07325949367088605,-6.388119782003513,-1531.5977317063907,40,-0.14414556962025313,-12.301741817833214,-12745.63158425805,40
18.0,1.5,0.8,40,-0.04651898734177216,-5.672488158833585,-1211.2200521727596,40,-0.10522151898734178,-9.826412354228768,-8970.336019213279,40
18.0,1.5,0.9,40,-0.032911392405063286,-3.7992319883191668,-452.24933509413654,40,-0.08164556962025318,-9.548002352608158,-8490.81659513082,40
18.0,1.5,1.0,40,-0.031863814927979045,-3.2869213562279467,-308.89179369800524,29,-0.06700130947184635,-6.1951162059415195,-3013.534579543958,29
18.0,1.6,0.0,40,0.0,0.0,0.0,10,0.0,0.0,0.0,10
18.0,1.6,0.1,40,0.0004746835443037975,1.7782469350914567,86.24219619933193,40,0.008544303797468353,9.0,7752.188742504174,40
18.0,1.6,0.2,40,0.011392405063291141,3.008583708529995,382.09344589932965,40,0.027373417721518987,11.822495701932013,9009.81862706897,40
18.0,1.6,0.3,40,0.04667721518987341,9.365412140769966,3475.3427581654805,40,0.036392405063291146,6.739638066555494,3749.495029175957,40
18.0,1.6,0.4,40,0.007278481012658228,0.5870186286407769,3.442755223301254,40,-0.0908227848101266,-8.472524395873245,-6581.26808080191,40
18.0,1.6,0.5,40,-0.07879746835443037,-6.763510665648301,-1664.1952110445066,40,-0.15996835443037977,-12.02664911646505,-12379.948608254046,40
18.0,1.6,0.6,40,-0.08528481012658228,-8.041836834669972,-1804.238648896935,40,-0.15490506329113923,-12.0591163072683,-12424.271729117616,40
18.0,1.6,0.7,40,-0.04462025316455696,-4.1299184604304235,-562.2456857280537,40,-0.10300632911392404,-9.642674188761488,-8659.651056777939,40
18.0,1.6,0.8,40,-0.026898734177215188,-4.184135483988187,-581.4935647932269,40,-0.0656645569620253,-9.437381957613201,-8292.449938166304,40
18.0,1.6,0.9,40,-0.010443037974683548,-1.5529384208374721,-39.890044558851415,40,-0.03591772151898735,-4.578408424397903,-1308.0316683674157,40
18.0,1.6,1.0,40,-0.003710170231340026,-1.2924860661584991,-23.49199197703224,29,-0.009602793539938892,-3.5630158527872298,-639.5327119060375,29
18.0,1.7,0.0,40,0.0,0.0,0.0,9,0.0,0.0,0.0,9
18.0,1.7,0.1,40,0.0007911392405063292,2.3603873774083297,192.99814986576882,40,0.010917721518987341,9.836574983178204,8268.087295190318,40
18.0,1.7,0.2,40,0.0245253164556962,5.579776813391107,2031.1539988508257,40,0.03591772151898735,10.243831650725879,8534.767160616173,40
18.0,1.7,0.3,40,0.05981012658227849,7.456108851156034,3203.2829467824367,40,-0.0034810126582278515,-0.30306247458988533,-0.48231365773014084,40
18.0,1.7,0.4,40,-0.06060126582278478,-5.7566746395986925,-1249.7684945083108,40,-0.15348101265822783,-12.698048784012864,-12481.705460765483,40
18.0,1.7,0.5,40,-0.05363924050632911,-6.081104736568754,-1399.2458527433973,40,-0.12246835443037977,-11.97514366090631,-12308.184010936247,40
18.0,1.7,0.6,40,-0.0552215189873418,-6.65675178533572,-1634.040047270705,40,-0.10886075949367091,-10.778647258977397,-10461.451818697955,40
18.0,1.7,0.7,40,-0.029746835443037967,-3.7795099865833746,-446.1249431783697,40,-0.06677215189873419,-7.380102844977621,-4738.539790465733,40
18.0,1.7,0.8,40,-0.0022151898734177203,-0.676877765885135,-3.5513308087174806,40,-0.012974683544303797,-4.541202792863781,-1278.2927553471231,40
18.0,1.7,0.9,40,0.00047468354430379756,0.3680610423757244,0.02601290117497978,40,-0.003955696202531647,-4.272988060630658,-1075.3238581222536,40
18.0,1.7,1.0,40,-0.0008729812309035357,-0.7008766440504626,-3.930451225473097,29,-0.003273679615888259,-4.396038372697983,-1165.8683492555044,29
18.0,1.8,0.0,40,0.0,0.0,0.0,10,0.0,0.0,0.0,10
18.0,1.8,0.1,40,0.0015822784810126584,3.203616377585938,455.1394663414212,40,0.014240506329113922,9.290396945762655,7931.194287416711,40
18.0,1.8,0.2,40,0.04113924050632912,8.724021150515513,2937.391098763129,40,0.03227848101265822,3.8913248791154804,792.2602970911287,40
18.0,1.8,0.3,40,-0.01930379746835443,-1.3936271968770269,-29.204080495063437,40,-0.12879746835443037,-10.09833968828113,-9395.363275429732,40
18.0,1.8,0.4,40,-0.07009493670886076,-7.7390186886732355,-1892.057345162688,40,-0.14303797468354434,-12.025709355144498,-12378.659088196904,40
18.0,1.8,0.5,40,-0.03892405063291139,-4.99685060137499,-907.1394062956023,40,-0.09287974683544305,-11.348072379474276,-11356.604503821634,40
18.0,1.8,0.6,40,-0.040031645569620244,-5.079548290349894,-943.4531298162735,40,-0.07753164556962026,-8.482482695452656,-6599.036446737017,40
18.0,1.8,0.7,40,0.0012658227848101268,0.9283740911069603,0.2736597787208098,40,-0.006645569620253165,-6.259207340996577,-3097.58489938555,40
18.0,1.8,0.8,40,-0.0012658227848101268,-1.2131356532587558,-19.551372332988887,40,-0.0037974683544303805,-3.765875486765089,-749.7041236743869,40
18.0,1.8,0.9,40,-0.0033227848101265826,-2.55288883019029,-151.39560879013854,40,-0.0064873417721519,-5.784941109874561,-2431.345736261806,40
18.0,1.8,1.0,40,-0.0028371890004364915,-1.990765952774703,-80.8751497024345,29,-0.0054561326931470994,-5.880899611212061,-2437.014050187986,29
18.0,1.9,0.0,40,0.0,0.0,0.0,10,0.0,0.0,0.0,10
18.0,1.9,0.1,40,0.0041139240506329125,4.004559445228023,842.2156825751614,40,0.01867088607594937,8.938973004518752,7704.4729378584025,40
18.0,1.9,0.2,40,0.05680379746835442,5.806554633429841,2251.996645521696,40,-0.003481012658227847,-0.2721815490592323,-0.3571964166270035,40
18.0,1.9,0.3,40,-0.09018987341772151,-7.035648626101787,-1757.0035459139308,40,-0.1835443037974684,-13.645485040577345,-13695.39061144896,40
18.0,1.9,0.4,40,-0.036867088607594925,-3.97630874144531,-509.4896573482173,40,-0.1009493670886076,-9.343574389200747,-8125.053770089813,40
18.0,1.9,0.5,40,-0.022468354430379738,-3.7582583826605664,-439.58036434662716,40,-0.054430379746835456,-8.302997684842103,-6281.487103070213,40
18.0,1.9,0.6,40,-0.0028481012658227844,-1.0297684014986452,-12.136190233984852,40,-0.014240506329113925,-4.866277804458448,-1552.9851515623468,40
18.0,1.9,0.7,40,-0.0014240506329113924,-1.1985666746868318,-18.876842421991746,40,-0.0047468354430379766,-5.453967611919274,-2132.0910465004154,40
18.0,1.9,0.8,40,-0.003006329113924051,-2.6023077781088406,-154.01067093935131,40,-0.005221518987341774,-5.447866121980138,-2125.544673543807,40
18.0,1.9,0.9,40,-0.0034810126582278484,-2.6759764147657203,-157.97597919163442,40,-0.006487341772151899,-5.460137073573344,-2138.720153890801,40
18.0,1.9,1.0,40,-0.004583151462243563,-2.714321603294236,-160.08585577520583,29,-0.007420340462680055,-5.7179497632411485,-2426.907542743634,29
18.0,2.0,0.0,40,0.0,0.0,0.0,10,0.0,0.0,0.0,10
18.0,2.0,0.1,40,0.009335443037974683,4.099260437043401,843.773867381419,40,0.025316455696202528,12.730982761669347,8446.458824502422,40
18.0,2.0,0.2,40,-0.00015822784810126702,-0.011829875710655347,-5.801492414682614e-05,40,-0.09715189873417722,-6.565533187205518,-3514.9159257648175,40
18.0,2.0,0.3,40,-0.10189873417721525,-6.315687014262287,-1502.8783155970634,40,-0.17199367088607595,-10.089074385150612,-9380.853300176985,40
18.0,2.0,0.4,40,-0.019303797468354426,-2.873194692111765,-217.2866428195673,40,-0.06740506329113924,-8.269995990009365,-6223.865088512491,40
18.0,2.0,0.5,40,-0.006487341772151899,-2.6871824358929084,-182.6938985221812,40,-0.015822784810126587,-5.000000000000002,-1675.3209877781599,40
18.0,2.0,0.6,40,-0.0023734177215189874,-2.107851506791583,-94.882730257098,40,-0.005696202531645572,-6.533696441463227,-2836.537966113845,40
18.0,2.0,0.7,40,-0.005221518987341774,-4.214600897799103,-201.09328290806314,40,-0.007436708860759497,-7.180289197678467,-2867.002661903349,40
18.0,2.0,0.8,40,-0.0020569620253164554,-1.6465812905909216,-47.17483500707941,40,-0.004905063291139242,-5.033961739135,-1707.2482518328582,40
18.0,2.0,0.9,40,-0.0034810126582278484,-3.015374860466432,-177.04985284898154,40,-0.006487341772151901,-6.324507085289187,-2730.73565651018,40
18.0,2.0,1.0,40,-0.004801396769969446,-3.6379080527138123,-185.42221860122663,29,-0.0072020951549541705,-6.189227145881509,-2725.4305471344655,29
19.0,1.1,0.0,40,,0.0,0.0,0,,0.0,0.0,0
19.0,1.1,0.1,40,0.0,0.0,0.0,40,0.0025316455696202536,4.638668060910411,1320.0074862262677,40
19.0,1.1,0.2,40,0.0020569620253164554,1.0,16.528236616115752,40,0.006803797468354432,7.416507038966454,4788.8493335111825,40
19.0,1.1,0.3,40,0.00015822784810126583,1.0000000000000004,16.528236616115773,40,0.010126582278481015,10.042334631373574,8211.452186438219,40
19.0,1.1,0.4,40,0.003164556962025317,1.6457014715109581,69.04752544592597,40,0.015981012658227843,8.143558983975463,6084.357358846641,40
19.0,1.1,0.5,40,0.00727848101265823,3.0409575269004283,393.69389355363074,40,0.02025316455696203,10.743461514703684,11961.526207040311,40
19.0,1.1,0.6,40,0.010601265822784808,4.393185310113848,1082.1096856164377,40,0.023259493670886082,6.747372672190179,3760.4621704528226,40
19.0,1.1,0.7,40,0.027531645569620254,9.442173270048205,5041.534557618981,40,0.043196202531645585,11.37322813399462,13655.730134696634,40
19.0,1.1,0.8,40,0.044620253164556964,8.987490003335656,5002.794096161272,40,0.03892405063291139,6.4571942218405605,3362.8982021310417,40
19.0,1.1,0.9,40,0.062025316455696186,10.604032811072436,5158.777603622635,40,0.02721518987341772,3.7747012977683454,725.0486360365016,40
19.0,1.1,1.0,40,0.049367088607594936,3.8587500067661975,760.9990133116265,30,-0.04050632911392406,-2.39140842463899,-201.92600962525256,30
19.0,1.2,0.0,40,0.0,0.0,0.0,10,0.0,0.0,0.0,10
19.0,1.2,0.1,40,0.0,0.0,0.0,40,0.0030063291139240515,4.693917750639146,1365.80551792693,40
19.0,1.2,0.2,40,0.00031645569620253165,1.0000000000000002,16.528236616115763,40,0.008860759493670883,9.539392014169456,8157.302721003789,40
19.0,1.2,0.3,40,0.0015822784810126584,3.2036163775859388,426.6641657182126,40,0.013449367088607597,9.137225448071689,8122.177703942965,40
19.0,1.2,0.4,40,0.006012658227848104,3.127919067501949,425.90393284103635,40,0.021835443037974682,15.057034426283472,13617.28368332884,40
19.0,1.2,0.5,40,0.018987341772151903,4.9456981624022385,1485.914193008361,40,0.028797468354430377,15.193745186113835,13648.629202250713,40
19.0,1.2,0.6,40,0.03227848101265823,8.469890093120053,5417.2872488943885,40,0.041930379746835444,8.285504218084025,6358.812816120617,40
19.0,1.2,0.7,40,0.05253164556962024,7.778037081561942,4755.51494741175,40,0.02705696202531646,2.8796987713234463,328.61634654237906,40
19.0,1.2,0.8,40,0.03544303797468356,3.711404607170435,683.6907124736855,40,-0.0481012658227848,-3.797080291539722,-767.7065773097472,40
19.0,1.2,0.9,40,-0.033860759493670886,-2.41607778325285,-138.78396107956138,40,-0.14066455696202534,-9.054486417742575,-7614.778156094557,40
19.0,1.2,1.0,40,-0.07658227848101265,-4.791255980345298,-819.1565440108376,30,-0.18312236286919834,-10.538451606576317,-10084.361912621584,30
19.0,1.3,0.0,40,0.0,0.0,0.0,10,0.0,0.0,0.0,10
19.0,1.3,0.1,40,0.0,0.0,0.0,40,0.003639240506329115,4.8668847494243295,1515.3621866758615,40
19.0,1.3,0.2,40,0.0004746835443037975,1.3556165885229259,39.56179492022,40,0.01234177215189873,8.30998669848437,6406.857940064343,40
19.0,1.3,0.3,40,0.004588607594936711,2.8356553752541327,323.6679207251779,40,0.019778481012658226,8.945556492395218,7718.686671878059,40
19.0,1.3,0.4,40,0.017879746835443043,4.026834381408497,854.9986763534413,40,0.02768987341772151,8.027384342334194,5864.790499708783,40
19.0,1.3,0.5,40,0.0375,10.138617412771833,7670.7290469588515,40,0.039240506329113925,8.36788415833112,6521.0049964937625,40
19.0,1.3,0.6,40,0.059968354430379754,8.17816317648263,5397.026491045029,40,0.019462025316455696,1.8303922715417564,86.64307506507907,40
19.0,1.3,0.7,40,-0.016930379746835443,-1.1413706902594627,-16.378109687814426,40,-0.1115506329113924,-7.38921101458422,-4752.949158749081,40
19.0,1.3,0.8,40,-0.06993670886075949,-5.079040477854013,-943.2292345064317,40,-0.1811708860759494,-13.461991358450621,-13001.274454587656,40
19.0,1.3,0.9,40,-0.0960443037974684,-6.50800121211832,-1578.1148827981435,40,-0.19177215189873414,-12.176076640970019,-12582.596115195778,40
19.0,1.3,1.0,40,-0.08358795285901356,-6.66450606970907,-1627.9395513962274,29,-0.1743780008729812,-12.436645018231774,-12836.347076173219,29
19.0,1.4,0.0,40,0.0,0.0,0.0,10,0.0,0.0,0.0,10
19.0,1.4,0.1,40,0.0,0.0,0.0,40,0.004272151898734179,6.152846764081135,2946.025922778172,40
19.0,1.4,0.2,40,0.000949367088607595,2.223434723986964,162.97006705147186,40,0.01693037974683544,7.991833551745801,5798.691732087215,40
19.0,1.4,0.3,40,0.0120253164556962,4.29278586365593,1016.5216128897047,40,0.02800632911392405,11.382212710918111,8812.957537547394,40
19.0,1.4,0.4,40,0.033860759493670886,8.144722386212878,5341.833860360208,40,0.03829113924050633,6.437375217834389,3336.8936932472734,40
19.0,1.4,0.5,40,0.04240506329113923,4.4077871185222435,1091.8630984435274,40,0.004905063291139243,0.41278426031847926,1.123044934666904,40
19.0,1.4,0.6,40,-0.002848101265822785,-0.21338348070380386,-0.128296169160356,40,-0.11392405063291138,-8.178785712634374,-6065.775464586878,40
19.0,1.4,0.7,40,-0.10933544303797467,-7.475814322420846,-1761.975098363921,40,-0.20870253164556968,-14.362585215746362,-14328.839256131027,40
19.0,1.4,0.8,40,-0.08876582278481013,-6.831532144711464,-1674.1639846655266,40,-0.16962025316455695,-12.370019052275325,-12818.503596120361,40
19.0,1.4,0.9,40,-0.06882911392405064,-6.635369615977528,-1626.1127432908931,40,-0.1389240506329114,-12.866892731608068,-12933.31782178197,40
19.0,1.4,1.0,40,-0.07944129201222172,-7.221332866254077,-1654.8806674237144,29,-0.14229594063727632,-12.856363531791876,-12931.574639800136,29
19.0,1.5,0.0,40,0.0,0.0,0.0,10,0.0,0.0,0.0,10
19.0,1.5,0.1,40,0.0,0.0,0.0,40,0.005854430379746838,7.060562344193738,4222.811313780786,40
19.0,1.5,0.2,40,0.00458860759493671,2.2639886554428115,171.52103476574376,40,0.021518987341772152,8.824130833917485,7458.481554466751,40
19.0,1.5,0.3,40,0.02199367088607595,6.291077522135319,2769.308489729159,40,0.034335443037974686,6.8594168855849755,3921.8315365695016,40
19.0,1.5,0.4,40,0.06914556962025317,12.133248949500954,8273.218632657314,40,0.021360759493670882,3.0880615228012136,403.12227479275435,40
19.0,1.5,0.5,40,-0.017246835443037973,-1.103437661604295,-14.846556038723945,40,-0.10743670886075948,-6.665056275314995,-3655.8025022928946,40
19.0,1.5,0.6,40,-0.10601265822784811,-7.443501990402888,-1758.8543717341815,40,-0.20363924050632906,-14.637242563365923,-14449.021658495118,40
19.0,1.5,0.7,40,-0.09477848101265822,-7.890428346388911,-1796.77818717777,40,-0.1768987341772152,-13.272629501387096,-13726.575150445016,40
19.0,1.5,0.8,40,-0.054430379746835435,-4.8271186436831925,-834.2887881957437,40,-0.11930379746835437,-9.969409559528952,-9194.198730843767,40
19.0,1.5,0.9,40,-0.04873417721518987,-4.937208505875262,-881.2950802887491,40,-0.0995253164556962,-9.989032650105633,-9224.755929910974,40
19.0,1.5,1.0,40,-0.02946311654299433,-4.231906601135331,-598.7096045160158,29,-0.06569183762549105,-7.088733219538774,-4282.849684440452,29
19.0,1.6,0.0,40,0.0,0.0,0.0,10,0.0,0.0,0.0,10
19.0,1.6,0.1,40,0.0003164556962025317,1.0000000000000004,16.528236616115773,40,0.008386075949367088,6.826244797462129,3873.566111812039,40
19.0,1.6,0.2,40,0.010917721518987341,3.059296046975427,400.34834109795077,40,0.0254746835443038,10.743132110527183,8773.050970793782,40
19.0,1.6,0.3,40,0.04082278481012659,5.98487248015158,2435.3897097646236,40,0.036708860759493665,4.439700158794508,1162.9332419489322,40
19.0,1.6,0.4,40,-0.01012658227848102,-0.9962650201910679,-11.014345136379621,40,-0.10648734177215191,-9.595949910922467,-8576.341823842386,40
19.0,1.6,0.5,40,-0.0824367088607595,-6.4100914345036175,-1540.3028390019465,40,-0.16882911392405064,-11.8636138325765,-12149.571529130282,40
19.0,1.6,0.6,40,-0.08212025316455698,-6.031591170585007,-1376.3327743752843,40,-0.16677215189873415,-12.43471251557935,-12884.09789995884,40
19.0,1.6,0.7,40,-0.0661392405063291,-6.70093877438854,-1650.0791796281537,40,-0.130379746835443,-11.712614773294055,-11919.616176848454,40
19.0,1.6,0.8,40,-0.048417721518987336,-5.441641525225014,-1105.6478634621058,40,-0.08306962025316456,-8.129388857984848,-5980.814975605658,40
19.0,1.6,0.9,40,-0.018354430379746836,-2.8167290008360664,-206.37418860642225,40,-0.036550632911392406,-4.981012840634047,-1657.6132279472367,40
19.0,1.6,1.0,40,-0.0034919249236141426,-1.7450013571967555,-55.68474345874869,29,-0.007638585770405937,-3.2977385075876056,-511.68756522027326,29
19.0,1.7,0.0,40,0.0,0.0,0.0,9,0.0,0.0,0.0,9
19.0,1.7,0.1,40,0.005063291139240506,1.1045095513274694,21.96436892062398,40,0.00901898734177215,7.536286044927148,4989.294669020424,40
19.0,1.7,0.2,40,0.022310126582278482,4.826877557753129,1393.080835073937,40,0.03433544303797469,12.810249532104843,9180.257742462754,40
19.0,1.7,0.3,40,0.05458860759493671,7.3241208148028525,3187.1142670099302,40,-0.005854430379746836,-0.563554551673851,-2.941507915572391,40
19.0,1.7,0.4,40,-0.07310126582278481,-5.762132676066651,-1252.2544717472738,40,-0.16598101265822784,-11.950107832836304,-12273.0407914141,40
19.0,1.7,0.5,40,-0.08607594936708862,-6.443492143088487,-1553.3843093607127,40,-0.1618670886075949,-11.976443751669382,-12310.00158130368,40
19.0,1.7,0.6,40,-0.06313291139240505,-7.332527357385617,-1667.23291888554,40,-0.1231012658227848,-12.800180068627075,-12942.45028328117,40
19.0,1.7,0.7,40,-0.03939873417721519,-5.0816326530612255,-944.370701673967,40,-0.07405063291139242,-8.46184791707307,-6562.1890403924735,40
19.0,1.7,0.8,40,-0.006004543979227525,-2.4408250897276655,-142.76134977330983,39,-0.013631937682570596,-5.232815011174814,-1901.5321238295137,39
19.0,1.7,0.9,40,-0.0012658227848101266,-1.2131356532587556,-19.551372332988876,40,-0.005063291139240507,-4.4507891221134965,-1207.5432025773844,40
19.0,1.7,1.0,40,-0.0008729812309035357,-0.6257862187747438,-2.816791772570336,29,-0.004146660846791795,-4.334524667044741,-1120.058457645483,29
19.0,1.8,0.0,40,0.0,0.0,0.0,10,0.0,0.0,0.0,10
19.0,1.8,0.1,40,0.006012658227848101,1.4606522777604347,49.046111550742815,40,0.012183544303797466,7.223907123103306,4477.3875029147985,40
19.0,1.8,0.2,40,0.0454113924050633,10.045904816149276,3054.3493833158545,40,0.0439873417721519,9.100186046800536,7813.667517160849,40
19.0,1.8,0.3,40,-0.01566455696202532,-1.4062908891297206,-29.976609727907395,40,-0.1177215189873418,-9.331758089913391,-8104.051245528414,40
19.0,1.8,0.4,40,-0.06708860759493669,-5.2131686394846515,-1002.7234728998349,40,-0.14683544303797466,-11.581084827471917,-11716.9670118659,40
19.0,1.8,0.5,40,-0.050791139240506336,-6.325373078899136,-1506.7137057964949,40,-0.11139240506329111,-12.990288312643138,-13285.883796181628,40
19.0,1.8,0.6,40,-0.030221518987341767,-4.191078951718816,-583.9811317032661,40,-0.0661392405063291,-7.444468937788968,-4840.853464374712,40
19.0,1.8,0.7,40,-0.003639240506329114,-1.6399633713013262,-46.63577711200228,40,-0.01060126582278481,-4.9204851500095526,-1601.892918730278,40
19.0,1.8,0.8,40,-0.0030834144758195396,-2.2786571872126204,-117.95270386693313,39,-0.00649139889646219,-5.642026296729244,-2339.8338632793634,39
19.0,1.8,0.9,40,-0.0015822784810126584,-1.4034589305344742,-29.803474336303466,40,-0.0037974683544303805,-3.2990484886149463,-512.2721214052177,40
19.0,1.8,1.0,40,-0.0013094718463553033,-1.0300740903347427,-12.146648754776962,29,-0.004801396769969447,-5.925268625991184,-2438.831987916265,29
19.0,1.9,0.0,40,0.0,0.0,0.0,10,0.0,0.0,0.0,10
19.0,1.9,0.1,40,0.0063291139240506345,2.5710249885066117,245.6964144980584,40,0.01708860759493671,8.169420825231022,6133.850192019782,40
19.0,1.9,0.2,40,0.053955696202531635,6.896136329429695,2778.5561118004302,40,0.012499999999999997,1.251835034956583,28.228425074863438,40
19.0,1.9,0.3,40,-0.08718354430379747,-9.735755370609326,-2012.6731781925746,40,-0.18386075949367087,-19.96158346199921,-16527.448250014302,40
19.0,1.9,0.4,40,-0.05253164556962027,-5.0106978351389255,-913.1811586927848,40,-0.12056962025316456,-10.716136186056461,-10363.234982595635,40
19.0,1.9,0.5,40,-0.030696202531645567,-5.113988245495828,-958.6554175651015,40,-0.06170886075949367,-8.599151129593468,-6807.82242744885,40
19.0,1.9,0.6,40,-0.004905063291139241,-2.4588564735021508,-145.70120821925363,40,-0.013449367088607592,-3.981497290606322,-879.1278244731003,40
19.0,1.9,0.7,40,-0.004430379746835444,-2.845603209711194,-167.56538211495516,40,-0.006803797468354434,-4.783839026999391,-1480.3183401786566,40
19.0,1.9,0.8,40,-0.0038948393378773136,-3.247052910125746,-181.08249831690304,39,-0.007302823758519963,-7.500000000000003,-2880.1388916659553,39
19.0,1.9,0.9,40,-0.002689873417721519,-2.5971258800113604,-153.73435748475114,40,-0.0049050632911392415,-4.7819443815601135,-1478.6746897858734,40
19.0,1.9,1.0,40,-0.002182453077258839,-1.3066434376564755,-24.241190831040694,29,-0.006547359231776518,-5.899714385820229,-2437.9380978563413,29
19.0,2.0,0.0,40,0.0,0.0,0.0,10,0.0,0.0,0.0,10
19.0,2.0,0.1,40,0.011075949367088608,3.520368746161318,590.9713813223335,40,0.0235759493670886,8.888594795451212,7596.044213732736,40
19.0,2.0,0.2,40,0.01661392405063291,1.3273264470041568,37.226853034220476,40,-0.08006329113924052,-6.002254559023209,-2768.433457102821,40
19.0,2.0,0.3,40,-0.0814873417721519,-8.489079988250927,-1906.7048126669893,40,-0.16344936708860758,-17.93136998989966,-15735.814702672438,40
19.0,2.0,0.4,40,-0.053481012658227856,-5.178345097650398,-987.1777356186934,40,-0.10458860759493671,-9.795204444090022,-8921.673209323308,40
19.0,2.0,0.5,40,-0.0037974683544303805,-1.8197034798881333,-62.74537184905828,40,-0.0115506329113924,-3.80022820595608,-769.5273748456053,40
19.0,2.0,0.6,40,-0.0014240506329113926,-1.1572064416612526,-17.046555854872732,40,-0.004588607594936711,-5.2302290657357196,-1898.9278436568852,40
19.0,2.0,0.7,40,-0.00537974683544304,-4.522779608846715,-206.99308846707368,40,-0.008227848101265825,-6.034431592195243,-2808.6031937904213,40
19.0,2.0,0.8,40,-0.004588607594936708,-3.05295686336184,-179.14995677377973,40,-0.008227848101265823,-6.208370128231952,-2819.1956165035663,40
19.0,2.0,0.9,40,-0.0037974683544303805,-3.069661022319291,-180.0403471199948,40,-0.005696202531645571,-5.957716175051639,-2713.3356698044563,40
19.0,2.0,1.0,40,-0.0010912265386294198,-0.7081191035104527,-4.049615615514258,29,-0.005674378000872983,-4.337638682962931,-1122.3457414680654,29
20.0,1.1,0.0,40,,0.0,0.0,0,,0.0,0.0,0
20.0,1.1,0.1,40,0.0,0.0,0.0,40,0.0033227848101265835,5.546840709851433,2199.784070613876,40
20.0,1.1,0.2,40,-0.0006329113924050633,-1.0000000000000002,-0.5862295212356178,40,0.005537974683544307,3.5203687461613207,591.1629682025394,40
20.0,1.1,0.3,40,0.00031645569620253165,1.4327007988227587,46.398924540531716,40,0.006962025316455697,8.586872247797798,6961.829448544638,40
20.0,1.1,0.4,40,0.0004746835443037975,1.3556165885229257,39.56179492021998,40,0.012499999999999999,8.08995872087149,5982.373672581631,40
20.0,1.1,0.5,40,0.0025316455696202536,3.122498999199199,423.8561914678205,40,0.017246835443037973,10.764233236942369,12015.901612659665,40
20.0,1.1,0.6,40,0.008069620253164557,2.8152337483582333,317.1702584699657,40,0.02373417721518988,10.933910952598165,12462.508392917429,40
20.0,1.1,0.7,40,0.023101265822784815,6.479010749088997,2986.79837769199,40,0.03971518987341772,14.604901619498104,21918.950491653417,40
20.0,1.1,0.8,40,0.030854430379746844,6.964399601918926,3591.257529152965,40,0.04113924050632912,9.076756028449813,7993.608158605289,40
20.0,1.1,0.9,40,0.05696202531645571,8.616383705192783,4925.149543159148,40,0.03449367088607595,5.087968541415029,1721.104984964836,40
20.0,1.1,1.0,40,0.0320675105485232,3.3586441116475796,518.8706647517239,30,-0.005696202531645572,-0.37442139100385247,-0.8829981564883205,30
20.0,1.2,0.0,40,0.0,0.0,0.0,10,0.0,0.0,0.0,10
20.0,1.2,0.1,40,0.0,0.0,0.0,40,0.0034810126582278493,5.826631984926611,2528.1963753607497,40
20.0,1.2,0.2,40,0.000949367088607595,1.432700798822758,46.39892454053165,40,0.008860759493670888,7.162542385411678,4380.660219153598,40
20.0,1.2,0.3,40,0.0004746835443037975,1.7782469350914571,86.24219619933199,40,0.008386075949367088,8.195608280965713,6184.19327163785,40
20.0,1.2,0.4,40,0.002373417721518988,3.5532941449555713,606.3771848126077,40,0.018196202531645573,11.334108585796246,12573.685551711935,40
20.0,1.2,0.5,40,0.009810126582278481,4.903102132279503,1452.3161942699019,40,0.02911392405063292,13.55710515643798,13181.92698961117,40
20.0,1.2,0.6,40,0.025632911392405068,5.157655850130514,1657.3927310909135,40,0.039873417721519,11.596720528665971,12642.850587214838,40
20.0,1.2,0.7,40,0.05253164556962024,11.734963988237379,11636.845223259586,40,0.042246835443037964,6.9894894948766755,4115.008580140211,40
20.0,1.2,0.8,40,0.05031645569620252,7.099963310624882,3771.658406193903,40,0.007911392405063292,0.8563956854349475,9.299517480309158,40
20.0,1.2,0.9,40,0.012183544303797469,0.9740594472048769,15.300240774232941,40,-0.08544303797468358,-5.919411964746213,-2666.335205423612,40
20.0,1.2,1.0,40,-0.046624472573839656,-3.669144589550647,-412.7791276864125,30,-0.15738396624472575,-11.29409326295068,-10174.610926545727,30
20.0,1.3,0.0,40,0.0,0.0,0.0,10,0.0,0.0,0.0,10
20.0,1.3,0.1,40,0.0,0.0,0.0,40,0.004430379746835445,6.827133812776854,3874.851988184427,40
20.0,1.3,0.2,40,0.0007911392405063292,1.5327744747226988,56.32599544920918,40,0.010917721518987343,6.883253472147241,3956.7898577592046,40
20.0,1.3,0.3,40,0.0011075949367088608,2.2107618665723674,160.34456724325932,40,0.011867088607594937,8.827838254157303,7466.367619294879,40
20.0,1.3,0.4,40,0.005696202531645571,5.264078866790419,1746.9871080804617,40,0.024208860759493668,8.639582403447534,7070.645793513603,40
20.0,1.3,0.5,40,0.027848101265822784,9.375369608546475,7597.837776338561,40,0.045569620253164564,9.466626710534001,8843.378408771176,40
20.0,1.3,0.6,40,0.0606012658227848,11.085788025202254,7777.825485899536,40,0.0417721518987342,6.40661351937695,3296.735088986645,40
20.0,1.3,0.7,40,0.023101265822784815,2.0999155831321965,138.57923510124323,40,-0.06044303797468353,-5.011963300543103,-1686.5344415263273,40
20.0,1.3,0.8,40,-0.03417721518987341,-2.9342093269380514,-229.491288154491,40,-0.13860759493670888,-11.949709490725768,-12272.4805364212,40
20.0,1.3,0.9,40,-0.09414556962025314,-6.681328413718248,-1585.669027531472,40,-0.1944620253164557,-13.581402072679262,-12816.556224326927,40
20.0,1.3,1.0,40,-0.11239633347883023,-5.536788540670916,-1148.8745270494364,29,-0.21104321257092967,-10.041175692838198,-9305.936645543807,29
20.0,1.4,0.0,40,0.0,0.0,0.0,10,0.0,0.0,0.0,10
20.0,1.4,0.1,40,0.0,0.0,0.0,40,0.005537974683544306,7.306154136627319,3898.8378864921533,40
20.0,1.4,0.2,40,0.0015822784810126584,2.1295266424560713,144.19269899503712,40,0.01408227848101266,6.760535333373099,3779.1709472618895,40
20.0,1.4,0.3,40,0.004272151898734177,3.083101774130874,409.103383307798,40,0.019620253164556962,10.514633713253819,8708.710154385875,40
20.0,1.4,0.4,40,0.02357594936708861,9.49741851416321,7846.8055815089565,40,0.03370253164556962,7.645370261312346,5176.509105231566,40
20.0,1.4,0.5,40,0.05126582278481012,11.909651566836827,10059.23686303641,40,0.02183544303797469,2.064157177681216,123.37859725664593,40
20.0,1.4,0.6,40,0.026740506329113928,2.7579769415037223,299.36992981124473,40,-0.05981012658227848,-5.263817116867735,-1933.0016677065785,40
20.0,1.4,0.7,40,-0.08876582278481013,-7.372828937951958,-1749.3212805927246,40,-0.1919303797468354,-16.16390483614293,-14814.922340457477,40
20.0,1.4,0.8,40,-0.05284810126582277,-3.886956421217534,-480.1127655280395,40,-0.155379746835443,-10.99892380942704,-10810.644264349525,40
20.0,1.4,0.9,40,-0.07104430379746839,-5.784231116203599,-1262.3381155477082,40,-0.15474683544303797,-10.674830937429965,-10298.423063626933,40
20.0,1.4,1.0,40,-0.07594936708860758,-5.068251224487267,-938.463221548655,29,-0.14927979048450457,-9.515417881062179,-8432.381823330803,29
20.0,1.5,0.0,40,0.0,0.0,0.0,10,0.0,0.0,0.0,10
20.0,1.5,0.1,40,0.00015822784810126583,1.0000000000000004,16.528236616115773,40,0.0069620253164557,6.736096792653741,3744.4828909866856,40
20.0,1.5,0.2,40,0.0031645569620253173,1.7879377258381814,87.58878514663225,40,0.018037974683544303,7.103686760506676,4289.058601334603,40
20.0,1.5,0.3,40,0.01170886075949367,6.065970883273308,2521.236408582066,40,0.03037974683544304,12.176913719115051,8923.463095179783,40
20.0,1.5,0.4,40,0.057120253164556975,11.915274659740131,8241.637465728993,40,0.042879746835443044,7.740913044617259,5343.786160034156,40
20.0,1.5,0.5,40,-0.009810126582278481,-0.8434808679293909,-6.755539925806747,40,-0.10237341772151902,-6.663568952655532,-3653.6799779272133,40
20.0,1.5,0.6,40,-0.08781645569620253,-7.085303768568102,-1709.4589608117515,40,-0.19636075949367085,-15.093823149960002,-14551.871097265888,40
20.0,1.5,0.7,40,-0.10253164556962024,-8.16144209413003,-1814.3622678097886,40,-0.19129746835443034,-14.638141838831425,-14449.35541156904,40
20.0,1.5,0.8,40,-0.06091772151898737,-4.737412250646238,-796.5475211333662,40,-0.13227848101265824,-9.583371832929016,-8553.911320724952,40
20.0,1.5,0.9,40,-0.048575949367088596,-5.826591956909984,-1263.76794565795,40,-0.10205696202531651,-10.581940580121218,-10152.545321979733,40
20.0,1.5,1.0,40,-0.03470100392841554,-3.2884265012711085,-309.26151926405447,29,-0.0720209515495417,-6.716436016772989,-3729.766479011428,29
20.0,1.6,0.0,40,0.0,0.0,0.0,10,0.0,0.0,0.0,10
20.0,1.6,0.1,40,0.00031645569620253165,1.4327007988227585,46.398924540531695,40,0.007911392405063293,6.879687281219885,3951.5574519470415,40
20.0,1.6,0.2,40,0.00680379746835443,3.3485863633587254,514.5833571573746,40,0.02405063291139241,9.373178450182753,7980.852819804831,40
20.0,1.6,0.3,40,0.0319620253164557,9.30083569813094,3292.9429591170574,40,0.040981012658227844,5.901428757508119,2620.5778903658174,40
20.0,1.6,0.4,40,0.018987341772151896,1.9375269534092077,110.16901893065118,40,-0.05268987341772152,-5.232573616787622,-1901.2890790609108,40
20.0,1.6,0.5,40,-0.08306962025316458,-7.6446818952654905,-1635.7971024758756,40,-0.19699367088607597,-17.699097844696183,-15356.011560993538,40
20.0,1.6,0.6,40,-0.08797468354430378,-6.446148380243235,-1554.4138110643964,40,-0.17705696202531643,-12.271650487136744,-12712.375270858887,40
20.0,1.6,0.7,40,-0.058227848101265814,-6.881333235290113,-1681.226024033686,40,-0.12246835443037976,-14.445549320832136,-14367.473002074843,40
20.0,1.6,0.8,40,-0.038765822784810125,-5.271091394235222,-1028.5521610112614,40,-0.07484177215189873,-8.640523669313993,-6882.193764818093,40
20.0,1.6,0.9,40,-0.011234177215189876,-2.2710144770920047,-116.85948432334295,40,-0.02848101265822785,-4.921936623190041,-1603.2128051081033,40
20.0,1.6,1.0,40,0.002618943692710607,1.5894388284780527,2.4472958929512503,29,-0.004364906154517679,-3.7002610097589477,-712.875049647049,29
20.0,1.7,0.0,40,0.0,0.0,0.0,9,0.0,0.0,0.0,9
20.0,1.7,0.1,40,0.0004746835443037975,1.7782469350914571,86.24219619933199,40,0.009493670886075951,7.916979943676217,5660.596496276578,40
20.0,1.7,0.2,40,0.017088607594936703,4.13103209506634,916.3601902447397,40,0.033702531645569626,12.876841410089297,9191.252208072518,40
20.0,1.7,0.3,40,0.0550632911392405,6.891219022342827,3133.388630040318,40,0.03528481012658228,3.3046592883602828,491.3444207567433,40
20.0,1.7,0.4,40,-0.05648734177215189,-5.992166075781734,-1358.0770857595894,40,-0.1710443037974683,-16.137647097685903,-14726.524763664094,40
20.0,1.7,0.5,40,-0.07183544303797469,-7.510072941597271,-1628.0387493610274,40,-0.16962025316455695,-17.538937260518974,-15305.839966382413,40
20.0,1.7,0.6,40,-0.0647151898734177,-5.892729308089554,-1311.9289107309892,40,-0.13528481012658233,-12.051574769219803,-12414.042320653694,40
20.0,1.7,0.7,40,-0.02515822784810126,-3.5709709203426994,-384.251578260963,40,-0.0574367088607595,-7.096968162622202,-4295.464391860883,40
20.0,1.7,0.8,40,-0.00300632911392405,-1.7573210383561366,-56.81527331642028,40,-0.007911392405063293,-5.052084738939373,-1724.419314186946,40
20.0,1.7,0.9,40,-0.0015822784810126584,-1.5327744747226992,-38.418568218547186,40,-0.0041139240506329125,-4.9316359567928485,-1612.0644757292655,40
20.0,1.7,1.0,40,-0.00021824530772588389,-0.2540002540003809,-0.207499441375964,29,-0.0028371890004364915,-3.821640782648854,-782.0051384595578,29
20.0,1.8,0.0,40,0.0,0.0,0.0,10,0.0,0.0,0.0,10
20.0,1.8,0.1,40,0.0015822784810126584,1.8179892039730905,91.84720352445302,40,0.0125,8.178400362017682,6151.090867365098,40
20.0,1.8,0.2,40,0.030537974683544307,6.256598467721944,2730.5049267971044,40,0.03449367088607595,5.251907717647277,1884.0065443125795,40
20.0,1.8,0.3,40,0.018512658227848106,1.5526005367015718,58.435443237769796,40,-0.07246835443037976,-5.910784641930191,-2655.840561772637,40
20.0,1.8,0.4,40,-0.08528481012658226,-9.893357106942918,-1755.224122347765,40,-0.18322784810126586,-15.817225991076178,-14583.707328987246,40
20.0,1.8,0.5,40,-0.05221518987341771,-6.344830339568955,-1514.4282023878143,40,-0.12294303797468357,-13.197128093789406,-13440.962143715626,40
20.0,1.8,0.6,40,-0.024683544303797468,-3.883110352430252,-478.8718704050939,40,-0.05680379746835444,-8.329914215496597,-6328.703795907285,40
20.0,1.8,0.7,40,-0.0026898734177215194,-1.9813656458012854,-79.80884522134059,40,-0.007278481012658229,-7.084989787711117,-4277.125512290812,40
20.0,1.8,0.8,40,-0.00189873417721519,-1.5505191353353551,-39.71259845872539,40,-0.004905063291139242,-5.499944970008656,-2181.813776448002,40
20.0,1.8,0.9,40,-0.0018987341772151896,-1.4765243728440398,-34.50371124769701,40,-0.004746835443037976,-4.210376791603425,-1031.040739841922,40
20.0,1.8,1.0,40,-0.007420340462680053,-3.989169210890534,-204.01891755721493,29,-0.009166302924487125,-5.458031564999931,-2136.457807465732,29
20.0,1.9,0.0,40,0.0,0.0,0.0,10,0.0,0.0,0.0,10
20.0,1.9,0.1,40,0.0030063291139240506,1.430616566123619,46.20556985959576,40,0.01550632911392405,8.764487596088273,7176.284424988094,40
20.0,1.9,0.2,40,0.04303797468354431,5.661628285065259,2109.3324584052043,40,0.020411392405063296,1.581262485450399,56.12349172219294,40
20.0,1.9,0.3,40,-0.06265822784810125,-5.778082260200386,-1259.536252656583,40,-0.17927215189873416,-17.302299288463935,-15456.759240744243,40
20.0,1.9,0.4,40,-0.057753164556962014,-5.993195477891916,-1358.5520314076696,40,-0.1406645569620253,-13.271386003554834,-13496.235321279995,40
20.0,1.9,0.5,40,-0.03085443037974684,-4.277371878203094,-615.3394867027175,40,-0.07294303797468353,-8.92041024985512,-7380.6838547784955,40
20.0,1.9,0.6,40,-0.0037974683544303805,-2.284585488664977,-118.80374508744787,40,-0.008544303797468353,-6.323554520374747,-3183.255772247809,40
20.0,1.9,0.7,40,-0.0012658227848101268,-1.0336794235569036,-12.270821112347956,40,-0.004430379746835444,-5.380942803500654,-2054.3433734597656,40
20.0,1.9,0.8,40,-0.0022151898734177216,-1.897068806474129,-70.6157097062092,40,-0.005063291139240507,-6.149648918286461,-2816.0207860142,40
20.0,1.9,0.9,40,-0.004746835443037976,-3.131208915697422,-183.29473117033785,40,-0.007120253164556963,-5.626127141580295,-2321.850663564955,40
20.0,1.9,1.0,40,-0.005456132693147099,-3.72677996249965,-200.10123972649927,29,-0.007420340462680053,-5.4097895323949645,-2084.86133743202,29
20.0,2.0,0.0,40,0.0,0.0,0.0,10,0.0,0.0,0.0,10
20.0,2.0,0.1,40,0.008069620253164555,1.6786388155310785,73.08589366828359,40,0.020411392405063296,8.687564446982107,7170.415301833013,40
20.0,2.0,0.2,40,0.028481012658227844,2.2730662607393306,173.47413733053844,40,-0.037025316455696206,-2.5169760988118752,-234.1886588077455,40
20.0,2.0,0.3,40,-0.07658227848101266,-8.342665829041463,-1891.8199253804949,40,-0.17832278481012662,-16.153723757064768,-14880.593594423954,40
20.0,2.0,0.4,40,-0.05253164556962024,-5.507970327386602,-1135.7242891562958,40,-0.10743670886075947,-11.676542250452046,-11864.010844519033,40
20.0,2.0,0.5,40,0.0018987341772151902,0.7548544196102948,0.14774753278129704,40,-0.009335443037974686,-4.821865338222905,-1513.536543878106,40
20.0,2.0,0.6,40,-0.0037974683544303813,-3.434868167445603,-128.37121297645226,40,-0.006803797468354432,-7.200077881198728,-3229.7574077764684,40
20.0,2.0,0.7,40,-0.0017405063291139247,-1.601895288555889,-43.60246861852136,40,-0.004905063291139243,-6.683639498712402,-3204.826147116443,40
20.0,2.0,0.8,40,-0.0033227848101265826,-2.876234912646613,-169.28788433142898,40,-0.005854430379746837,-5.341916974662776,-2013.427755924791,40
20.0,2.0,0.9,40,-0.005221518987341773,-3.84618037126132,-209.90838283312914,40,-0.007278481012658229,-6.354036269020147,-2728.380866408101,40
20.0,2.0,1.0,40,-0.006983849847228286,-3.3018027107452097,-192.64258611356456,29,-0.008729812309035356,-4.807974112563363,-1501.3493480101658,29
21.0,1.1,0.0,40,,0.0,0.0,0,,0.0,0.0,0
21.0,1.1,0.1,40,0.0,0.0,0.0,40,0.003164556962025318,4.415880433163925,1144.9964481710565,40
21.0,1.1,0.2,40,-0.001740506329113924,-1.0,-0.5862295212356176,40,0.002848101265822787,1.442101823561507,42.77237718015189,40
21.0,1.1,0.3,40,0.0022151898734177216,1.0758625911149755,20.37457935851496,40,0.004430379746835444,3.1631053732201604,432.4105687747948,40
21.0,1.1,0.4,40,0.003955696202531647,1.1913076738605897,27.285277967994062,40,0.010759493670886076,7.784392988123636,5421.027023404768,40
21.0,1.1,0.5,40,0.007753164556962028,2.1925275277183793,156.61919760296473,40,0.017721518987341763,9.915397749974169,9883.036659059264,40
21.0,1.1,0.6,40,0.007278481012658228,3.235316907919959,467.7521663641322,40,0.021677215189873415,11.204212831905886,13189.50573079709,40
21.0,1.1,0.7,40,0.010759493670886074,5.972245935909482,2422.1342839142744,40,0.03180379746835442,14.213757469353943,21837.61632364967,40
21.0,1.1,0.8,40,0.02753164556962026,5.834678933829142,2280.290911684268,40,0.03734177215189875,9.08726951032513,8015.849189669634,40
21.0,1.1,0.9,40,0.038924050632911406,6.564774757831756,3089.29468005718,40,0.03813291139240506,4.442791870282193,1165.2706038111687,40
21.0,1.1,1.0,40,0.06518987341772153,12.76655057965872,7051.514094334194,30,0.02890295358649789,5.206272528570793,1837.781534711147,30
21.0,1.2,0.0,40,0.0,0.0,0.0,10,0.0,0.0,0.0,10
21.0,1.2,0.1,40,0.0,0.0,0.0,40,0.0037974683544303805,4.355797627642152,1100.440415367368,40
21.0,1.2,0.2,40,-0.0004746835443037975,-1.0000000000000002,-0.5862295212356178,40,0.005379746835443041,5.368993104532895,2005.8069720814124,40
21.0,1.2,0.3,40,0.0012658227848101266,1.1354541815269819,23.776642002724167,40,0.006170886075949369,5.618669934787326,2281.5207829165993,40
21.0,1.2,0.4,40,0.0030063291139240506,2.0472972475067484,128.93124088867256,40,0.015189873417721522,7.698816000530628,5269.692542539222,40
21.0,1.2,0.5,40,0.01518987341772152,3.457643036792202,562.3096370387383,40,0.025,10.617764135567167,11635.233633969261,40
21.0,1.2,0.6,40,0.01613924050632911,4.038705642977994,861.8571810020094,40,0.03243670886075949,9.393377008751058,8680.1252208715,40
21.0,1.2,0.7,40,0.03401898734177215,11.879285198602886,11657.034841024002,40,0.04272151898734177,11.742261211160118,14693.868211476649,40
21.0,1.2,0.8,40,0.06186708860759492,10.703962765529202,10554.376654312318,40,0.03132911392405063,5.4394257015080365,2081.3163310498144,40
21.0,1.2,0.9,40,0.06471518987341772,5.946139110892973,2394.818181147317,40,-0.03275316455696202,-3.0497459025056326,-408.2634444331962,40
21.0,1.2,1.0,40,0.04430379746835444,3.3362476381216166,509.3560548019294,30,-0.09071729957805906,-8.208531840323912,-6117.124733820212,30
21.0,1.3,0.0,40,0.0,0.0,0.0,10,0.0,0.0,0.0,10
21.0,1.3,0.1,40,0.0,0.0,0.0,40,0.004746835443037976,4.713299255661341,1382.0866443185867,40
21.0,1.3,0.2,40,0.0,0.0,0.0,40,0.008069620253164562,6.502604730294576,3423.1363859089274,40
21.0,1.3,0.3,40,0.0017405063291139242,1.214556908465479,28.84631016441979,40,0.007436708860759494,2.9364707685446274,347.8811558677183,40
21.0,1.3,0.4,40,0.007120253164556961,4.268254102040409,1000.9167584390792,40,0.024999999999999994,9.989724117606023,10061.455088897668,40
21.0,1.3,0.5,40,0.031012658227848107,5.372642717110581,1841.5942077295458,40,0.032120253164556974,6.71605641913765,3716.1717157516173,40
21.0,1.3,0.6,40,0.03987341772151899,3.829333245285435,745.1401718853508,40,0.0254746835443038,1.8181937020631678,84.96892945203814,40
21.0,1.3,0.7,40,0.06123417721518987,10.0813546170676,9097.727286105272,40,0.0015822784810126567,0.22093214742813894,0.17463785482698008,40
21.0,1.3,0.8,40,0.03797468354430379,3.782146977787801,720.160257222013,40,-0.0819620253164557,-6.355972370966841,-3226.764048389004,40
21.0,1.3,0.9,40,0.012183544303797464,0.8019416655587592,8.612511500582384,40,-0.13639240506329114,-11.153280356032143,-11054.796372094743,40
21.0,1.3,1.0,40,0.002618943692710606,0.17193812296199615,0.08878988312055344,29,-0.14338716717590574,-11.106573633330115,-10981.185225405363,29
21.0,1.4,0.0,40,0.0,0.0,0.0,10,0.0,0.0,0.0,10
21.0,1.4,0.1,40,0.0006329113924050633,1.0000000000000004,16.528236616115773,40,0.005696202531645571,5.7971012565525735,2492.2457658503226,40
21.0,1.4,0.2,40,0.00031645569620253165,1.4327007988227587,46.398924540531716,40,0.010284810126582276,5.286932375586085,1919.954353003979,40
21.0,1.4,0.3,40,-0.0014240506329113918,-0.4383662550180345,-0.029045892140897544,40,0.008702531645569622,0.8883449937876374,10.326812676028613,40
21.0,1.4,0.4,40,0.02072784810126583,7.120870450260391,3799.8885370426024,40,0.036075949367088606,11.542952292809211,14129.646186902834,40
21.0,1.4,0.5,40,0.05775316455696202,10.419850974299568,9872.691873268857,40,0.027689873417721517,3.8761488419105268,783.3255585385293,40
21.0,1.4,0.6,40,0.07484177215189872,6.199417190179441,2666.799208135915,40,-0.02088607594936709,-1.762891302844883,-83.46353164322132,40
21.0,1.4,0.7,40,0.036708860759493665,3.49005510481814,576.9985766895184,40,-0.11281645569620255,-13.092108272232268,-13552.519309995989,40
21.0,1.4,0.8,40,-0.0011075949367088632,-0.09675080512250346,-0.017437874798105088,40,-0.14683544303797463,-16.23305041217323,-14988.232829226517,40
21.0,1.4,0.9,40,-0.0036392405063291125,-0.35263267290805345,-0.5289604466494854,40,-0.11946202531645571,-16.121569701650472,-14958.970093686741,40
21.0,1.4,1.0,40,-0.0325185508511567,-2.2646798069263716,-115.95806199774157,29,-0.12156263640331735,-10.172531279087096,-9511.59127600409,29
21.0,1.5,0.0,40,0.0,0.0,0.0,10,0.0,0.0,0.0,10
21.0,1.5,0.1,40,0.0022151898734177216,0.999999999999999,16.5282366161157,40,0.00680379746835443,5.275541607385382,1908.2327006361809,40
21.0,1.5,0.2,40,0.0018987341772151902,2.9259144911900767,353.4505644529213,40,0.013924050632911392,6.3988881897620224,3285.71443068236,40
21.0,1.5,0.3,40,0.005854430379746836,1.5031176605762164,53.248773493223695,40,0.02041139240506329,2.0649812580842317,123.52185474244506,40
21.0,1.5,0.4,40,0.046993670886075964,9.256367092312873,7359.181992427097,40,0.03686708860759495,10.660317548888647,11745.072464093337,40
21.0,1.5,0.5,40,0.06645569620253165,7.441335276808011,4249.532395860352,40,-0.035759493670886065,-4.724449693087488,-1429.143862665256,40
21.0,1.5,0.6,40,0.04351265822784811,3.2362130558325393,468.11102846483794,40,-0.11424050632911391,-11.175002685866176,-11088.523557252978,40
21.0,1.5,0.7,40,-0.006645569620253161,-0.5756680193231634,-2.2055704821782545,40,-0.14240506329113925,-13.55537734636431,-13941.813903488657,40
21.0,1.5,0.8,40,-0.013924050632911392,-1.4686764883243941,-33.979078351456145,40,-0.11598101265822783,-14.302783731762508,-14282.240662336255,40
21.0,1.5,0.9,40,-0.03417721518987342,-3.637712636146369,-403.5203618810886,40,-0.09620253164556959,-10.30140521850857,-9714.112255057627,40
21.0,1.5,1.0,40,-0.005892623308598865,-1.037530108925779,-12.40436934006561,29,-0.03775643823657791,-6.934279506185952,-4049.14761102111,29
21.0,1.6,0.0,40,0.0,0.0,0.0,10,0.0,0.0,0.0,10
21.0,1.6,0.1,40,0.002689873417721519,1.0621277247927376,19.636884224066698,40,0.008702531645569622,5.100424782880479,1733.1792997892462,40
21.0,1.6,0.2,40,0.004272151898734177,3.3125493813815177,499.3848640279952,40,0.020094936708860756,8.201758851095532,6196.0338064113075,40
21.0,1.6,0.3,40,0.020886075949367092,3.557421023508213,608.3229344409517,40,0.03180379746835442,3.3629714986919237,517.0511455357503,40
21.0,1.6,0.4,40,0.06930379746835444,8.777301584563917,6443.225809459054,40,-0.009018987341772155,-1.0535794690036135,-18.469008723810038,40
21.0,1.6,0.5,40,0.03575949367088608,3.598793500635582,628.034550150117,40,-0.10047468354430378,-11.0869309332679,-10949.995616503611,40
21.0,1.6,0.6,40,0.012025316455696199,1.2229221396279062,29.419081097880486,40,-0.1129746835443038,-11.502020634091085,-11595.170147425546,40
21.0,1.6,0.7,40,-0.02294303797468354,-2.3326570034426144,-125.89028799687762,40,-0.10712025316455698,-12.97898613543253,-13440.199078744192,40
21.0,1.6,0.8,40,-0.01613924050632911,-2.3846092642453214,-133.82971694336032,40,-0.06044303797468355,-8.131199711915437,-5983.914036268282,40
21.0,1.6,0.9,40,-0.003481012658227848,-1.1817643723120839,-18.118966572130823,40,-0.016772151898734176,-5.292541415098165,-1962.3979787061844,40
21.0,1.6,1.0,40,0.0006547359231776518,0.721568539381252,1.224837078592977,29,-0.004146660846791794,-3.493956134326678,-604.5109520096236,29
21.0,1.7,0.0,40,0.0,0.0,0.0,9,0.0,0.0,0.0,9
21.0,1.7,0.1,40,0.002689873417721519,1.132301505798755,23.588305477506307,40,0.009968354430379744,5.781432539707218,2473.30869611692,40
21.0,1.7,0.2,40,0.0120253164556962,4.060289211097128,874.4245967206732,40,0.027848101265822784,8.545248773192311,6876.803860933034,40
21.0,1.7,0.3,40,0.04762658227848101,5.144311563417873,1646.3475393132228,40,0.025949367088607594,2.3507183160650023,181.35886109612164,40
21.0,1.7,0.4,40,0.04113924050632911,3.7902159179189763,724.3891589431714,40,-0.09778481012658227,-9.472660382912157,-8355.565543080775,40
21.0,1.7,0.5,40,0.008702531645569623,1.0127861440574457,17.138507362824907,40,-0.11075949367088608,-12.116901391193586,-12502.488217376456,40
21.0,1.7,0.6,40,-0.018354430379746833,-2.1632278793598383,-102.03754048994561,40,-0.10189873417721522,-11.377856921292272,-11402.96657405539,40
21.0,1.7,0.7,40,-0.007753164556962027,-1.2309421972046892,-20.395948283497624,40,-0.04145569620253165,-7.4997772889027505,-4929.898808122756,40
21.0,1.7,0.8,40,-0.0006329113924050635,-0.36115755925730775,-0.5665043042267177,40,-0.008386075949367088,-4.7230572085499,-1427.9595233472178,40
21.0,1.7,0.9,40,-0.002531645569620254,-2.1579426354540687,-101.3438959538753,40,-0.005221518987341774,-5.971595232612999,-1994.3127342135642,40
21.0,1.7,1.0,40,-0.003491924923614142,-2.4501734803380946,-102.90395494925478,29,-0.006547359231776519,-4.050462936504914,-923.2589082334039,29
21.0,1.8,0.0,40,0.0,0.0,0.0,10,0.0,0.0,0.0,10
21.0,1.8,0.1,40,0.0031645569620253173,2.015564437074637,123.32768517073353,40,0.012341772151898734,7.555951067544702,5022.695999555318,40
21.0,1.8,0.2,40,0.023101265822784812,6.518630018142832,3033.90672556958,40,0.03813291139240506,13.324196454010805,8692.208816244616,40
21.0,1.8,0.3,40,0.06170886075949368,4.626110107363332,1243.7983778239598,40,-0.03370253164556961,-2.11929202246532,-142.34032671449995,40
21.0,1.8,0.4,40,0.005696202531645574,0.5024313587519316,2.1891757605810076,40,-0.13734177215189874,-12.600867455297383,-12976.162547244667,40
21.0,1.8,0.5,40,-0.019462025316455696,-2.4414034795761173,-142.8548135766426,40,-0.09699367088607595,-11.796574361175944,-12047.793839314636,40
21.0,1.8,0.6,40,-0.006645569620253167,-1.019757656254451,-11.79519022952812,40,-0.046360759493670876,-7.3945925305910025,-4761.472583126634,40
21.0,1.8,0.7,40,-0.0014240506329113926,-1.0700374130099515,-13.569908946702398,40,-0.0063291139240506345,-6.244997998398402,-3078.8460316990854,40
21.0,1.8,0.8,40,-0.0015822784810126576,-1.2391259301887527,-20.790182809873265,40,-0.003639240506329114,-3.6951145595510977,-710.0388943884594,40
21.0,1.8,0.9,40,-0.0037974683544303805,-3.5093859111936134,-177.45363724946833,40,-0.005537974683544306,-5.730187740937618,-1986.031955865672,40
21.0,1.8,1.0,40,-0.002837189000436491,-1.8598559964377301,-66.76901738276443,29,-0.006547359231776519,-5.297391886747833,-1967.3811271241063,29
21.0,1.9,0.0,40,0.0,0.0,0.0,10,0.0,0.0,0.0,10
21.0,1.9,0.1,40,0.005854430379746836,2.279962284916275,174.966220723061,40,0.013607594936708859,8.129959531254446,6058.395088541998,40
21.0,1.9,0.2,40,0.04462025316455696,11.312300674877683,12093.05465519997,40,0.03623417721518988,10.82946487499519,7973.687777318134,40
21.0,1.9,0.3,40,0.04667721518987342,3.665428497583659,660.6152519036557,40,-0.11265822784810124,-9.30681746112663,-8059.7109156220195,40
21.0,1.9,0.4,40,-0.014556962025316453,-1.5822320683658482,-42.0822835834766,40,-0.12199367088607596,-13.908733740818501,-13732.32850594395,40
21.0,1.9,0.5,40,-0.014398734177215189,-2.3139108864813194,-123.08938051315715,40,-0.0454113924050633,-5.851147251738282,-2583.7317765787293,40
21.0,1.9,0.6,40,-0.00031645569620253214,-0.1480622447841543,-0.0465231266988574,40,-0.007594936708860758,-3.453051821067979,-584.3816136003763,40
21.0,1.9,0.7,40,-0.0028481012658227857,-2.3357993383899234,-109.15544795303884,40,-0.0055379746835443056,-6.073869597866909,-2858.1453822100475,40
21.0,1.9,0.8,40,-0.0022151898734177216,-2.0142802289563217,-83.57815104701272,40,-0.004430379746835444,-5.188014355969584,-1856.616947644487,40
21.0,1.9,0.9,40,-0.0031645569620253173,-2.911745330478822,-171.25464906523317,40,-0.005221518987341774,-4.443508734601184,-1201.9573494826022,40
21.0,1.9,1.0,40,-0.003710170231340026,-2.4891802619984786,-147.77028041525358,29,-0.006547359231776518,-5.676712423455932,-2379.425974262319,29
21.0,2.0,0.0,40,0.0,0.0,0.0,10,0.0,0.0,0.0,10
21.0,2.0,0.1,40,0.007753164556962027,2.288530850762387,176.836026690936,40,0.0175632911392405,9.231116564870463,7214.139910806886,40
21.0,2.0,0.2,40,0.0783227848101266,12.161043112706441,12267.699030793305,40,0.014715189873417722,2.5267998152063975,224.1427018449815,40
21.0,2.0,0.3,40,0.0194620253164557,1.5024225724852596,53.17847036315469,40,-0.13275316455696204,-14.184858258979943,-13965.397268334578,40
21.0,2.0,0.4,40,-0.030379746835443033,-3.9999999999999996,-517.4559023357665,40,-0.0908227848101266,-10.87730447503555,-10617.20061756521,40
21.0,2.0,0.5,40,-0.0015822784810126576,-0.6517949073958689,-3.1822595079236784,40,-0.008544303797468355,-3.5227637854260405,-618.9239360430296,40
21.0,2.0,0.6,40,-0.0009493670886075953,-0.7127127605255287,-4.1263447786515,40,-0.005063291139240508,-4.638668060910413,-1357.2036164913213,40
21.0,2.0,0.7,40,-0.002373417721518988,-1.6419051539483676,-46.79351632589177,40,-0.005696202531645571,-5.1523022511684005,-1821.3571338471736,40
21.0,2.0,0.8,40,-0.002215189873417722,-2.4027929368301737,-136.67750511977422,40,-0.0041139240506329125,-5.34157912348657,-2013.076687747124,40
21.0,2.0,0.9,40,-0.005696202531645571,-3.598155265059503,-206.45809240641793,40,-0.008069620253164558,-5.702887340120541,-2409.513443702883,40
21.0,2.0,1.0,40,-0.005019642077695331,-3.727590955826394,-208.2018168364153,29,-0.007420340462680055,-7.100524310420047,-2467.100967308326,29
22.0,1.1,0.0,40,,0.0,0.0,0,,0.0,0.0,0
22.0,1.1,0.1,40,0.0,0.0,0.0,40,0.0020569620253164562,4.333333333333335,1084.0711879646963,40
22.0,1.1,0.2,40,0.004113924050632911,1.0,16.528236616115752,40,0.004430379746835445,5.380942803500653,2018.496190079195,40
22.0,1.1,0.3,40,-0.004113924050632911,-1.0,-0.4713933761458263,40,-0.005221518987341774,-0.5243518014153228,-0.051669481272694336,40
22.0,1.1,0.4,40,0.0004746835443037975,1.3556165885229265,39.56179492022006,40,0.0071202531645569635,6.992919904629944,4120.168092706812,40
22.0,1.1,0.5,40,0.000791139240506329,1.5327744747226983,56.32599544920913,40,0.010443037974683543,3.198673237359914,446.7322320938409,40
22.0,1.1,0.6,40,0.0031645569620253173,4.415880433163924,1097.2757695772111,40,0.016455696202531647,13.301864430050259,19299.801652449296,40
22.0,1.1,0.7,40,0.011867088607594932,3.7291416737395364,692.719270809497,40,0.026265822784810128,14.207621154613744,21835.863087460726,40
22.0,1.1,0.8,40,0.01977848101265823,6.34528456994154,2831.0407200423892,40,0.03227848101265823,14.18689032673677,21828.615057006253,40
22.0,1.1,0.9,40,0.03718354430379746,9.438803054539195,7726.800499607986,40,0.0375,17.309808273168038,29036.78438956343,40
22.0,1.1,1.0,40,0.06118143459915611,8.855575750054411,6587.999867161095,30,0.032911392405063286,9.025356708291996,7885.3836617985835,30
22.0,1.2,0.0,40,0.0,0.0,0.0,10,0.0,0.0,0.0,10
22.0,1.2,0.1,40,0.0,0.0,0.0,40,0.002848101265822786,5.152302251168403,1783.9128516495066,40
22.0,1.2,0.2,40,0.001582278481012658,1.0000000000000002,16.528236616115763,40,0.004746835443037977,6.708203932499373,2867.3576723608744,40
22.0,1.2,0.3,40,-0.003481012658227847,-0.9545573657110865,-0.4274322636614719,40,-0.0011075949367088582,-0.13048900730188925,-0.0013800312088095713,40
22.0,1.2,0.4,40,0.0007911392405063292,1.7060034470053185,76.55736587901049,40,0.01060126582278481,6.070362006115229,2836.7577942794155,40
22.0,1.2,0.5,40,0.006012658227848103,5.110831017752617,1618.8282253731902,40,0.019462025316455692,9.762409321555275,9521.423098199413,40
22.0,1.2,0.6,40,0.01139240506329114,6.132466294823222,2593.1689940280025,40,0.026424050632911394,12.73078416456709,17590.677158602808,40
22.0,1.2,0.7,40,0.04050632911392406,11.089391139415913,11517.536144890591,40,0.03386075949367088,9.613854885242556,9176.98796282783,40
22.0,1.2,0.8,40,0.0680379746835443,11.627176187567553,12929.901657735298,40,0.03243670886075951,5.9423330242405,2671.985903633489,40
22.0,1.2,0.9,40,0.0908227848101266,14.191236663660074,19601.654309550486,40,0.0033227848101265818,0.664427650905704,4.484108807354317,40
22.0,1.2,1.0,40,0.11033755274261606,14.24317320389098,19612.17083649899,30,-0.03059071729957806,-3.2466396519020164,-489.16402339143866,30
22.0,1.3,0.0,40,0.0,0.0,0.0,10,0.0,0.0,0.0,10
22.0,1.3,0.1,40,0.0,0.0,0.0,40,0.0030063291139240515,4.693917750639146,1365.80551792693,40
22.0,1.3,0.2,40,0.0004746835443037975,1.355616588522925,29.448764921227905,40,0.005537974683544306,6.07386959786691,2841.3456273360744,40
22.0,1.3,0.3,40,-0.0011075949367088606,-0.4641347162544518,-0.059662460140665265,40,0.0006329113924050658,0.07584893488665534,0.009292819027017837,40
22.0,1.3,0.4,40,0.004746835443037976,3.1312089156974214,427.14826990704427,40,0.017246835443037973,9.440584693424547,8785.214553542131,40
22.0,1.3,0.5,40,0.022943037974683552,7.218831955035588,3933.9366319862247,40,0.028797468354430377,9.19599796830937,8248.28673740418,40
22.0,1.3,0.6,40,0.0458860759493671,10.811512830936936,10818.998959009466,40,0.03338607594936708,13.393667517879555,19576.115151906088,40
22.0,1.3,0.7,40,0.09098101265822782,12.117577203223908,14289.629256155222,40,0.005221518987341771,0.8869222655814868,10.27998390982167,40
22.0,1.3,0.8,40,0.1014240506329114,11.767602694717493,13312.496308863309,40,-0.04462025316455697,-4.958238994786429,-1636.5055108689119,40
22.0,1.3,0.9,40,0.10901898734177215,12.719337708533555,16043.955470347846,40,-0.09224683544303797,-11.17056714546777,-11081.657042435509,40
22.0,1.3,1.0,40,0.07944129201222172,5.358572888892409,1829.1649501697395,29,-0.1150152771715408,-10.116459675685068,-9423.726724607735,29
22.0,1.4,0.0,40,0.0,0.0,0.0,10,0.0,0.0,0.0,10
22.0,1.4,0.1,40,0.0,0.0,0.0,40,0.0033227848101265835,4.639575095990924,1320.7494182178705,40
22.0,1.4,0.2,40,0.0007911392405063292,1.2200613174429435,29.22269047491978,40,0.006803797468354434,7.200077881198728,4439.691377042138,40
22.0,1.4,0.3,40,0.0028481012658227852,1.963961012123932,114.5170635080296,40,0.009018987341772151,3.0267766051928504,380.13552502725037,40
22.0,1.4,0.4,40,0.016297468354430376,4.732867258158872,1321.9632926506051,40,0.026898734177215188,13.548681679200364,20044.985367363268,40
22.0,1.4,0.5,40,0.05917721518987342,10.482636402236965,10021.145358751883,40,0.02753164556962025,6.415960697076803,3308.9197151735934,40
22.0,1.4,0.6,40,0.09050632911392407,15.071376746597542,21977.122786906704,40,-0.011234177215189876,-1.7109548208945595,-76.51498170350143,40
22.0,1.4,0.7,40,0.1259493670886076,12.509755034386838,15422.186586690475,40,-0.07294303797468353,-9.207778292736323,-7884.7133494121435,40
22.0,1.4,0.8,40,0.08813291139240506,9.490018237327039,7831.613265039615,40,-0.10838607594936711,-15.199145123908552,-14636.920960317606,40
22.0,1.4,0.9,40,0.032436708860759486,3.404864674003338,538.861939221428,40,-0.1299050632911392,-14.532067794522392,-14377.983323203698,40
22.0,1.4,1.0,40,0.00720209515495417,0.798407496364137,8.502782539097016,29,-0.10912265386294193,-12.530524392116602,-12980.053300212347,29
22.0,1.5,0.0,40,0.0,0.0,0.0,10,0.0,0.0,0.0,10
22.0,1.5,0.1,40,0.0,0.0,0.0,40,0.0037974683544303805,4.878176930933476,1525.4488713205492,40
22.0,1.5,0.2,40,0.000949367088607595,1.9639610121239308,114.51706350802941,40,0.009335443037974685,9.214251951427759,7584.343819855945,40
22.0,1.5,0.3,40,0.006645569620253165,3.3429685305864343,512.2008617280454,40,0.014240506329113927,3.429428942865318,547.4859399955816,40
22.0,1.5,0.4,40,0.04477848101265823,8.414828851968469,5796.585021461674,40,0.03512658227848101,15.202955966846385,24292.818598065714,40
22.0,1.5,0.5,40,0.09889240506329114,11.926903990446535,13754.060946969277,40,-0.008227848101265822,-1.4293660884305022,-45.228526158501,40
22.0,1.5,0.6,40,0.09920886075949366,9.935706096147783,8775.660813382328,40,-0.09509493670886075,-10.891144233268502,-10639.102705771998,40
22.0,1.5,0.7,40,0.0740506329113924,6.991767236072526,3627.2774771285194,40,-0.11867088607594937,-13.358169888942305,-13803.056584598386,40
22.0,1.5,0.8,40,0.022468354430379752,2.998993380687278,378.6994080153112,40,-0.10712025316455695,-12.853618469498205,-13310.16675408412,40
22.0,1.5,0.9,40,-0.008860759493670886,-1.0968234673831772,-14.588599684912277,40,-0.08813291139240503,-11.238934629032297,-11187.230188031353,40
22.0,1.5,1.0,40,0.006110868616324751,1.2292327752948307,8.956711150427541,29,-0.026625927542557836,-4.375117121342456,-1150.1459042674833,29
22.0,1.6,0.0,40,0.0,0.0,0.0,10,0.0,0.0,0.0,10
22.0,1.6,0.1,40,0.0,0.0,0.0,40,0.004905063291139243,6.1250727764261335,2908.976540821887,40
22.0,1.6,0.2,40,0.0028481012658227852,3.635598055582783,645.8963809074664,40,0.013765822784810127,10.43486410004585,7873.782390830434,40
22.0,1.6,0.3,40,0.01582278481012658,5.012870034160215,1539.4998185210504,40,0.02104430379746836,2.8317601050836423,312.90539345386634,40
22.0,1.6,0.4,40,0.09303797468354431,12.929784588233305,16682.493908999404,40,0.009968354430379748,2.463253517265696,208.0257136951491,40
22.0,1.6,0.5,40,0.11234177215189871,12.512105939091782,15429.071997754516,40,-0.08180379746835444,-12.320722065726477,-12766.196357436897,40
22.0,1.6,0.6,40,0.06186708860759495,4.927551056068534,1471.5816001647065,40,-0.115506329113924,-13.152592046546054,-13611.529807698198,40
22.0,1.6,0.7,40,-0.0018987341772151896,-0.24471900463626745,-0.18720480470469775,40,-0.10838607594936708,-13.367219831751356,-13807.630340773756,40
22.0,1.6,0.8,40,0.0017405063291139236,0.3394300719579204,0.7242721775300662,40,-0.04446202531645572,-8.959937598241625,-7449.752104900702,40
22.0,1.6,0.9,40,-0.0007911392405063285,-0.24987989430005808,-0.1983023039111037,40,-0.01613924050632911,-4.5785152868442065,-1308.1174980441401,40
22.0,1.6,1.0,40,0.0006547359231776516,0.3915158637052229,1.073008680281468,29,-0.003928415539065911,-3.1855377892455476,-463.0405798973273,29
22.0,1.7,0.0,40,0.0,0.0,0.0,9,0.0,0.0,0.0,9
22.0,1.7,0.1,40,0.0,0.0,0.0,40,0.006012658227848104,7.372860595391276,4717.269305731103,40
22.0,1.7,0.2,40,0.007436708860759492,3.3512294978766235,515.7066658393302,40,0.019620253164556966,14.081959639964438,8834.78110136607,40
22.0,1.7,0.3,40,0.04208860759493671,11.010059137626019,11315.988214265342,40,0.02958860759493671,3.634702275429449,649.3069165903581,40
22.0,1.7,0.4,40,0.13101265822784808,13.803146374869888,18081.68525301254,40,-0.0610759493670886,-10.219047955936395,-9584.621029289503,40
22.0,1.7,0.5,40,0.0560126582278481,5.271356623771261,1753.2169274243706,40,-0.12325949367088607,-13.270025044598107,-13517.465606175405,40
22.0,1.7,0.6,40,0.019145569620253173,2.337330094375296,187.7074294102946,40,-0.08291139240506329,-11.742314636749867,-11965.105718548377,40
22.0,1.7,0.7,40,-0.006170886075949367,-1.3310999645050114,-20.561383490592252,40,-0.0348101265822785,-6.7296291034114075,-3748.834130952192,40
22.0,1.7,0.8,40,-0.0011075949367088612,-0.5368350084248863,-1.8029410161329975,40,-0.007753164556962027,-7.059354533450743,-4237.969374077496,40
22.0,1.7,0.9,40,-0.0034810126582278493,-2.3716140156721415,-127.18248103716431,40,-0.0061708860759493705,-5.101815488751404,-1772.1430364868766,40
22.0,1.7,1.0,40,-0.002182453077258839,-1.1536023921124008,-16.89336781528861,29,-0.005456132693147099,-3.4933688926826245,-604.2195752701409,29
22.0,1.8,0.0,40,0.0,0.0,0.0,10,0.0,0.0,0.0,10
22.0,1.8,0.1,40,0.0,0.0,0.0,40,0.007594936708860761,6.958002091365617,4067.6748663769886,40
22.0,1.8,0.2,40,0.022151898734177215,5.08176389891584,1595.129592554454,40,0.03196202531645569,13.270752872618376,8682.742381029593,40
22.0,1.8,0.3,40,0.07310126582278478,12.262864478580452,14705.344318386287,40,-0.00806962025316456,-1.026660678670773,-17.13078495199577,40
22.0,1.8,0.4,40,0.09920886075949367,8.081577068572722,5238.200002222022,40,-0.10490506329113924,-10.617508834076496,-10208.348177882206,40
22.0,1.8,0.5,40,-0.0052215189873417705,-0.7024538854040941,-3.9560871309971546,40,-0.10553797468354428,-11.785765475296934,-12031.385439428426,40
22.0,1.8,0.6,40,0.00759493670886076,2.0979165661425383,138.20649689128518,40,-0.01819620253164557,-5.362650002970824,-2035.114617852912,40
22.0,1.8,0.7,40,0.0011075949367088606,0.7463112434939922,6.966631467557203,40,-0.006012658227848103,-5.018570166056056,-1692.7382614076516,40
22.0,1.8,0.8,40,-0.0017405063291139242,-1.676484878709259,-49.66570088032232,40,-0.004430379746835444,-5.014452795879653,-1688.8707703665746,40
22.0,1.8,0.9,40,-0.0033227848101265835,-2.1860529389907333,-105.07067300566744,40,-0.00617088607594937,-4.8526931088718595,-1540.855396648262,40
22.0,1.8,1.0,40,-0.004583151462243563,-2.6250000000000004,-155.225912451126,29,-0.006329113924050636,-4.201449025401058,-1024.833475268659,29
22.0,1.9,0.0,40,0.0,0.0,0.0,10,0.0,0.0,0.0,10
22.0,1.9,0.1,40,0.0007911392405063292,1.5327744747226988,56.32599544920918,40,0.00949367088607595,8.378544026261364,6542.112818136295,40
22.0,1.9,0.2,40,0.04462025316455696,8.643182042423938,6199.3359811268265,40,0.032120253164556974,13.194835065592521,8659.693780356367,40
22.0,1.9,0.3,40,0.09145569620253165,8.47419416547185,5899.641313404561,40,-0.08829113924050631,-8.947631071738119,-7428.249828131914,40
22.0,1.9,0.4,40,0.030537974683544307,3.0524688025825255,397.86123233921546,40,-0.11265822784810128,-15.695441693439317,-14212.382638693827,40
22.0,1.9,0.5,40,0.0018987341772151909,0.4576321750458897,1.6762519495657022,40,-0.031170886075949367,-7.316913896072655,-4638.401603144007,40
22.0,1.9,0.6,40,0.0023734177215189883,1.8605210188381276,98.11142444063536,40,-0.003006329113924051,-3.8315685590268984,-787.8369147230568,40
22.0,1.9,0.7,40,-0.003006329113924051,-2.2113886285659716,-108.50917050627918,40,-0.006170886075949368,-5.014561247198761,-1688.972517067547,40
22.0,1.9,0.8,40,-0.003639240506329114,-3.096990936237188,-181.49011215927453,40,-0.005696202531645571,-5.7971012565525735,-2519.3421157682715,40
22.0,1.9,0.9,40,-0.005537974683544304,-3.807786926110568,-211.4564014447193,40,-0.007436708860759494,-6.328633652310773,-3190.0539024732007,40
22.0,1.9,1.0,40,-0.007856831078131822,-4.593220484431883,-225.39144828279177,29,-0.009384548232213009,-5.684813420023069,-2388.710233010127,29
22.0,2.0,0.0,40,0.0,0.0,0.0,10,0.0,0.0,0.0,10
22.0,2.0,0.1,40,0.0026898734177215186,1.5211504144735624,55.108979799226816,40,0.013607594936708853,8.205518400008929,6203.270361213191,40
22.0,2.0,0.2,40,0.07468354430379745,15.329018137426507,12871.395280084742,40,0.011867088607594937,1.7405211275604677,74.68823788105416,40
22.0,2.0,0.3,40,0.04193037974683544,4.0828742496220665,887.7188110488355,40,-0.14272151898734173,-15.996869552464434,-14382.203215310574,40
22.0,2.0,0.4,40,0.005696202531645571,1.021233790537516,17.549954378313068,40,-0.06598101265822785,-10.249834927830605,-9633.049705834546,40
22.0,2.0,0.5,40,-0.001582278481012658,-1.4638501094227996,-33.65871067742083,40,-0.006803797468354432,-5.958621473718613,-2714.4486644300187,40
22.0,2.0,0.6,40,-0.001740506329113924,-1.7179113807746667,-53.2554645971665,40,-0.004272151898734179,-5.152302251168404,-1821.357133847177,40
22.0,2.0,0.7,40,-0.005854430379746837,-4.405434336168734,-188.20728332180033,40,-0.00759493670886076,-6.000000000000002,-2765.631412947561,40
22.0,2.0,0.8,40,-0.0020569620253164562,-1.504716049021461,-36.431015612090704,40,-0.005537974683544306,-5.730187740937617,-2441.0762182176354,40
22.0,2.0,0.9,40,-0.005063291139240507,-4.000000000000002,-214.39405256340723,40,-0.007278481012658229,-6.6183493237136295,-3589.363167356565,40
22.0,2.0,1.0,40,-0.0032736796158882586,-1.9481223582956917,-76.10728784737016,29,-0.006765604539502402,-5.396407334626633,-2070.6759591206505,29
23.0,1.1,0.0,40,,0.0,0.0,0,,0.0,0.0,0
23.0,1.1,0.1,40,0.0,0.0,0.0,40,0.0014240506329113924,3.3649042549768464,517.9146544456719,40
23.0,1.1,0.2,40,0.004272151898734177,1.0,16.528236616115752,40,0.0017405063291139247,2.561890383404135,233.41239168870206,40
23.0,1.1,0.3,40,0.00015822784810126583,1.0000000000000004,16.528236616115773,40,0.004588607594936711,5.848183590093688,2554.6277784296676,40
23.0,1.1,0.4,40,0.00015822784810126583,1.0000000000000002,16.528236616115763,40,0.006645569620253168,7.851443261612649,5541.510245550207,40
23.0,1.1,0.5,40,0.0015822784810126584,3.2036163775859388,455.13946634142155,40,0.012974683544303794,11.698990909859575,14570.57338542189,40
23.0,1.1,0.6,40,0.0031645569620253173,5.2779866291174775,1758.8998739664505,40,0.01582278481012658,11.801936887041641,14863.962824145932,40
23.0,1.1,0.7,40,0.003955696202531648,5.105831833950035,1614.7480395285702,40,0.02199367088607595,13.866264240992262,20994.842479050156,40
23.0,1.1,0.8,40,0.015348101265822787,5.919839851535294,2367.4700356631133,40,0.032911392405063286,18.56414422968083,30099.709960597484,40
23.0,1.1,0.9,40,0.022626582278481015,8.26635983945095,5543.88963943658,40,0.03670886075949367,18.087898435844796,29937.79711105373,40
23.0,1.1,1.0,40,0.04725738396624472,12.769304296934136,16192.910829380582,30,0.037974683544303785,12.330402870606308,16394.408261789813,30
23.0,1.2,0.0,40,0.0,0.0,0.0,10,0.0,0.0,0.0,10
23.0,1.2,0.1,40,0.0,0.0,0.0,40,0.0023734177215189874,4.0499221176312155,890.1317906836199,40
23.0,1.2,0.2,40,0.005063291139240506,1.0000000000000002,16.528236616115763,40,0.0034810126582278484,3.972733151830384,841.6167776087666,40
23.0,1.2,0.3,40,0.0011075949367088608,1.1556079652685125,25.009045305176375,40,0.006645569620253165,6.736464000464299,3745.0024190707345,40
23.0,1.2,0.4,40,0.0004746835443037975,1.7782469350914571,86.24219619933199,40,0.011075949367088606,10.997698263209788,12631.941507688467,40
23.0,1.2,0.5,40,0.003164556962025317,3.4910600109422374,577.4571556530959,40,0.020411392405063296,14.333333333333334,22183.42929121641,40
23.0,1.2,0.6,40,0.010443037974683543,7.421967603866273,4221.49969004861,40,0.025632911392405068,15.399499287744815,24772.52381578014,40
23.0,1.2,0.7,40,0.019778481012658226,8.853033705334083,6583.282379154894,40,0.03496835443037975,16.93843347816086,28292.678318973034,40
23.0,1.2,0.8,40,0.05743670886075951,10.612285747973973,10331.29386678827,40,0.03354430379746835,11.586788876586484,14253.222120597486,40
23.0,1.2,0.9,40,0.07325949367088608,13.82354092302907,19499.123605767287,40,0.024683544303797468,7.216640121581852,4465.872474367233,40
23.0,1.2,1.0,40,0.10421940928270043,13.029905148307092,16989.87639770316,30,-0.019831223628691975,-2.7259509333247953,-295.02220785403085,30
23.0,1.3,0.0,40,0.0,0.0,0.0,10,0.0,0.0,0.0,10
23.0,1.3,0.1,40,0.0,0.0,0.0,40,0.0025316455696202536,4.2840332837725015,1048.3969440098572,40
23.0,1.3,0.2,40,0.003955696202531645,1.08527449506788,20.88744531206567,40,0.005854430379746837,5.2312490068046165,1862.9694711346797,40
23.0,1.3,0.3,40,0.00189873417721519,1.3214645877648106,36.755398585189205,40,0.010284810126582274,4.931635956792845,1573.755843909643,40
23.0,1.3,0.4,40,0.0020569620253164562,3.9105425950206723,789.4010707287553,40,0.018037974683544306,13.349726209680023,19443.761881484596,40
23.0,1.3,0.5,40,0.009651898734177215,5.6920880212385265,2138.817634030976,40,0.03275316455696202,17.166146924888825,26662.370697359296,40
23.0,1.3,0.6,40,0.03148734177215189,7.797889395141418,4786.083097668677,40,0.04066455696202531,16.056872074807853,26355.347427681714,40
23.0,1.3,0.7,40,0.0689873417721519,20.67493535732386,32643.450281863334,40,0.029113924050632917,10.19482755205408,10562.567214327306,40
23.0,1.3,0.8,40,0.0939873417721519,14.44326092214381,21577.292434178424,40,-0.021677215189873415,-2.9423443398403,-368.0768554049007,40
23.0,1.3,0.9,40,0.10838607594936707,14.565679018674563,22000.229512419217,40,-0.0634493670886076,-9.816490274397168,-8954.867409754557,40
23.0,1.3,1.0,40,0.08882584024443473,6.4411613327453106,2942.239641923905,29,-0.11217808817110429,-12.005545181783225,-12350.66857155361,29
23.0,1.4,0.0,40,0.0,0.0,0.0,10,0.0,0.0,0.0,10
23.0,1.4,0.1,40,0.0,0.0,0.0,40,0.0028481012658227852,4.767244351303589,1428.0829278121937,40
23.0,1.4,0.2,40,0.0026898734177215186,1.1271843109036692,23.284609511924398,40,0.007911392405063293,5.9221569082592875,2646.5564953851863,40
23.0,1.4,0.3,40,0.003955696202531647,1.5569736931156561,58.90670290255566,40,0.012658227848101264,8.42075358320684,6626.064414585216,40
23.0,1.4,0.4,40,0.00727848101265823,5.908352515009949,2355.5891631011013,40,0.028164556962025317,16.326030074118385,26987.202119527934,40
23.0,1.4,0.5,40,0.03132911392405064,8.641217437180945,6195.8054124874425,40,0.03955696202531646,13.724773120818028,20572.451933106662,40
23.0,1.4,0.6,40,0.08132911392405062,14.524119423956696,21856.769886032154,40,0.015348101265822792,2.6050846325843042,245.10368056867952,40
23.0,1.4,0.7,40,0.1308544303797468,17.00220308597201,31328.976051430953,40,-0.037341772151898725,-7.430277791589425,-4818.212182052314,40
23.0,1.4,0.8,40,0.07816455696202532,4.64513778085523,1257.5553649611936,40,-0.11487341772151902,-8.811289234055867,-7190.930417149222,40
23.0,1.4,0.9,40,0.0666139240506329,7.25411577397749,3982.9074154140294,40,-0.13085443037974684,-13.688553316944787,-14011.894605839874,40
23.0,1.4,1.0,40,0.008075076385857704,0.5946673735908811,3.5744330274543072,29,-0.12767350501964206,-12.048600226670755,-12409.989577127364,29
23.0,1.5,0.0,40,0.0,0.0,0.0,10,0.0,0.0,0.0,10
23.0,1.5,0.1,40,0.0,0.0,0.0,40,0.0034810126582278493,4.64197643310255,1322.715004718468,40
23.0,1.5,0.2,40,0.002848101265822785,1.6231745376421196,66.37638887522061,40,0.013765822784810122,7.372446925524393,4716.59395527083,40
23.0,1.5,0.3,40,0.0066455696202531635,1.9050581819235943,104.9650760935564,40,0.017721518987341776,11.897712198383168,15137.113825920245,40
23.0,1.5,0.4,40,0.02515822784810126,7.981012255666882,5075.452433736404,40,0.03781645569620253,20.94310634755356,28611.6186953239,40
23.0,1.5,0.5,40,0.06977848101265823,13.736094443272123,19215.32649202575,40,0.01566455696202532,2.672474088288577,264.11479826122877,40
23.0,1.5,0.6,40,0.10838607594936707,13.030583371144406,16991.958844929133,40,-0.06993670886075948,-8.728975186143675,-7041.728206003309,40
23.0,1.5,0.7,40,0.0977848101265823,8.021032451766256,5140.054517060927,40,-0.11234177215189875,-13.857442640913241,-13994.130366160723,40
23.0,1.5,0.8,40,0.007120253164556963,0.7436317176524898,6.894251801097033,40,-0.12579113924050636,-13.079013152019881,-13539.625370259511,40
23.0,1.5,0.9,40,0.009968354430379748,1.5018020385909034,53.115752019957284,40,-0.08227848101265821,-11.580142262157255,-11715.520088308807,40
23.0,1.5,1.0,40,0.0013094718463553035,0.16173656660512775,0.07446508392486052,29,-0.0392841553906591,-5.380072989677573,-2053.4283546489696,29
23.0,1.6,0.0,40,0.0,0.0,0.0,10,0.0,0.0,0.0,10
23.0,1.6,0.1,40,0.00015822784810126583,1.0000000000000002,16.528236616115763,40,0.004430379746835445,5.597130412314781,2256.8905840309453,40
23.0,1.6,0.2,40,0.006012658227848101,2.327462887706571,185.47656355562916,40,0.01661392405063291,8.845813000697678,7504.699184885433,40
23.0,1.6,0.3,40,0.016139240506329117,4.780352331817184,1357.6556536969874,40,0.02721518987341772,11.337552952549846,13556.560120024109,40
23.0,1.6,0.4,40,0.07610759493670886,12.989299809250063,16864.937469968387,40,0.02626582278481012,7.600413595327471,5098.774123686652,40
23.0,1.6,0.5,40,0.11803797468354427,14.210168276213912,20783.071710989003,40,-0.055221518987341775,-8.6423646550721,-6885.488441812807,40
23.0,1.6,0.6,40,0.08481012658227849,7.046378246885766,3699.8004917471308,40,-0.11740506329113924,-15.310802506460961,-14306.34960465808,40
23.0,1.6,0.7,40,0.007436708860759497,0.7741492977809331,7.75395952674401,40,-0.11867088607594933,-13.83932720456879,-13990.651682169824,40
23.0,1.6,0.8,40,0.0053797468354430415,1.2450424314178248,30.972133623158154,40,-0.046677215189873424,-7.883123864093018,-5561.885723866238,40
23.0,1.6,0.9,40,0.005854430379746836,2.846153846153846,327.0410656995378,40,-0.009651898734177216,-6.148272141472403,-2952.9655639559155,40
23.0,1.6,1.0,40,-0.00021824530772588394,-0.1499063377991724,-0.04796819907547818,29,-0.003928415539065911,-3.87554738710145,-813.9858428049772,29
23.0,1.7,0.0,40,0.0,0.0,0.0,9,0.0,0.0,0.0,9
23.0,1.7,0.1,40,0.00015822784810126583,1.0000000000000002,16.528236616115763,40,0.005221518987341774,6.182857169001826,2986.2421628715465,40
23.0,1.7,0.2,40,0.010917721518987338,2.452165514337404,214.94781987451546,40,0.02151898734177215,8.786275100233679,7378.0688364859325,40
23.0,1.7,0.3,40,0.04098101265822784,9.35101019985252,7548.710752452118,40,0.03481012658227848,13.630385232076282,20290.252457823288,40
23.0,1.7,0.4,40,0.13053797468354433,15.066556067288184,18346.14025546214,40,-0.03560126582278482,-7.424758699263349,-4809.417902608377,40
23.0,1.7,0.5,40,0.09731012658227847,10.110712889072868,9163.2638445643,40,-0.1139240506329114,-18.18750506018174,-14924.615085131878,40
23.0,1.7,0.6,40,0.012974683544303797,1.5669987952023763,59.997788957431304,40,-0.09193037974683546,-12.965070094554953,-13426.331776173916,40
23.0,1.7,0.7,40,0.012025316455696206,3.571094704891533,614.8000722059967,40,-0.023417721518987345,-6.901305000123379,-3999.931928120238,40
23.0,1.7,0.8,40,0.0036392405063291147,2.0926836798904453,137.23367147535575,40,-0.006012658227848102,-4.4250833895162325,-1187.884426004115,40
23.0,1.7,0.9,40,-0.0033227848101265835,-2.933223806829352,-131.1613365877256,40,-0.006329113924050636,-6.982120021884474,-3785.893259132237,40
23.0,1.7,1.0,40,-0.0028371890004364915,-1.689390722499979,-50.76267915520608,29,-0.0054561326931470994,-4.125935809425778,-973.166756568268,29
23.0,1.8,0.0,40,0.0,0.0,0.0,10,0.0,0.0,0.0,10
23.0,1.8,0.1,40,0.0004746835443037975,1.7782469350914571,86.24219619933199,40,0.006962025316455696,7.281653102840891,4569.5613074460925,40
23.0,1.8,0.2,40,0.01598101265822785,3.887934907297591,776.9728398222464,40,0.025158227848101268,5.639694587232475,2305.750468724922,40
23.0,1.8,0.3,40,0.08401898734177214,17.15652009129408,31981.053616724257,40,0.012658227848101267,3.628299458703116,645.9874437706519,40
23.0,1.8,0.4,40,0.1210443037974683,9.938848100487423,8782.531132767263,40,-0.09857594936708856,-11.718404269786449,-11928.50476440372,40
23.0,1.8,0.5,40,0.0300632911392405,4.078959506959903,885.4115845371833,40,-0.10395569620253164,-15.182526554188378,-14069.973687139493,40
23.0,1.8,0.6,40,0.005221518987341774,2.053572053019738,130.057805563131,40,-0.017405063291139243,-7.728788858235803,-5304.600541931038,40
23.0,1.8,0.7,40,0.0011075949367088608,0.827466509338832,9.447700591625706,40,-0.004588607594936711,-5.2302290657357196,-1898.9278436568852,40
23.0,1.8,0.8,40,-0.00047468354430379756,-0.4002509482095884,-0.7629658277998265,40,-0.004588607594936711,-4.529039094769578,-1268.649860733102,40
23.0,1.8,0.9,40,-0.0025316455696202536,-2.339590607462408,-126.92999066595621,40,-0.006487341772151901,-7.050075411336715,-3789.2430920145,40
23.0,1.8,1.0,40,-0.005674378000872983,-3.8216407826488537,-201.72503452659078,29,-0.008511567001309474,-6.017830648521585,-2787.833635225274,29
23.0,1.9,0.0,40,0.0,0.0,0.0,10,0.0,0.0,0.0,10
23.0,1.9,0.1,40,0.0007911392405063292,1.9553847221876066,113.0966108972463,40,0.009968354430379746,9.19451193373622,6631.437437075987,40
23.0,1.9,0.2,40,0.03401898734177215,8.36967659486916,5719.0772713831275,40,0.029746835443037977,6.24924292785541,3076.16715125395,40
23.0,1.9,0.3,40,0.1180379746835443,16.385029750983865,28812.91058367931,40,-0.04683544303797468,-7.439206838996089,-4832.4563239663175,40
23.0,1.9,0.4,40,0.0504746835443038,4.52716758126459,1173.5100291137346,40,-0.11708860759493671,-14.774262166600982,-13996.307256886426,40
23.0,1.9,0.5,40,0.015031645569620253,2.831707441627721,322.40607783922815,40,-0.03449367088607595,-6.3368687896876414,-3201.0862935562277,40
23.0,1.9,0.6,40,0.0012658227848101268,1.135454181526982,23.77664200272418,40,-0.004746835443037977,-6.388579927368221,-3270.8496046541886,40
23.0,1.9,0.7,40,-0.0041139240506329125,-3.9105425950206723,-179.61919840813567,40,-0.007278481012658228,-7.894891078156281,-3849.7544861280926,40
23.0,1.9,0.8,40,-0.0023734177215189883,-2.1987975677177873,-106.79373562392136,40,-0.005379746835443041,-6.020062919627181,-2790.6185260462507,40
23.0,1.9,0.9,40,-0.0037974683544303805,-2.6234238965856194,-155.14178863788766,40,-0.007120253164556961,-6.1397799125621475,-2942.0682166223173,40
23.0,1.9,1.0,40,-0.006329113924050632,-3.358240279934979,-195.7248341521083,29,-0.008075076385857706,-4.867337723459827,-1553.9311057645177,29
23.0,2.0,0.0,40,0.0,0.0,0.0,10,0.0,0.0,0.0,10
23.0,2.0,0.1,40,0.0012658227848101266,1.8415494421345553,95.28093887676258,40,0.012974683544303794,11.46214471741855,6874.726723614465,40
23.0,2.0,0.2,40,0.06424050632911392,11.315901973730833,12102.461158346645,40,0.02626582278481012,4.835389727959001,1487.464747498627,40
23.0,2.0,0.3,40,0.10585443037974682,11.76995688920277,13318.953373231852,40,-0.10664556962025311,-13.995947972149423,-13873.086539306689,40
23.0,2.0,0.4,40,0.009335443037974685,1.03018871295934,17.992948331811675,40,-0.07531645569620256,-10.68872594025593,-10320.28920119476,40
23.0,2.0,0.5,40,0.00379746835443038,1.8527716632617794,96.95082175503543,40,-0.007594936708860758,-4.984933050916923,-1661.2581818592253,40
23.0,2.0,0.6,40,-0.0020569620253164562,-1.9183500727643648,-72.8725309751289,40,-0.005063291139240508,-5.099019513592789,-1769.4438060801,40
23.0,2.0,0.7,40,-0.0037974683544303805,-2.840592458843997,-167.2842748219136,40,-0.007753164556962027,-7.214609043987592,-3810.8551989366474,40
23.0,2.0,0.8,40,-0.004272151898734179,-3.7414599951256426,-211.64295635836112,40,-0.0071202531645569635,-7.578678224886162,-3830.8046092193176,40
23.0,2.0,0.9,40,-0.0049050632911392415,-3.53513305575721,-204.48585118584714,40,-0.007753164556962023,-6.913710106923249,-3784.8160289905045,40
23.0,2.0,1.0,40,-0.004583151462243562,-2.762543032233955,-162.80182690824162,29,-0.007420340462680053,-5.557472103682223,-2245.004310757134,29
24.0,1.1,0.0,40,,0.0,0.0,0,,0.0,0.0,0
24.0,1.1,0.1,40,0.0,0.0,0.0,40,0.0020569620253164562,4.333333333333336,1084.071187964697,40
24.0,1.1,0.2,40,0.002531645569620253,1.0000000000000002,16.528236616115763,40,0.0047468354430379766,4.391550328268401,1126.8175532091768,40
24.0,1.1,0.3,40,0.0,0.0,0.0,40,0.0064873417721519,7.274120766785639,4557.493592382528,40
24.0,1.1,0.4,40,0.0004746835443037975,1.3556165885229265,39.56179492022006,40,0.009651898734177215,11.818282438980175,14910.355726068077,40
24.0,1.1,0.5,40,0.0011075949367088608,2.8762349126466136,336.88377374375,40,0.013291139240506327,11.123570153041706,12969.876994628732,40
24.0,1.1,0.6,40,0.0017405063291139242,3.4390504022437556,553.9822675159116,40,0.016455696202531643,14.581251771566334,22781.593479478248,40
24.0,1.1,0.7,40,0.004746835443037976,4.5983234241680995,1223.8392621049318,40,0.02167721518987342,19.57142857142858,30844.272899544696,40
24.0,1.1,0.8,40,0.013132911392405067,6.907448127761783,3517.0328372266567,40,0.03386075949367089,15.366335700859088,24692.036678757813,40
24.0,1.1,0.9,40,0.024525316455696198,11.59022576714247,12829.994204894161,40,0.03813291139240506,19.49676932459132,30439.40150481133,40
24.0,1.1,1.0,40,0.052320675105485215,9.594417589683014,8047.379014835239,30,0.03713080168776372,14.249647056318851,21980.83899979071,30
24.0,1.2,0.0,40,0.0,0.0,0.0,10,0.0,0.0,0.0,10
24.0,1.2,0.1,40,0.0,0.0,0.0,40,0.0026898734177215203,4.522779608846717,1226.9787122198559,40
24.0,1.2,0.2,40,0.00379746835443038,1.0000000000000002,16.528236616115763,40,0.005063291139240508,6.676183683170247,3660.1684716298005,40
24.0,1.2,0.3,40,0.00015822784810126583,1.0000000000000004,16.528236616115773,40,0.007753164556962028,8.425699881841437,6635.918831261785,40
24.0,1.2,0.4,40,0.0007911392405063292,1.5327744747226988,56.32599544920918,40,0.012974683544303797,12.818278771999445,17853.869325947093,40
24.0,1.2,0.5,40,0.005221518987341773,2.736632118460538,292.9017302610617,40,0.01946202531645569,12.890271917606242,18069.01411721182,40
24.0,1.2,0.6,40,0.006962025316455697,5.447866121980134,1909.00444134765,40,0.026424050632911388,14.475156245569663,22525.048977534465,40
24.0,1.2,0.7,40,0.022626582278481012,9.35589453738475,7558.544162277855,40,0.03718354430379747,19.726105575921775,30964.648496781312,40
24.0,1.2,0.8,40,0.0518987341772152,10.915311513785603,11077.426702551784,40,0.03670886075949368,16.346303231247802,27034.114894195936,40
24.0,1.2,0.9,40,0.08971518987341774,18.263054826896457,32960.066271671865,40,0.03148734177215189,10.64128598993622,11695.92940319578,40
24.0,1.2,1.0,40,0.13628691983122365,15.32592624333714,24729.6434201518,30,0.008438818565400845,1.5537541391990062,53.29761647040647,30
24.0,1.3,0.0,40,0.0,0.0,0.0,10,0.0,0.0,0.0,10
24.0,1.3,0.1,40,0.0,0.0,0.0,40,0.0033227848101265835,5.546840709851434,2199.784070613877,40
24.0,1.3,0.2,40,0.0036392405063291147,1.0,16.528236616115752,40,0.005854430379746838,7.655522532589229,5194.137268961372,40
24.0,1.3,0.3,40,0.000949367088607595,1.7782469350914576,86.24219619933204,40,0.010443037974683544,8.204111682226984,6200.563100674967,40
24.0,1.3,0.4,40,0.00458860759493671,3.1627116117739504,439.1873770728962,40,0.019778481012658226,12.98339188079488,18346.990277909805,40
24.0,1.3,0.5,40,0.016297468354430387,3.3905688789145705,532.6269857327201,40,0.028955696202531644,12.24473488138732,16141.57355385903,40
24.0,1.3,0.6,40,0.0245253164556962,8.176500179836538,5394.279433012363,40,0.03765822784810126,18.13651823330925,29694.491772338715,40
24.0,1.3,0.7,40,0.07610759493670888,13.127490364342847,17290.52999545857,40,0.03212025316455695,10.299299615481983,10823.107544324697,40
24.0,1.3,0.8,40,0.12547468354430374,16.05120148177776,27484.012648878208,40,0.0006329113924050637,0.13010412496663337,0.03837090013011805,40
24.0,1.3,0.9,40,0.1481012658227848,17.319632174498512,32659.31703450084,40,-0.040822784810126585,-8.940683952341518,-7416.122601191928,40
24.0,1.3,1.0,40,0.1473155827149716,14.846566598242118,22986.666985578537,29,-0.0814054997817547,-10.708466682192265,-10351.223401130479,29
24.0,1.4,0.0,40,0.0,0.0,0.0,10,0.0,0.0,0.0,10
24.0,1.4,0.1,40,0.0,0.0,0.0,40,0.004272151898734179,5.586462388646194,2244.7436623472868,40
24.0,1.4,0.2,40,0.0022151898734177216,1.0000000000000002,16.528236616115763,40,0.008860759493670888,8.787042802451873,7379.695417756787,40
24.0,1.4,0.3,40,0.0012658227848101266,2.725540575476986,289.58271909064274,40,0.013765822784810122,8.27489600941287,6338.086484194993,40
24.0,1.4,0.4,40,0.010601265822784811,3.976616231258564,826.3120690837189,40,0.0286392405063291,21.6773542354574,30905.14666607077,40
24.0,1.4,0.5,40,0.04746835443037976,6.139486865290303,2600.8246184620534,40,0.03765822784810126,11.751777570606805,14720.96730537381,40
24.0,1.4,0.6,40,0.08876582278481011,13.551276070543427,18620.312663640198,40,0.026740506329113928,8.417954056999681,6620.484853962925,40
24.0,1.4,0.7,40,0.1490506329113924,20.75784050971162,32679.143155214904,40,-0.021044303797468362,-3.498912893938787,-606.975890526474,40
24.0,1.4,0.8,40,0.1533227848101266,13.803223456071422,19433.12843705856,40,-0.07958860759493672,-13.284697159633302,-13738.044144264333,40
24.0,1.4,0.9,40,0.11155063291139242,11.661667658648556,13023.306384610802,40,-0.1028481012658228,-14.353405695644714,-14197.625510082431,40
24.0,1.4,1.0,40,0.04037538192928852,3.2405242126622964,469.83939126527963,29,-0.13247490178961155,-15.279033330747255,-14403.1798457517,29
24.0,1.5,0.0,40,0.0,0.0,0.0,10,0.0,0.0,0.0,10
24.0,1.5,0.1,40,0.00031645569620253165,1.0000000000000004,16.528236616115773,40,0.006645569620253165,5.3584377161566294,1994.645350670677,40
24.0,1.5,0.2,40,0.001740506329113924,1.0,16.528236616115752,40,0.010917721518987341,12.0488645450783,11225.787547740349,40
24.0,1.5,0.3,40,0.004272151898734178,3.669880738235975,662.8239827920112,40,0.020253164556962022,10.375172521541602,11014.636296378825,40
24.0,1.5,0.4,40,0.028164556962025328,7.8142980239706965,4811.424202356555,40,0.036392405063291146,11.222850838908135,13240.614452997386,40
24.0,1.5,0.5,40,0.09999999999999999,12.242394844436834,14646.535782090756,40,0.017879746835443036,4.820471603422118,1474.3619494179486,40
24.0,1.5,0.6,40,0.1490506329113924,21.294890274439286,40921.1795236013,40,-0.03386075949367088,-7.689778778088456,-5240.050644108757,40
24.0,1.5,0.7,40,0.14905063291139237,15.633553846642553,25882.869092802863,40,-0.09509493670886073,-13.299762219070523,-13752.144745082162,40
24.0,1.5,0.8,40,0.058544303797468354,4.719937524073894,1312.3790353546328,40,-0.11724683544303796,-13.788153777739238,-13847.259085518537,40
24.0,1.5,0.9,40,0.029272151898734187,4.695704494932058,1294.5119451497021,40,-0.07120253164556964,-10.993987838588936,-10802.858568511849,40
24.0,1.5,1.0,40,0.01942383238760367,3.0960367986488153,413.91319170461304,29,-0.03360977738978612,-4.497154826664767,-1243.5734433535506,29
24.0,1.6,0.0,40,0.0,0.0,0.0,10,0.0,0.0,0.0,10
24.0,1.6,0.1,40,0.0007911392405063292,1.0000000000000004,16.528236616115773,40,0.007594936708860758,4.552279344731857,1250.25180892715,40
24.0,1.6,0.2,40,0.0011075949367088608,1.6394400608378974,68.29843279275397,40,0.012658227848101267,8.94427190999916,7715.915178152002,40
24.0,1.6,0.3,40,0.017405063291139243,5.665866290014841,2113.420713412472,40,0.02958860759493671,14.747062120085364,23182.802560640233,40
24.0,1.6,0.4,40,0.07674050632911389,15.65017295419432,25945.665451245804,40,0.030221518987341784,4.599970513912316,1288.44777768507,40
24.0,1.6,0.5,40,0.14050632911392408,19.507274430118176,37346.122483183724,40,-0.041455696202531644,-6.803532603151802,-3855.937715640413,40
24.0,1.6,0.6,40,0.12974683544303794,15.830596898573896,26632.437348994004,40,-0.0938291139240506,-13.434017727734657,-13839.491025719506,40
24.0,1.6,0.7,40,0.054272151898734175,6.002404289348521,2453.8352630013383,40,-0.11424050632911394,-15.677425252770831,-14394.83533383219,40
24.0,1.6,0.8,40,0.025316455696202535,5.225756779342971,1714.422614884205,40,-0.03734177215189873,-7.957413468236875,-5686.973531663313,40
24.0,1.6,0.9,40,0.011708860759493669,4.785891965429423,1361.8505082218035,40,-0.00759493670886076,-4.777998356287175,-1475.2517730562845,40
24.0,1.6,1.0,40,0.0024006983849847226,1.2843147821274354,33.86048225456656,29,-0.006110868616324751,-6.008765526952666,-1511.2751237760551,29
24.0,1.7,0.0,40,0.0,0.0,0.0,10,0.0,0.0,0.0,10
24.0,1.7,0.1,40,0.0012658227848101264,1.0000000000000002,16.528236616115763,40,0.008386075949367088,7.8209656812701045,5486.445192757806,40
24.0,1.7,0.2,40,0.0033227848101265835,3.557475107301924,608.3484255727193,40,0.018987341772151896,8.336962905941796,6459.936094256731,40
24.0,1.7,0.3,40,0.045094936708860764,9.861317716546655,8612.939920988396,40,0.03465189873417722,14.017828906833865,21418.42414061723,40
24.0,1.7,0.4,40,0.1454113924050633,13.343296129021693,17961.46849010927,40,-0.019145569620253163,-2.3066375899692004,-181.91379097877945,40
24.0,1.7,0.5,40,0.1204113924050633,10.847076944535148,10907.170879611745,40,-0.0990506329113924,-11.83223853494929,-12102.010542827094,40
24.0,1.7,0.6,40,0.035284810126582286,4.718464228257729,1311.2904592463988,40,-0.10759493670886078,-17.881406008786445,-14954.71891315545,40
24.0,1.7,0.7,40,0.02705696202531646,7.173867237124033,3872.0936788447752,40,-0.022310126582278475,-7.711329728487533,-5275.656928186132,40
24.0,1.7,0.8,40,0.006645569620253165,3.885883142390228,775.8473062450149,40,-0.004746835443037976,-5.118010341015958,-1787.8246599617082,40
24.0,1.7,0.9,40,-0.0014240506329113926,-0.8932685877670763,-7.98914174218314,40,-0.0071202531645569635,-5.538041432909415,-2223.5478585508627,40
24.0,1.7,1.0,40,-0.002182453077258839,-1.4101901870444151,-30.21582902291595,29,-0.005674378000872984,-4.468360406876152,-1221.1087069005923,29
24.0,1.8,0.0,40,0.0,0.0,0.0,10,0.0,0.0,0.0,10
24.0,1.8,0.1,40,0.0030063291139240506,1.0554302744969515,19.285910030525613,40,0.008386075949367088,7.6519351258683,5187.907129505943,40
24.0,1.8,0.2,40,0.011867088607594937,5.847836700557179,2293.586646328254,40,0.027531645569620244,12.983999290608669,17369.46471539764,40
24.0,1.8,0.3,40,0.09636075949367091,17.709636828111996,34297.26473429366,40,0.02056962025316456,4.8956381327946135,1541.1231685448984,40
24.0,1.8,0.4,40,0.16139240506329114,13.29140481688334,17798.80063194486,40,-0.07389240506329113,-9.929257372180475,-9131.397276648517,40
24.0,1.8,0.5,40,0.039240506329113925,3.373123171059761,525.0778298661323,40,-0.10411392405063291,-11.149380959506479,-11048.718487288195,40
24.0,1.8,0.6,40,0.020411392405063292,5.623981948908203,2073.1892515536474,40,-0.023892405063291138,-6.688242080086301,-3689.009899332465,40
24.0,1.8,0.7,40,0.0049050632911392415,2.6154314825190474,257.8460547898642,40,-0.004588607594936711,-4.912703719607422,-1594.8185963871892,40
24.0,1.8,0.8,40,-2.168404344971009e-19,-1.4108009430250275e-16,-6.755513548909584e-47,40,-0.005221518987341774,-5.166675114717725,-1835.5016337572245,40
24.0,1.8,0.9,40,-0.004272151898734177,-2.930329635532202,-172.27427603147092,40,-0.008227848101265825,-6.8370081798301126,-3776.0851378908656,40
24.0,1.8,1.0,40,-0.003273679615888259,-2.352876562743552,-128.93658960603935,29,-0.006765604539502403,-5.989769055091636,-2752.915241504903,29
24.0,1.9,0.0,40,0.0,0.0,0.0,10,0.0,0.0,0.0,10
24.0,1.9,0.1,40,0.004272151898734177,1.1727766867495328,26.087535418458597,40,0.008544303797468353,4.281443022163316,1046.5646455472076,40
24.0,1.9,0.2,40,0.031170886075949367,7.080432397622281,3745.36907610618,40,0.034651898734177206,12.612210865407896,17233.77211254688,40
24.0,1.9,0.3,40,0.13987341772151898,23.216208991394105,50280.83293355782,40,-0.027215189873417728,-3.978404169589996,-877.1868301771889,40
24.0,1.9,0.4,40,0.08765822784810127,9.159134367818268,7167.0919322716945,40,-0.09477848101265823,-14.07861235643637,-13790.250035086932,40
24.0,1.9,0.5,40,0.018987341772151892,2.644245047742352,265.9113806590122,40,-0.03164556962025315,-4.564354645876381,-1296.743919034494,40
24.0,1.9,0.6,40,0.004113924050632911,2.2772089422104167,174.36999103515072,40,-0.005379746835443041,-5.1137864704116485,-1783.7279836478579,40
24.0,1.9,0.7,40,-0.0030063291139240515,-2.1523879619612396,-100.616406722649,40,-0.006962025316455699,-6.2972583069836,-3148.089821035992,40
24.0,1.9,0.8,40,-0.0034810126582278484,-2.8068007084629967,-165.33789655068384,40,-0.006645569620253165,-5.450198456243151,-2128.0455234817787,40
24.0,1.9,0.9,40,-0.006962025316455697,-5.284229075567876,-244.67209345055215,40,-0.00917721518987342,-6.850018013196453,-3778.1076692820575,40
24.0,1.9,1.0,40,-0.005019642077695331,-3.111437891334807,-182.25417114923266,29,-0.009821038847664776,-7.677220130992008,-3839.794451857628,29
24.0,2.0,0.0,40,0.0,0.0,0.0,10,0.0,0.0,0.0,10
24.0,2.0,0.1,40,0.004272151898734177,1.6573144363555659,70.45196616832584,40,0.012341772151898734,5.979621813656617,2719.435291349317,40
24.0,2.0,0.2,40,0.0675632911392405,11.781314836726644,13350.12616944705,40,0.03148734177215189,8.511418895022624,6808.1849525083835,40
24.0,2.0,0.3,40,0.1572784810126582,15.540007730523218,25529.908329834518,40,-0.08338607594936712,-11.533152501017785,-11643.255017798268,40
24.0,2.0,0.4,40,0.03686708860759494,5.814247992175632,2259.7177387551906,40,-0.05680379746835444,-8.481123969581152,-6596.6159302404985,40
24.0,2.0,0.5,40,0.002373417721518988,0.8991013477539305,12.098558216193295,40,-0.009177215189873422,-5.274404082206053,-1943.810573297475,40
24.0,2.0,0.6,40,-0.0017405063291139242,-1.2461193463986127,-21.131695462897877,40,-0.005537974683544305,-4.869258405481766,-1555.6459284965265,40
24.0,2.0,0.7,40,-0.00379746835443038,-2.6561770238275817,-156.89981112031396,40,-0.0064873417721519,-6.03671368986717,-2811.4563372986418,40
24.0,2.0,0.8,40,-0.00537974683544304,-3.9266531106226843,-215.60222287287326,40,-0.007911392405063292,-6.879687281219885,-3781.5750284352102,40
24.0,2.0,0.9,40,-0.0049050632911392415,-3.857268881410964,-214.5484238173537,40,-0.007436708860759496,-6.859397791834957,-3779.43059363716,40
24.0,2.0,1.0,40,-0.005237887385421213,-3.4718599711383558,-201.47304936725212,29,-0.009166302924487125,-7.640875520737416,-3837.6604919796846,29
25.0,1.1,0.0,40,,0.0,0.0,0,,0.0,0.0,0
25.0,1.1,0.1,40,0.0,0.0,0.0,40,0.0026898734177215203,4.89182341317964,1537.6974751815903,40
25.0,1.1,0.2,40,0.0015822784810126584,1.0000000000000002,16.528236616115763,40,0.005854430379746837,7.340019274260711,4663.725272430954,40
25.0,1.1,0.3,40,0.0,0.0,0.0,40,0.0063291139240506345,6.773651374345781,3797.867657871206,40
25.0,1.1,0.4,40,0.00031645569620253165,1.4327007988227587,46.398924540531716,40,0.010759493670886076,11.796107330308084,14847.401739602215,40
25.0,1.1,0.5,40,0.0007911392405063292,2.3603873774083297,192.99814986576882,40,0.012500000000000002,15.60905643024724,25281.122517851876,40
25.0,1.1,0.6,40,0.0011075949367088608,2.2107618665723674,160.34456724325932,40,0.01613924050632911,16.809517797348832,28026.126698122785,40
25.0,1.1,0.7,40,0.004588607594936711,3.897660252296811,782.3133758433045,40,0.022151898734177212,17.846568297574745,29463.979110585904,40
25.0,1.1,0.8,40,0.01534810126582278,6.185461275077743,2651.387093662532,40,0.031803797468354426,16.37105361594063,27090.583946425995,40
25.0,1.1,0.9,40,0.016930379746835443,5.955057637048284,2404.124379829561,40,0.03449367088607593,17.82096246619089,29788.32841945207,40
25.0,1.1,1.0,40,0.04514767932489451,10.248741251866317,9475.175064419385,30,0.04345991561181436,15.841306197894953,25840.991398862778,30
25.0,1.2,0.0,40,0.0,0.0,0.0,10,0.0,0.0,0.0,10
25.0,1.2,0.1,40,0.0,0.0,0.0,40,0.0031645569620253173,4.937104414532874,1578.7396721923005,40
25.0,1.2,0.2,40,0.0012658227848101266,1.0000000000000002,16.528236616115763,40,0.006962025316455699,8.269903527117238,6328.3539541859645,40
25.0,1.2,0.3,40,0.0,0.0,0.0,40,0.00806962025316456,9.19798904663868,8252.574805017797,40
25.0,1.2,0.4,40,0.0006329113924050633,1.6690459207925612,71.8965801699279,40,0.01329113924050633,14.309088021254185,22124.923685972517,40
25.0,1.2,0.5,40,0.004272151898734177,3.419822680458067,545.451737044638,40,0.018196202531645566,13.347682261788297,19437.62321968273,40
25.0,1.2,0.6,40,0.00806962025316456,8.1719103335152,5386.694466792129,40,0.025791139240506335,20.314051613378755,31375.52611472647,40
25.0,1.2,0.7,40,0.01977848101265823,6.575212247905143,3101.802198476574,40,0.03528481012658228,21.4099500411789,31859.537291729666,40
25.0,1.2,0.8,40,0.050949367088607575,8.361593504636945,5705.275201797073,40,0.03702531645569619,14.63967048217191,22922.729228221928,40
25.0,1.2,0.9,40,0.07262658227848102,11.164510431630722,11709.704848296047,40,0.027056962025316454,7.772109678886346,5399.153702484228,40
25.0,1.2,1.0,40,0.12362869198312239,13.51458644052242,18503.4573201823,30,0.0023206751054852333,0.4693506546702181,1.5956183690114094,30
25.0,1.3,0.0,40,0.0,0.0,0.0,10,0.0,0.0,0.0,10
25.0,1.3,0.1,40,0.0,0.0,0.0,40,0.004430379746835445,5.841660722773963,2546.623530411221,40
25.0,1.3,0.2,40,0.0011075949367088608,1.0000000000000002,16.528236616115763,40,0.00838607594936709,9.433636691039231,8769.721218557439,40
25.0,1.3,0.3,40,0.00031645569620253165,1.4327007988227587,46.398924540531716,40,0.011234177215189874,12.208667175729428,16035.893855592705,40
25.0,1.3,0.4,40,0.0033227848101265835,4.423409646531046,1102.3278189581627,40,0.01803797468354431,15.74695944931081,25614.84075763592,40
25.0,1.3,0.5,40,0.013607594936708859,3.801079685061856,730.1068481737445,40,0.028955696202531644,15.985655622399399,26186.411779187812,40
25.0,1.3,0.6,40,0.029113924050632917,11.190446825383924,11776.420075537028,40,0.03939873417721518,23.33936726710742,32848.868761276,40
25.0,1.3,0.7,40,0.06424050632911392,11.888553367405231,13647.504109619309,40,0.027215189873417717,10.178789644190985,10522.923543201874,40
25.0,1.3,0.8,40,0.1177215189873418,13.61474112811964,18823.566436694848,40,0.004588607594936708,0.9194328899347636,11.408820219928437,40
25.0,1.3,0.9,40,0.17104430379746838,19.55665491462545,42398.17775232741,40,-0.034177215189873426,-6.646940512883971,-3629.972135108719,40
25.0,1.3,1.0,40,0.15626364033173287,15.583639953547443,25694.403697777772,29,-0.0663465735486687,-10.17867285877286,-9521.220252910403,29
25.0,1.4,0.0,40,0.0,0.0,0.0,10,0.0,0.0,0.0,10
25.0,1.4,0.1,40,0.0,0.0,0.0,40,0.005379746835443041,6.02006291962718,2771.3636434389423,40
25.0,1.4,0.2,40,0.00031645569620253165,1.4327007988227582,46.398924540531674,40,0.010443037974683544,9.704160535941122,9385.623314775714,40
25.0,1.4,0.3,40,0.000949367088607595,2.223434723986963,162.9700670514717,40,0.01360759493670886,13.580394323230253,20140.529704291916,40
25.0,1.4,0.4,40,0.008702531645569618,5.620173073983229,2069.553447322522,40,0.02848101265822784,17.598462499688456,29312.24306091877,40
25.0,1.4,0.5,40,0.037500000000000006,6.239335412708652,2711.1693730189354,40,0.03591772151898733,14.628582335548021,22895.94843577762,40
25.0,1.4,0.6,40,0.08607594936708862,13.38881762426188,18104.418497982122,40,0.025632911392405068,6.884313809327768,3958.3452791311074,40
25.0,1.4,0.7,40,0.13813291139240502,16.998087731757824,31326.915711044396,40,-0.029746835443037984,-7.370188066199368,-4722.843177198951,40
25.0,1.4,0.8,40,0.15522151898734177,18.824106660583638,39167.08958221845,40,-0.06677215189873417,-11.113159392650868,-10991.589084512958,40
25.0,1.4,0.9,40,0.1338607594936709,14.967066024814594,23417.36476260562,40,-0.08338607594936709,-12.29337661480498,-12736.503285100183,40
25.0,1.4,1.0,40,0.06721955477957223,5.795646573841641,2241.055666877009,29,-0.0903535573985159,-10.003218831414095,-9246.794475823819,29
25.0,1.5,0.0,40,0.0,0.0,0.0,10,0.0,0.0,0.0,10
25.0,1.5,0.1,40,0.0,0.0,0.0,40,0.006645569620253165,6.921566151849521,4013.2474703850226,40
25.0,1.5,0.2,40,0.0007911392405063292,1.9553847221876075,113.09661089724645,40,0.012183544303797467,9.91737451706762,9887.751180272307,40
25.0,1.5,0.3,40,0.004430379746835444,5.8416607227739625,2287.3432649753745,40,0.019620253164556962,13.5543567990257,20062.092346329515,40
25.0,1.5,0.4,40,0.026898734177215188,8.137695721570955,5330.264958029524,40,0.038291139240506325,18.66500871512174,30334.303156736845,40
25.0,1.5,0.5,40,0.09462025316455694,11.862100630720526,13574.038863199627,40,0.02246835443037975,5.525625404249851,2176.032171784224,40
25.0,1.5,0.6,40,0.14319620253164553,19.011490607158656,39988.21615943672,40,-0.038291139240506325,-6.174137021085392,-2986.323895554441,40
25.0,1.5,0.7,40,0.1349683544303797,18.086065103895656,35918.1813579265,40,-0.09873417721518984,-16.974426280171695,-14617.287061531331,40
25.0,1.5,0.8,40,0.08560126582278481,8.973342575727045,6808.95524664523,40,-0.09098101265822786,-13.340311414391522,-13764.625309063009,40
25.0,1.5,0.9,40,0.053006329113924056,7.712798318386262,4654.970204511705,40,-0.04636075949367088,-12.08865271320936,-12464.298599012818,40
25.0,1.5,1.0,40,0.03993889131383676,9.011077353321532,6880.660042132145,29,-0.015495416848537757,-5.04575028708278,-1718.404553706058,29
25.0,1.6,0.0,40,0.0,0.0,0.0,10,0.0,0.0,0.0,10
25.0,1.6,0.1,40,0.0,0.0,0.0,40,0.008227848101265822,10.394670765727444,11064.055296649563,40
25.0,1.6,0.2,40,0.0028481012658227852,2.09609213187611,137.86686394268074,40,0.016297468354430373,11.11174622675028,12937.92823438226,40
25.0,1.6,0.3,40,0.012183544303797467,8.792549504002865,6471.210810937414,40,0.03053797468354431,19.892868888980292,29394.841453216603,40
25.0,1.6,0.4,40,0.07832278481012656,14.53129159889049,21881.51645193244,40,0.0300632911392405,9.031616925410953,7898.516535132198,40
25.0,1.6,0.5,40,0.16060126582278483,18.312293894157143,36916.93200546474,40,-0.030696202531645567,-7.318583867745317,-4641.041410835529,40
25.0,1.6,0.6,40,0.14382911392405068,12.757473894442215,16157.668589245954,40,-0.09556962025316454,-15.370374294437847,-14244.843016382114,40
25.0,1.6,0.7,40,0.055696202531645575,8.341037673327255,5670.189006513745,40,-0.08037974683544305,-13.15297780285926,-13611.901378914148,40
25.0,1.6,0.8,40,0.03955696202531646,6.243000557759301,2715.2624460423467,40,-0.026424050632911394,-5.540603469928594,-2226.3672222509263,40
25.0,1.6,0.9,40,0.021677215189873422,7.360530619353863,4133.045857413824,40,-0.00791139240506329,-6.749870196052025,-3778.0454373769676,40
25.0,1.6,1.0,40,0.00894805761676124,3.692559303011563,674.1528171835129,29,-0.0041466608467917955,-4.118219462780506,-967.9928442860887,29
25.0,1.7,0.0,40,0.0,0.0,0.0,10,0.0,0.0,0.0,10
25.0,1.7,0.1,40,0.00015822784810126583,1.0000000000000004,16.528236616115773,40,0.009335443037974681,11.014613738924043,12676.945549822209,40
25.0,1.7,0.2,40,0.009018987341772148,2.8079263259577734,314.8630778464927,40,0.02056962025316456,11.944134027309714,15270.22650191098,40
25.0,1.7,0.3,40,0.0360759493670886,12.696846996956454,15976.86844416374,40,0.0370253164556962,18.673708276527854,28938.59693629467,40
25.0,1.7,0.4,40,0.135126582278481,15.501736753812741,25386.134550194954,40,-0.02199367088607595,-3.9522822838911633,-860.8866721439672,40
25.0,1.7,0.5,40,0.1468354430379747,14.80567526491532,22841.892114734645,40,-0.08686708860759491,-12.352342627406511,-12178.225951097113,40
25.0,1.7,0.6,40,0.06060126582278482,7.519000844476748,4363.140473301807,40,-0.06914556962025317,-9.570598323880265,-8531.103026960216,40
25.0,1.7,0.7,40,0.031803797468354426,8.780081336154286,6448.319438224753,40,-0.0120253164556962,-7.4450744696253865,-4841.8192711378,40
25.0,1.7,0.8,40,0.012341772151898734,5.979621813656617,2429.874354877733,40,-0.005537974683544305,-4.775384376437228,-1472.9856846040418,40
25.0,1.7,0.9,40,0.0049050632911392415,3.7403103631305785,698.4517174928003,40,-0.004905063291139243,-6.125072776426134,-2923.2139292157026,40
25.0,1.7,1.0,40,0.00021824530772588372,0.11348781793922706,0.02716721165929914,29,-0.0058926233085988666,-4.430228332368782,-1191.804387422595,29
25.0,1.8,0.0,40,0.0,0.0,0.0,10,0.0,0.0,0.0,10
25.0,1.8,0.1,40,0.00031645569620253165,1.4327007988227582,46.398924540531674,40,0.011234177215189874,11.229685528769185,13259.329687109504,40
25.0,1.8,0.2,40,0.017721518987341773,3.2863998354564483,488.5147751516956,40,0.0286392405063291,12.638427165994731,17312.685457427953,40
25.0,1.8,0.3,40,0.08449367088607593,16.279277314686787,28388.4594386747,40,0.021677215189873415,6.887408385689942,3962.8864604522105,40
25.0,1.8,0.4,40,0.1560126582278481,16.292143134694367,28439.68481578282,40,-0.08085443037974682,-10.745369969000615,-10409.145652355628,40
25.0,1.8,0.5,40,0.07420886075949368,8.204534938251768,5440.683998375866,40,-0.08037974683544304,-10.573923414754232,-10139.976935858038,40
25.0,1.8,0.6,40,0.03354430379746835,9.530913306588802,7915.655265088351,40,-0.0120253164556962,-4.952562424085125,-1631.2775508804766,40
25.0,1.8,0.7,40,0.007911392405063292,4.121415135335198,910.6044332267911,40,-0.006012658227848104,-5.311725600754942,-1982.1258552044758,40
25.0,1.8,0.8,40,-0.0003164556962025317,-0.32078400002210944,-0.40231278204058113,40,-0.004588607594936711,-5.848183590093688,-2580.182311585824,40
25.0,1.8,0.9,40,-0.0020569620253164554,-1.5478553073025276,-39.51771905643864,40,-0.0063291139240506345,-6.0944940022004435,-2884.2543013193217,40
25.0,1.8,1.0,40,-0.0032736796158882586,-2.0590214456371116,-88.86593031588566,29,-0.005674378000872982,-4.217756949399826,-1036.1818157222685,29
25.0,1.9,0.0,40,0.0,0.0,0.0,10,0.0,0.0,0.0,10
25.0,1.9,0.1,40,0.0014240506329113924,1.5475775293178136,57.89624975085906,40,0.012499999999999999,11.899301165923454,14402.028599260015,40
25.0,1.9,0.2,40,0.035443037974683546,5.134618062858572,1638.3543116361118,40,0.0329113924050633,11.620107082310108,14347.329525628465,40
25.0,1.9,0.3,40,0.14857594936708854,24.265832224300542,50875.88794560899,40,-0.023892405063291135,-5.314945150401589,-1985.4438960521795,40
25.0,1.9,0.4,40,0.08670886075949367,9.083779446694273,7020.089899181023,40,-0.09177215189873417,-10.981100073468477,-10782.354492950451,40
25.0,1.9,0.5,40,0.03560126582278482,7.187831533292074,3891.1950604441627,40,-0.020094936708860756,-5.4278384627739475,-2104.07753516843,40
25.0,1.9,0.6,40,0.010759493670886076,6.170713305826378,2635.1304068717554,40,-0.004272151898734179,-4.520979134706179,-1262.290677782814,40
25.0,1.9,0.7,40,-0.0022151898734177216,-1.432700798822758,-31.630949259496504,40,-0.007753164556962025,-6.776723570006852,-3761.920098166781,40
25.0,1.9,0.8,40,-0.003955696202531646,-3.586474150718655,-206.33631990012577,40,-0.006645569620253167,-6.7364640004643,-3758.7303626131657,40
25.0,1.9,0.9,40,-0.004746835443037976,-3.660183952328832,-208.90969597510937,40,-0.008227848101265823,-7.537835598979416,-3813.775826607655,40
25.0,1.9,1.0,40,-0.003491924923614142,-2.2420187256888395,-112.7585551884527,29,-0.006547359231776517,-5.134182762230349,-1803.6036054638005,29
25.0,2.0,0.0,40,0.0,0.0,0.0,10,0.0,0.0,0.0,10
25.0,2.0,0.1,40,0.003164556962025317,1.994891434824134,119.73546724807385,40,0.014715189873417722,12.640700320590573,14513.896814385194,40
25.0,2.0,0.2,40,0.0767405063291139,10.66493945627916,10459.00507523708,40,0.02958860759493671,7.205026920616011,4447.505189707049,40
25.0,2.0,0.3,40,0.15775316455696203,16.460827185443975,29118.69576656145,40,-0.07594936708860761,-13.448775602908672,-11943.439256027401,40
25.0,2.0,0.4,40,0.04382911392405063,7.431021022977248,4234.603209995295,40,-0.044145569620253164,-6.656271053420778,-3643.2649169874353,40
25.0,2.0,0.5,40,0.009335443037974681,4.39166124035813,1081.0979751040516,40,-0.00617088607594937,-5.618669934787327,-2313.435393725065,40
25.0,2.0,0.6,40,0.0012658227848101266,0.9551338658818388,14.44632632292279,40,-0.0055379746835443056,-5.309033877078259,-1979.3532496580724,40
25.0,2.0,0.7,40,-0.0049050632911392415,-4.373979863563691,-222.10693967064103,40,-0.008702531645569623,-9.130966997196243,-3932.9347365798403,40
25.0,2.0,0.8,40,-0.004272151898734178,-3.741459995125642,-211.64295635836112,40,-0.006645569620253167,-6.4068504506424535,-3295.650196553055,40
25.0,2.0,0.9,40,-0.004746835443037974,-2.830847687555264,-166.72284106217649,40,-0.008544303797468355,-6.608540766304454,-3575.4974340672393,40
25.0,2.0,1.0,40,-0.006547359231776518,-4.4971901339751685,-217.88724668490943,29,-0.008729812309035358,-6.859943405700354,-3779.4750656812157,29
26.0,1.1,0.0,40,,0.0,0.0,0,,0.0,0.0,0
26.0,1.1,0.1,40,0.0,0.0,0.0,40,0.0033227848101265835,5.546840709851434,2199.784070613877,40
26.0,1.1,0.2,40,0.00569620253164557,1.0,16.528236616115752,40,0.004272151898734179,2.8955573613573353,333.90915619592596,40
26.0,1.1,0.3,40,0.0,0.0,0.0,40,0.008069620253164558,10.742566284432533,11959.185941844791,40
26.0,1.1,0.4,40,0.00015822784810126583,1.0000000000000004,16.528236616115773,40,0.009335443037974685,12.427674721206264,16682.28712449011,40
26.0,1.1,0.5,40,0.0007911392405063292,2.3603873774083293,192.9981498657687,40,0.01424050632911392,14.512063946937381,22614.688840772425,40
26.0,1.1,0.6,40,0.0034810126582278493,3.972733151830385,824.1186128517174,40,0.016139240506329106,13.980374353071632,21328.103681985805,40
26.0,1.1,0.7,40,0.004905063291139242,5.686594744917643,2133.4867957423294,40,0.021835443037974682,14.371481771910506,22275.043054756672,40
26.0,1.1,0.8,40,0.013924050632911392,4.615705840531926,1236.3085393364124,40,0.030221518987341774,14.957921795416794,23694.90449112226,40
26.0,1.1,0.9,40,0.018037974683544303,9.157457821496196,7163.817590103342,40,0.0370253164556962,21.726354566715067,32941.78078667634,40
26.0,1.1,1.0,40,0.03459915611814346,10.04897381210308,9025.693866335276,30,0.03227848101265824,12.681854135221569,17443.168652727243,30
26.0,1.2,0.0,40,0.0,0.0,0.0,10,0.0,0.0,0.0,10
26.0,1.2,0.1,40,0.0,0.0,0.0,40,0.0037974683544303813,5.648813230147635,2316.285902854921,40
26.0,1.2,0.2,40,0.007436708860759493,1.0220673881040356,17.59061216633247,40,0.00506329113924051,3.5239055673728283,592.8909816119158,40
26.0,1.2,0.3,40,0.0,0.0,0.0,40,0.009651898734177216,11.387990475836727,13696.703610496581,40
26.0,1.2,0.4,40,0.0011075949367088608,2.2107618665723674,160.34456724325932,40,0.012974683544303797,14.335763201974004,22189.27429393033,40
26.0,1.2,0.5,40,0.00268987341772152,4.522779608846715,1170.45015249735,40,0.0189873417721519,16.431676725154986,24421.743957608076,40
26.0,1.2,0.6,40,0.008702531645569622,6.932170642497244,3549.1739805938246,40,0.025632911392405068,15.121757844963522,24094.816855519264,40
26.0,1.2,0.7,40,0.01645569620253165,7.705736718729653,4644.170104615697,40,0.0319620253164557,16.40097211782693,27158.34832351438,40
26.0,1.2,0.8,40,0.041139240506329125,6.186700358352731,2652.7527883538114,40,0.03639240506329114,18.09630322679719,29491.35244085809,40
26.0,1.2,0.9,40,0.0675632911392405,15.18680347236001,24213.99777414616,40,0.0319620253164557,10.455929576756786,11220.080563626716,40
26.0,1.2,1.0,40,0.10611814345991562,11.353525072806903,12200.704088748782,30,0.011603375527426163,2.6256255686443684,250.7891040582131,30
26.0,1.3,0.0,40,0.0,0.0,0.0,10,0.0,0.0,0.0,10
26.0,1.3,0.1,40,0.0,0.0,0.0,40,0.004272151898734178,4.970023083713988,1609.0266741195546,40
26.0,1.3,0.2,40,0.005063291139240506,1.0325749468833856,18.111685071734108,40,0.005379746835443041,2.1532216876958215,139.79957089871425,40
26.0,1.3,0.3,40,0.00031645569620253165,1.4327007988227582,46.398924540531674,40,0.012025316455696202,14.284378819566133,22065.062317265878,40
26.0,1.3,0.4,40,0.0025316455696202536,3.5685702847990863,613.6033814283157,40,0.017721518987341763,14.725863771941764,23131.51497054105,40
26.0,1.3,0.5,40,0.008069620253164558,7.270511944088241,4005.805550402571,40,0.028481012658227844,13.552224566382979,20055.67740267116,40
26.0,1.3,0.6,40,0.027373417721518984,9.0438052901724,6943.183894220577,40,0.035443037974683525,17.292535523776596,29009.892094410323,40
26.0,1.3,0.7,40,0.058544303797468354,11.906767400556763,13698.10024942963,40,0.03560126582278481,13.848465268272399,20941.92499381833,40
26.0,1.3,0.8,40,0.11218354430379747,11.99224086916098,13936.375386577078,40,0.010126582278481015,2.420569133401785,197.64339200013785,40
26.0,1.3,0.9,40,0.1694620253164557,23.91779695144123,60358.69210597593,40,-0.016297468354430376,-3.850187058043838,-798.8451448969961,40
26.0,1.3,1.0,40,0.1865997381056307,22.556416965216897,55343.730051747145,29,-0.043212570929725004,-12.30142520339572,-10535.649835142742,29
26.0,1.4,0.0,40,0.0,0.0,0.0,10,0.0,0.0,0.0,10
26.0,1.4,0.1,40,0.0,0.0,0.0,40,0.005379746835443041,4.7911578436415985,1448.7118709689253,40
26.0,1.4,0.2,40,0.000949367088607595,1.182542335183816,26.714696458535307,40,0.004905063291139241,0.8869776549598042,10.281802149933531,40
26.0,1.4,0.3,40,0.0012658227848101266,3.122498999199199,423.8561914678205,40,0.013924050632911392,16.911534525287767,24951.628532334053,40
26.0,1.4,0.4,40,0.006012658227848104,6.444452921026536,2946.0963668386225,40,0.026265822784810135,14.315583354284085,22140.617442959974,40
26.0,1.4,0.5,40,0.026582278481012668,8.64274657755906,6198.553877392259,40,0.039715189873417725,15.551795786982922,25142.169158454777,40
26.0,1.4,0.6,40,0.07990506329113924,13.686640785184384,19055.47432979319,40,0.022784810126582282,6.323554520374748,3178.757256130435,40
26.0,1.4,0.7,40,0.14129746835443036,18.81312659828721,39119.12116947912,40,-0.0028481012658227835,-0.7048235400981733,-5.671803231811191,40
26.0,1.4,0.8,40,0.17721518987341775,22.00410240308204,53065.99354976093,40,-0.054905063291139235,-9.174442971024153,-7825.8254082962985,40
26.0,1.4,0.9,40,0.18069620253164562,27.033748409677916,67019.23954584028,40,-0.05617088607594937,-14.42668939597024,-13119.392300774784,40
26.0,1.4,1.0,40,0.13160192055870798,13.387727638413084,18101.00054546969,29,-0.053470100392841544,-10.689768236735837,-10321.926616147488,29
26.0,1.5,0.0,40,0.0,0.0,0.0,10,0.0,0.0,0.0,10
26.0,1.5,0.1,40,0.0,0.0,0.0,40,0.006487341772151901,5.78494110987456,2477.540569121345,40
26.0,1.5,0.2,40,-0.0022151898734177216,-0.9296853175606916,-0.2722224401227614,40,0.005537974683544303,0.9169989583838258,11.323067413866694,40
26.0,1.5,0.3,40,0.0033227848101265835,5.992166075781739,2443.0628383609187,40,0.01882911392405063,15.300840728632112,24532.344871305926,40
26.0,1.5,0.4,40,0.02120253164556962,8.938937843347471,6743.9134612843345,40,0.03607594936708861,20.34915809791938,30979.35998468141,40
26.0,1.5,0.5,40,0.08686708860759493,12.727965914980887,16069.69131250338,40,0.031012658227848107,9.425579874852774,8751.753142773681,40
26.0,1.5,0.6,40,0.16518987341772154,21.177041414040634,49622.04823861724,40,-0.016930379746835443,-3.4743058307595813,-594.7900308168039,40
26.0,1.5,0.7,40,0.1727848101265823,22.175043011602067,50093.33315716791,40,-0.0634493670886076,-10.193085289717473,-9543.810655176416,40
26.0,1.5,0.8,40,0.12832278481012654,18.033185895931428,35688.70948774399,40,-0.06218354430379745,-11.147663840940043,-11046.026889980167,40
26.0,1.5,0.9,40,0.09398734177215193,15.179039988512955,24185.638993693683,40,-0.03560126582278481,-6.211348486796245,-3034.676715772837,40
26.0,1.5,1.0,40,0.07245744216499346,12.96453987592819,16788.93373241429,29,-0.012876473155827147,-5.360472909298276,-2032.8364799232866,29
26.0,1.6,0.0,40,0.0,0.0,0.0,10,0.0,0.0,0.0,10
26.0,1.6,0.1,40,0.00031645569620253165,1.0000000000000002,16.528236616115763,40,0.008544303797468353,4.426519293199438,1152.9788613833198,40
26.0,1.6,0.2,40,0.003639240506329114,1.5250140676931994,55.51082689805378,40,0.01265822784810126,9.874208829065745,9784.909831041312,40
26.0,1.6,0.3,40,0.009018987341772153,7.6751514506747665,4597.425614928502,40,0.02753164556962025,17.80642421393999,28527.06468238253,40
26.0,1.6,0.4,40,0.0685126582278481,13.03555362255016,17007.184605574614,40,0.03196202531645569,13.702133638877877,20504.664147770258,40
26.0,1.6,0.5,40,0.17215189873417722,22.467517957955273,52452.474136928264,40,-0.009493670886075951,-2.5686074750538,-248.35343623398182,40
26.0,1.6,0.6,40,0.17294303797468352,17.058540875162866,31575.851909494435,40,-0.0629746835443038,-9.640131009484096,-8655.114818371905,40
26.0,1.6,0.7,40,0.1082278481012658,18.384671522943247,37234.59791145049,40,-0.05522151898734177,-9.407094832421015,-8238.27595790534,40
26.0,1.6,0.8,40,0.06139240506329113,14.004485041683488,20093.897028231746,40,-0.017405063291139243,-5.793384170089839,-2514.959297511384,40
26.0,1.6,0.9,40,0.03750000000000002,12.320616401978596,14871.39453037432,40,-0.007753164556962022,-5.311592601910019,-1981.988902300699,40
26.0,1.6,1.0,40,0.022261021388040154,7.614727600716981,4505.99631571619,29,-0.005456132693147099,-4.5267873021259275,-1266.8717261162856,29
26.0,1.7,0.0,40,0.0,0.0,0.0,10,0.0,0.0,0.0,10
26.0,1.7,0.1,40,0.0014240506329113924,1.0000000000000004,16.528236616115773,40,0.010601265822784808,4.556879679529765,1253.8981252235244,40
26.0,1.7,0.2,40,0.004905063291139241,3.685684422589832,670.7048033091436,40,0.018354430379746833,13.536418908688827,20007.86376824374,40
26.0,1.7,0.3,40,0.025791139240506335,12.037506063568868,14063.496031755121,40,0.03528481012658227,15.818245011438666,25785.78564808687,40
26.0,1.7,0.4,40,0.14145569620253168,20.08803446024519,44787.17803370873,40,0.0006329113924050634,0.1296826657284115,0.03806881603858216,40
26.0,1.7,0.5,40,0.17753164556962028,22.16703672380177,52301.85572584196,40,-0.05348101265822784,-11.394641718388081,-11429.11819965877,40
26.0,1.7,0.6,40,0.11582278481012656,15.387613328417356,24959.574204681358,40,-0.04604430379746836,-9.546346417967527,-8487.858352181078,40
26.0,1.7,0.7,40,0.06170886075949367,14.297108284778606,21077.105269947522,40,-0.012183544303797467,-7.223907123103309,-4492.046849031598,40
26.0,1.7,0.8,40,0.023892405063291135,9.526170975927222,7905.898192115073,40,-0.007436708860759493,-6.449708874657957,-3354.1631852291575,40
26.0,1.7,0.9,40,0.006012658227848101,3.024590575292488,387.7942286446264,40,-0.006645569620253167,-7.122816386397752,-3821.197342899029,40
26.0,1.7,1.0,40,0.002182453077258839,1.1867816581938537,26.9895308548435,29,-0.006547359231776518,-5.297391886747832,-1967.3811271241054,29
26.0,1.8,0.0,40,0.0,0.0,0.0,10,0.0,0.0,0.0,10
26.0,1.8,0.1,40,0.005379746835443038,1.0631924080239625,19.692946924676097,40,0.010284810126582274,9.324832791868497,8528.742161570071,40
26.0,1.8,0.2,40,0.010443037974683546,6.68276185373165,3232.707354495268,40,0.025949367088607594,17.710997313458115,27117.681028195402,40
26.0,1.8,0.3,40,0.07389240506329113,16.874243163891016,30812.206360642,40,0.029430379746835444,10.186072602030166,10540.924873228047,40
26.0,1.8,0.4,40,0.19224683544303797,30.226412937004685,72298.2701705036,40,-0.04398734177215188,-7.715203821897978,-5282.068354313169,40
26.0,1.8,0.5,40,0.10775316455696202,12.467501390118496,15298.374653304843,40,-0.0454113924050633,-9.147438280748421,-7778.09534159949,40
26.0,1.8,0.6,40,0.06075949367088608,12.517189575682847,15443.95192713353,40,-0.013449367088607594,-6.8443689653368205,-3915.7616034083385,40
26.0,1.8,0.7,40,0.017721518987341776,8.732088900063005,6360.5178174455405,40,-0.008227848101265825,-5.34157912348657,-2013.076687747124,40
26.0,1.8,0.8,40,0.006170886075949369,4.852693108871859,1412.9693048336121,40,-0.006962025316455696,-7.7287888582358,-5304.600541931033,40
26.0,1.8,0.9,40,-0.0004746835443037973,-0.37998029782867404,-0.6566915199626423,40,-0.006170886075949369,-6.168418811577442,-2978.9319031769514,40
26.0,1.8,1.0,40,-0.0024006983849847235,-1.4871073433524367,-35.22005360447183,29,-0.007420340462680055,-5.273287412749,-1942.6704410402265,29
26.0,1.9,0.0,40,0.0,0.0,0.0,10,0.0,0.0,0.0,10
26.0,1.9,0.1,40,0.006012658227848101,1.086840952938675,20.973500878605456,40,0.010601265822784811,9.472802255565115,8857.18791136629,40
26.0,1.9,0.2,40,0.02246835443037975,9.207469266717217,7262.237731605459,40,0.031803797468354426,15.741059062192539,25600.655479642483,40
26.0,1.9,0.3,40,0.15632911392405063,20.96961658713614,48721.9192434361,40,-0.0025316455696202515,-0.5724780279075995,-3.076922084111015,40
26.0,1.9,0.4,40,0.14018987341772154,16.997570588511813,31324.771119446774,40,-0.0629746835443038,-11.764480145749754,-10883.895903072198,40
26.0,1.9,0.5,40,0.0656645569620253,11.668172310147314,13040.907016055373,40,-0.012816455696202534,-6.5093077918059,-3436.4515082051075,40
26.0,1.9,0.6,40,0.021518987341772156,9.021034384805391,6899.625047897515,40,-0.006962025316455697,-5.207752841213993,-1876.336837015493,40
26.0,1.9,0.7,40,0.003164556962025317,2.23606797749979,165.60202783924348,40,-0.006487341772151901,-6.036713689867171,-2811.4563372986427,40
26.0,1.9,0.8,40,-0.00015822784810126574,-0.15062406539143605,-0.048535791397290105,40,-0.00617088607594937,-6.9192856074302425,-4026.7213697021034,40
26.0,1.9,0.9,40,-0.0018987341772151896,-1.6368840255122221,-46.386082772107585,40,-0.004905063291139242,-5.6865947449176435,-2390.7533254493887,40
26.0,1.9,1.0,40,-0.004583151462243563,-2.813429333639752,-165.7195386634782,29,-0.007638585770405939,-5.140551492360392,-1809.8305356703008,29
26.0,2.0,0.0,40,0.0,0.0,0.0,10,0.0,0.0,0.0,10
26.0,2.0,0.1,40,0.005537974683544305,1.4034589305344742,43.720336015983364,40,0.012183544303797469,11.362535046373544,13626.00069648257,40
26.0,2.0,0.2,40,0.05427215189873419,13.126008654119273,17285.969394907905,40,0.03275316455696202,12.048864545078303,15571.016811159085,40
26.0,2.0,0.3,40,0.1982594936708861,31.622609013073482,66886.08852367097,40,-0.0481012658227848,-9.963883656644027,-9185.60216159209,40
26.0,2.0,0.4,40,0.08607594936708861,12.463072068100907,15285.43914620885,40,-0.028797468354430377,-8.343754352145178,-6352.9701731580435,40
26.0,2.0,0.5,40,0.021677215189873422,5.84428858114009,2289.9998108041964,40,-0.007436708860759494,-5.904644955609177,-2648.376101758152,40
26.0,2.0,0.6,40,0.003956704023220189,2.0339203649985276,126.55276896280667,40,-0.007756188019027653,-6.408639035628783,-3298.0787702300454,40
26.0,2.0,0.7,40,-0.0022151898734177216,-2.2107618665723674,-108.42367907345819,40,-0.0069620253164557,-7.728788858235806,-3832.9332223658535,40
26.0,2.0,0.8,40,-0.005063291139240506,-3.3993463423951904,-197.9326334342869,40,-0.008702531645569622,-6.428237836395052,-3324.7806387453493,40
26.0,2.0,0.9,40,-0.004272151898734178,-3.47752093455618,-199.78690519712876,40,-0.0064873417721519,-6.845533545391952,-3917.4726455771192,40
26.0,2.0,1.0,40,-0.005674378000872981,-3.2794123642118342,-191.37986819950086,29,-0.009821038847664776,-5.47722557505166,-2157.1435430002025,29
27.0,1.1,0.0,40,,0.0,0.0,0,,0.0,0.0,0
27.0,1.1,0.1,40,0.0,0.0,0.0,40,0.0025316455696202536,4.638668060910411,1320.0074862262677,40
27.0,1.1,0.2,40,0.00015822784810126583,1.0000000000000002,16.528236616115763,40,0.0061708860759493705,6.511605079763079,3435.1438992152243,40
27.0,1.1,0.3,40,0.0,0.0,0.0,40,0.005696202531645572,6.766284704005017,3787.356993848559,40
27.0,1.1,0.4,40,0.0004746835443037975,1.7782469350914576,86.24219619933204,40,0.010284810126582278,11.458395206883532,13892.959522774028,40
27.0,1.1,0.5,40,0.0007911392405063292,2.3603873774083306,192.99814986576905,40,0.012974683544303802,13.152144000906492,18851.331382689918,40
27.0,1.1,0.6,40,0.0023734177215189883,4.3915503282684005,1081.0243692418398,40,0.016930379746835436,16.545850680440193,27479.567710238476,40
27.0,1.1,0.7,40,0.005221518987341774,5.606845240018837,2056.833095979595,40,0.02025316455696202,16.82955859650488,28067.838347823865,40
27.0,1.1,0.8,40,0.008860759493670885,8.573214099741126,6074.016685237518,40,0.026424050632911388,17.403679308324456,29181.76182905573,40
27.0,1.1,0.9,40,0.015348101265822787,8.751670383543454,6396.293145797634,40,0.031012658227848107,21.166801667303602,32682.495055930434,40
27.0,1.1,1.0,40,0.030590717299578064,9.013462431089893,6885.200211166607,30,0.032700421940928266,14.01917888418369,21421.673646040566,30
27.0,1.2,0.0,40,0.0,0.0,0.0,10,0.0,0.0,0.0,10
27.0,1.2,0.1,40,0.0,0.0,0.0,40,0.003955696202531648,5.922156908259288,2646.556495385187,40
27.0,1.2,0.2,40,0.00015822784810126583,1.0000000000000002,16.528236616115763,40,0.007594936708860763,5.494865638675509,2141.925533300757,40
27.0,1.2,0.3,40,0.0,0.0,0.0,40,0.00838607594936709,9.14127611779586,8130.814068824954,40
27.0,1.2,0.4,40,0.0007911392405063292,2.3603873774083293,192.9981498657687,40,0.013291139240506327,16.393119745795794,27060.78418076123,40
27.0,1.2,0.5,40,0.0026898734177215194,3.9814972906063235,829.0749491281287,40,0.01756329113924051,12.180070674773702,15952.31229489131,40
27.0,1.2,0.6,40,0.006487341772151901,6.324507085289188,2807.300189928043,40,0.0245253164556962,15.754532618051384,25632.967933797656,40
27.0,1.2,0.7,40,0.015506329113924047,7.7500646606998576,4712.269976649592,40,0.030854430379746833,16.863190978318332,28137.464929908598,40
27.0,1.2,0.8,40,0.028797468354430387,11.46025896668878,12482.279924549164,40,0.037658227848101265,19.728227488319035,30079.77754512984,40
27.0,1.2,0.9,40,0.05933544303797469,10.745821575611487,10656.964832313273,40,0.02943037974683544,11.113590796982894,12942.908909893724,40
27.0,1.2,1.0,40,0.12172995780590717,16.394591611679434,28851.289795325793,30,0.010126582278481011,2.7375067986051014,283.41277776330764,30
27.0,1.3,0.0,40,0.0,0.0,0.0,10,0.0,0.0,0.0,10
27.0,1.3,0.1,40,0.0,0.0,0.0,40,0.004746835443037977,7.52415465190652,4968.7395297248495,40
27.0,1.3,0.2,40,0.0003164556962025317,1.0,16.528236616115752,40,0.008544303797468357,8.527224342493419,6840.199917725236,40
27.0,1.3,0.3,40,0.00015822784810126583,1.0000000000000002,16.528236616115763,40,0.01060126582278481,11.925540722634492,15216.84467490765,40
27.0,1.3,0.4,40,0.0020569620253164562,3.1341111590176562,428.2479442118779,40,0.015189873417721522,16.353243452861932,27050.08092646739,40
27.0,1.3,0.5,40,0.0061708860759493705,7.705736718729655,4644.1701046157,40,0.02515822784810126,14.770944188191427,23240.591004862734,40
27.0,1.3,0.6,40,0.014873417721518987,7.054749988507503,3710.980582256149,40,0.03401898734177215,17.487545550015522,29304.38929389481,40
27.0,1.3,0.7,40,0.05506329113924051,13.536418908688832,18572.97797897308,40,0.027848101265822784,13.42387713467942,19667.28392696634,40
27.0,1.3,0.8,40,0.10537974683544304,18.757844343967456,38876.59932027787,40,0.015031645569620255,4.778418072274021,1437.7105958011064,40
27.0,1.3,0.9,40,0.15253164556962023,20.41688718430532,46265.65805611888,40,-0.013132911392405067,-3.1882590310463286,-464.18075359984573,40
27.0,1.3,1.0,40,0.1833260584897425,21.205959560923702,49745.4176724815,29,-0.03710170231340026,-7.301163117764198,-4613.517943646283,29
27.0,1.4,0.0,40,0.0,0.0,0.0,10,0.0,0.0,0.0,10
27.0,1.4,0.1,40,0.0,0.0,0.0,40,0.005537974683544307,8.062257748298554,5930.152854056789,40
27.0,1.4,0.2,40,0.000949367088607595,1.0000000000000002,16.528236616115763,40,0.011550632911392408,8.629293597390681,7049.394047716689,40
27.0,1.4,0.3,40,0.0004746835443037975,1.7782469350914576,86.24219619933204,40,0.014240506329113925,12.383437106195792,16551.184125229338,40
27.0,1.4,0.4,40,0.005696202531645572,6.766284704005014,3336.9372738494435,40,0.023417721518987338,18.499999999999993,30248.700237906825,40
27.0,1.4,0.5,40,0.02183544303797469,10.7092231929269,10567.23144167607,40,0.03338607594936708,20.050405341071848,30828.284746282723,40
27.0,1.4,0.6,40,0.06819620253164557,13.152594238907882,17367.972102489377,40,0.028797468354430384,12.463684621468659,16789.105664677896,40
27.0,1.4,0.7,40,0.14177215189873416,20.374433054052744,46076.52669132554,40,-0.011234177215189873,-2.831648064258501,-329.3984277902065,40
27.0,1.4,0.8,40,0.182120253164557,32.49891349192658,73631.1592968318,40,-0.04556962025316455,-12.09951495428193,-11176.207921507972,40
27.0,1.4,0.9,40,0.17515822784810126,27.509950464272404,68058.07372599456,40,-0.049841772151898736,-11.148550932360694,-11047.421539928062,40
27.0,1.4,1.0,40,0.12374508948057614,13.744264617343802,19241.744990830943,29,-0.04561326931470975,-6.604915656458775,-3570.372208795643,29
27.0,1.5,0.0,40,0.0,0.0,0.0,10,0.0,0.0,0.0,10
27.0,1.5,0.1,40,0.0,0.0,0.0,40,0.0061708860759493705,8.408449691928507,6601.551757560617,40
27.0,1.5,0.2,40,0.0033227848101265818,1.105263157894737,22.007105494178465,40,0.014715189873417722,11.97812766347128,15367.815481707627,40
27.0,1.5,0.3,40,0.004272151898734178,5.152302251168403,1652.9608657041179,40,0.017563291139240506,12.830342056498026,17890.07375057758,40
27.0,1.5,0.4,40,0.016455696202531643,7.342622857633901,4107.560888993532,40,0.03322784810126582,18.509715334196475,30258.114260382285,40
27.0,1.5,0.5,40,0.06772151898734177,13.027337277188975,16981.980661083682,40,0.03132911392405064,12.950762394522794,18249.665345897407,40
27.0,1.5,0.6,40,0.16202531645569618,24.804988083019676,53365.70799629994,40,-0.021518987341772152,-4.4773030693227005,-1228.0445526284557,40
27.0,1.5,0.7,40,0.17626582278481012,20.0993417748354,44838.0360896382,40,-0.05854430379746833,-11.721484819846147,-10028.501929221131,40
27.0,1.5,0.8,40,0.12547468354430374,21.25012999710043,49932.72337294301,40,-0.04841772151898735,-10.296673450594742,-9706.749580455824,40
27.0,1.5,0.9,40,0.10996835443037975,18.85027651372703,39281.33237136633,40,-0.02579113924050632,-7.701246528952836,-5258.9757243674585,40
27.0,1.5,1.0,40,0.08184199039720645,12.057851099323068,14120.777471378335,29,-0.01069402007856831,-4.505364489000192,-1250.0112533339384,29
27.0,1.6,0.0,40,0.0,0.0,0.0,10,0.0,0.0,0.0,10
27.0,1.6,0.1,40,0.0,0.0,0.0,40,0.007594936708860761,10.01427552475537,10120.682583869322,40
27.0,1.6,0.2,40,0.006012658227848101,1.2291397068393282,29.850155435238694,40,0.01629746835443038,17.50015332490727,28327.22400931903,40
27.0,1.6,0.3,40,0.008544303797468357,9.000000000000002,6859.56546671712,40,0.02468354430379747,17.71601374060042,28477.519666821583,40
27.0,1.6,0.4,40,0.051582278481012635,12.334298877182295,14910.77991750459,40,0.031962025316455686,16.513001918213575,27412.271404447227,40
27.0,1.6,0.5,40,0.14999999999999997,21.152414338626716,49516.113761857676,40,-0.013924050632911389,-2.769486021639261,-308.89567712012337,40
27.0,1.6,0.6,40,0.16044303797468357,21.6584733311184,51656.56001881996,40,-0.056170886075949354,-14.62624677311707,-12003.034376944423,40
27.0,1.6,0.7,40,0.130379746835443,22.098548023050252,51868.34586968323,40,-0.03370253164556962,-8.1819177543719,-6071.170157832377,40
27.0,1.6,0.8,40,0.08939873417721518,15.603485481356758,25769.257095257177,40,-0.015664556962025313,-7.7287888582358,-5304.600541931033,40
27.0,1.6,0.9,40,0.06360759493670885,15.452163569991965,25200.53415862986,40,-0.008386075949367088,-5.8229048579051526,-2549.91021365978,40
27.0,1.6,1.0,40,0.029681361850720206,8.769631970980587,6429.168450309238,29,-0.007420340462680056,-6.298147875897064,-3149.2738831891647,29
27.0,1.7,0.0,40,0.0,0.0,0.0,10,0.0,0.0,0.0,10
27.0,1.7,0.1,40,0.0,0.0,0.0,40,0.008702531645569622,11.74659338448177,14706.207447482875,40
27.0,1.7,0.2,40,0.0071202531645569635,1.8837836274069653,101.64853029205361,40,0.018670886075949363,16.494305812870603,27370.183810762734,40
27.0,1.7,0.3,40,0.027531645569620244,10.929874705063792,11113.920012761708,40,0.03401898734177215,19.269752929419337,29012.70266031012,40
27.0,1.7,0.4,40,0.1294303797468354,28.07156789825277,69675.05313940725,40,-0.006487341772151897,-1.8979833476496524,-103.454366965724,40
27.0,1.7,0.5,40,0.17373417721518988,21.74517067777634,52012.58936415851,40,-0.05965189873417722,-12.710334081488911,-11643.159334262851,40
27.0,1.7,0.6,40,0.11012658227848102,16.58252007549,29611.57921652664,40,-0.03702531645569619,-11.624242204707924,-11481.881533271677,40
27.0,1.7,0.7,40,0.07879746835443038,17.110705540606688,31791.298090255532,40,-0.011234177215189874,-6.655000305078825,-3641.4544866494016,40
27.0,1.7,0.8,40,0.03496835443037975,12.27632056125401,14744.034946401494,40,-0.00759493670886076,-7.648529270389179,-5172.086342208679,40
27.0,1.7,0.9,40,0.017689061992859464,6.147105818439009,2609.153744050654,39,-0.007302823758519963,-6.767833584580183,-3804.0512452581843,39
27.0,1.7,1.0,40,0.006983849847228286,3.265986323710905,480.12514522268276,29,-0.0058926233085988666,-3.917571750594063,-839.4631322413205,29
27.0,1.8,0.0,40,0.0,0.0,0.0,10,0.0,0.0,0.0,10
27.0,1.8,0.1,40,0.0,0.0,0.0,40,0.010126582278481015,14.274281139196345,22040.604034457076,40
27.0,1.8,0.2,40,0.010917721518987341,4.361930436739261,1061.371288757783,40,0.02579113924050632,16.194457088610182,26680.23369630685,40
27.0,1.8,0.3,40,0.07136075949367088,13.809164401471296,19452.420974866745,40,0.02768987341772152,9.730311075532732,9446.365688406157,40
27.0,1.8,0.4,40,0.17056962025316455,31.25437326068024,73282.43720237794,40,-0.05379746835443039,-12.931570642726808,-10374.575633569113,40
27.0,1.8,0.5,40,0.12990506329113924,18.292686325237913,36830.28253154526,40,-0.035759493670886065,-10.259690811545434,-9648.535227322927,40
27.0,1.8,0.6,40,0.08117088607594936,22.749788389486756,48830.828659603794,40,-0.009177215189873418,-5.910136416366706,-2655.0527177419544,40
27.0,1.8,0.7,40,0.024683544303797468,9.416377298886106,7681.109382206378,40,-0.009651898734177215,-8.050726847253813,-5846.038387214859,40
27.0,1.8,0.8,40,0.008227848101265823,4.931635956792847,1474.8034736538145,40,-0.006962025316455697,-8.269903527117236,-5860.654074874011,40
27.0,1.8,0.9,40,-3.035766082959412e-19,-1.933535161324555e-16,-1.3606624798549172e-46,40,-0.0071202531645569635,-6.524884979002953,-3458.0763445348316,40
27.0,1.8,1.0,40,-0.0013094718463553033,-0.6188527477552761,-2.7270771085379093,29,-0.007856831078131822,-5.0374818884263775,-1710.5750488887418,29
27.0,1.9,0.0,40,0.0,0.0,0.0,10,0.0,0.0,0.0,10
27.0,1.9,0.1,40,0.0004746835443037975,1.3556165885229265,39.56179492022006,40,0.012341772151898734,13.636457679926496,20308.402332694746,40
27.0,1.9,0.2,40,0.018670886075949363,8.686978236638117,6278.57554131015,40,0.03306962025316455,17.13965339708384,27052.65747950094,40
27.0,1.9,0.3,40,0.14667721518987337,21.81993588624428,52314.635119624356,40,-0.017721518987341766,-4.783955219785212,-1480.4191100249068,40
27.0,1.9,0.4,40,0.1384493670886076,18.377117024458276,37201.69976481632,40,-0.061075949367088635,-10.510181686993102,-10040.028500893926,40
27.0,1.9,0.5,40,0.08781645569620253,21.13438002314316,38284.76626883712,40,-0.015031645569620247,-7.338936210227005,-4673.2388327592,40
27.0,1.9,0.6,40,0.026265822784810128,9.811388610731868,8505.506028921076,40,-0.010284810126582278,-9.74531587770227,-6169.94408530798,40
27.0,1.9,0.7,40,0.006803797468354429,3.123555003490337,424.2545596053763,40,-0.007436708860759494,-6.57801003129924,-3532.4511890867607,40
27.0,1.9,0.8,40,-0.0004746835443037975,-0.34256686379231943,-0.48689117446292113,40,-0.006645569620253167,-6.406850450642455,-3295.6501965530574,40
27.0,1.9,0.9,40,-0.0012658227848101268,-1.112697280528374,-15.211630064560543,40,-0.00537974683544304,-5.666666666666669,-2367.921199447644,40
27.0,1.9,1.0,40,-0.003710170231340026,-2.4891802619984795,-147.77028041525364,29,-0.007856831078131822,-7.326695938332713,-2721.889734023688,29
27.0,2.0,0.0,40,0.0,0.0,0.0,10,0.0,0.0,0.0,10
27.0,2.0,0.1,40,0.0014240506329113924,2.296473306924271,178.5747395034785,40,0.014240506329113925,14.51206394693739,22614.688840772447,40
27.0,2.0,0.2,40,0.0487341772151899,12.391119426325066,15075.15884636918,40,0.03306962025316455,14.855869275267079,23446.990668133007,40
27.0,2.0,0.3,40,0.18243670886075952,23.9284730270135,60846.348444193754,40,-0.05237341772151899,-9.740156335532717,-8833.050363040418,40
27.0,2.0,0.4,40,0.11281645569620254,21.64687396085601,51607.892961565216,40,-0.02294303797468355,-8.113877372851901,-5954.26283462137,40
27.0,2.0,0.5,40,0.03512658227848102,12.658057070614527,15861.055317329026,40,-0.011392405063291136,-9.466626710533996,-6135.89840225058,40
27.0,2.0,0.6,40,0.006329113924050634,3.910769444375215,789.5258266699325,40,-0.009018987341772153,-9.684550869123438,-6164.194624173923,40
27.0,2.0,0.7,40,-0.000158227848101266,-0.10711658569182286,-0.021489492770561995,40,-0.00680379746835443,-5.958621473718613,-2714.4486644300187,40
27.0,2.0,0.8,40,-0.004272151898734177,-3.0426791567083673,-178.57606324030448,40,-0.007594936708860758,-6.547536102048891,-3489.66502332612,40
27.0,2.0,0.9,40,-0.005063291139240507,-4.207389649126223,-217.47891293305182,40,-0.008227848101265822,-7.537835598979415,-4745.4508671646545,40
27.0,2.0,1.0,40,-0.0058926233085988666,-4.005891887123361,-212.6604452274676,29,-0.008075076385857707,-5.913920235744183,-2659.6526913198254,29
28.0,1.1,0.0,40,,0.0,0.0,0,,0.0,0.0,0
28.0,1.1,0.1,40,0.0,0.0,0.0,40,0.004113924050632913,6.208370128231955,3020.6295827923136,40
28.0,1.1,0.2,40,0.00031645569620253165,1.0000000000000002,16.528236616115763,40,0.004905063291139243,4.903102132279507,1547.836409412827,40
28.0,1.1,0.3,40,0.0,0.0,0.0,40,0.006012658227848104,7.372860595391277,4717.269305731104,40
28.0,1.1,0.4,40,0.0006329113924050633,2.0816659994661326,135.1956616074481,40,0.008069620253164555,7.964861856318907,5748.736033966389,40
28.0,1.1,0.5,40,0.0014240506329113924,2.4671248858361716,218.67876743324962,40,0.014082278481012659,12.55755509216672,17069.743350677138,40
28.0,1.1,0.6,40,0.002056962025316456,3.1341111590176554,428.24794421187755,40,0.016297468354430376,14.714285714285714,23103.444333321375,40
28.0,1.1,0.7,40,0.0034810126582278484,4.641976433102548,1255.2664025162642,40,0.021677215189873415,18.11352961675472,30158.056655089713,40
28.0,1.1,0.8,40,0.008702531645569622,7.433546343517191,4238.258069404014,40,0.025,16.274274578538712,26866.41211257073,40
28.0,1.1,0.9,40,0.01661392405063291,7.966488853280752,5052.122533408681,40,0.034493670886075946,22.959602451042077,33576.60906732288,40
28.0,1.1,1.0,40,0.026582278481012658,6.282692274990255,2759.8465070198768,30,0.031012658227848103,12.942628322986671,18225.420835553978,30
28.0,1.2,0.0,40,0.0,0.0,0.0,10,0.0,0.0,0.0,10
28.0,1.2,0.1,40,0.0,0.0,0.0,40,0.004746835443037977,7.081162132224991,4254.41296331451,40
28.0,1.2,0.2,40,0.00015822784810126583,1.0000000000000002,16.528236616115763,40,0.005221518987341775,6.182857169001825,2986.242162871545,40
28.0,1.2,0.3,40,0.00015822784810126583,1.0000000000000004,16.528236616115773,40,0.007594936708860761,7.855844048495729,5549.454952978501,40
28.0,1.2,0.4,40,0.0011075949367088608,2.478849437493544,221.62632006099156,40,0.011708860759493669,10.646909781626267,11710.44941073695,40
28.0,1.2,0.5,40,0.0031645569620253173,2.9771859806932417,371.05375466841167,40,0.02025316455696202,14.853985457711357,23442.417389487393,40
28.0,1.2,0.6,40,0.006645569620253165,5.108682246370921,1617.0738580206967,40,0.023417721518987335,17.93411637412007,29937.84961280168,40
28.0,1.2,0.7,40,0.010759493670886078,8.366971446116224,5714.458763085631,40,0.030696202531645574,20.06988339624743,31242.257115425837,40
28.0,1.2,0.8,40,0.03037974683544304,9.619753107305828,8100.274246640838,40,0.03322784810126582,15.927101631234773,26046.90971549629,40
28.0,1.2,0.9,40,0.05648734177215189,10.732603548956535,10624.551997863853,40,0.03164556962025317,11.005362893715057,12652.330966063655,40
28.0,1.2,1.0,40,0.10654008438818564,10.648374903229321,10418.772398095096,30,0.012658227848101266,2.577056726974748,237.46885363982392,30
28.0,1.3,0.0,40,0.0,0.0,0.0,10,0.0,0.0,0.0,10
28.0,1.3,0.1,40,0.0,0.0,0.0,40,0.005537974683544307,7.3061541366273195,4608.974925389059,40
28.0,1.3,0.2,40,0.0004746835443037975,1.0000000000000002,16.528236616115763,40,0.007120253164556965,9.393626747092267,8680.679221632327,40
28.0,1.3,0.3,40,0.00015822784810126583,1.0000000000000004,16.528236616115773,40,0.010126582278481013,10.042334631373569,10188.540651728903,40
28.0,1.3,0.4,40,0.0031645569620253173,4.937104414532876,1479.122681806002,40,0.016930379746835443,13.127510511400832,18777.4045167067,40
28.0,1.3,0.5,40,0.008860759493670885,3.953720000264408,813.409010333587,40,0.027848101265822784,23.306527939706434,33078.4671980545,40
28.0,1.3,0.6,40,0.016613924050632913,6.591946945139894,3121.896136495518,40,0.032436708860759486,19.44426868707297,31277.08870782642,40
28.0,1.3,0.7,40,0.04889240506329114,13.10603007608967,17224.27482749554,40,0.03164556962025317,12.965471386566016,18293.550215481162,40
28.0,1.3,0.8,40,0.10174050632911395,16.79698597159246,30492.224112827553,40,0.018354430379746836,5.208553758776473,1840.070624106851,40
28.0,1.3,0.9,40,0.15759493670886074,23.512145534900064,59297.854983557554,40,-0.012658227848101264,-2.8248078946972184,-327.106020024904,40
28.0,1.3,1.0,40,0.17677869925796597,19.214268211250996,40888.86442336594,29,-0.036883457005674386,-6.492800440840275,-3413.5711617677484,29
28.0,1.4,0.0,40,0.0,0.0,0.0,10,0.0,0.0,0.0,10
28.0,1.4,0.1,40,0.00015822784810126583,1.0000000000000002,16.528236616115763,40,0.006012658227848105,7.372860595391278,4717.269305731106,40
28.0,1.4,0.2,40,0.002215189873417722,1.0,16.528236616115752,40,0.007120253164556961,7.172831477223725,4396.779585303165,40
28.0,1.4,0.3,40,0.0012658227848101266,2.7255405754769866,289.58271909064285,40,0.01518987341772152,12.077670713764713,15654.130128647366,40
28.0,1.4,0.4,40,0.0063291139240506345,5.823490660957644,2269.0078104843356,40,0.023101265822784812,13.437469818930406,19708.212726325608,40
28.0,1.4,0.5,40,0.023734177215189875,7.163503994113789,3857.9461488126967,40,0.03639240506329115,15.328966728280156,24600.958019739737,40
28.0,1.4,0.6,40,0.0606012658227848,11.65003248331237,12991.77930734145,40,0.02848101265822785,10.193844892100849,10560.139557755667,40
28.0,1.4,0.7,40,0.1457278481012658,20.239345649547232,45470.5546826671,40,-0.00981012658227848,-2.591885527203419,-254.94333790585546,40
28.0,1.4,0.8,40,0.18860759493670892,28.61060588462474,69949.97489747805,40,-0.03259493670886076,-7.564327917178865,-5034.4486798486505,40
28.0,1.4,0.9,40,0.17879746835443036,29.186454522751152,70643.69778781643,40,-0.04129746835443039,-11.111220548743086,-10988.532228577116,40
28.0,1.4,1.0,40,0.1601920558707988,27.4926476702305,68025.99837036146,29,-0.03448275862068964,-9.64367835413322,-8661.440111838483,29
28.0,1.5,0.0,40,0.0,0.0,0.0,10,0.0,0.0,0.0,10
28.0,1.5,0.1,40,0.00015822784810126583,1.0000000000000002,16.528236616115763,40,0.007436708860759496,8.504999270691238,6795.2126488501635,40
28.0,1.5,0.2,40,0.003955696202531646,1.0873782518182373,21.003040509539744,40,0.008069620253164557,3.3063733534897892,492.0847630431708,40
28.0,1.5,0.3,40,0.003639240506329115,5.386731628467379,1854.1149343791903,40,0.020094936708860762,15.232502766733594,24365.0480752884,40
28.0,1.5,0.4,40,0.018670886075949366,10.384161887683126,9789.057649882387,40,0.03275316455696201,25.594545369004333,34316.8335838638,40
28.0,1.5,0.5,40,0.07753164556962025,13.219865265046385,17576.318960613902,40,0.029113924050632907,7.721862963693269,5310.173986479668,40
28.0,1.5,0.6,40,0.1629746835443038,21.320682980201518,50231.23843580108,40,-0.007594936708860758,-2.0388528145523024,-127.28800937836718,40
28.0,1.5,0.7,40,0.18781645569620253,24.132914193188046,61550.80334732622,40,-0.04651898734177215,-12.042709231629894,-10073.936868471283,40
28.0,1.5,0.8,40,0.1609177215189873,22.28944789315353,54237.733587114446,40,-0.03544303797468354,-10.823558808790956,-9838.355959318973,40
28.0,1.5,0.9,40,0.14825949367088603,21.083326117665163,49217.52188216544,40,-0.02199367088607595,-6.89736524523822,-3994.078799530558,40
28.0,1.5,1.0,40,0.0999563509384548,18.771662951736644,38937.2874503763,29,-0.01571366215626364,-6.175571014209956,-2988.1770345599275,29
28.0,1.6,0.0,40,0.0,0.0,0.0,10,0.0,0.0,0.0,10
28.0,1.6,0.1,40,0.00015822784810126583,1.0000000000000002,16.528236616115763,40,0.007911392405063292,8.79664438186246,7400.056305861759,40
28.0,1.6,0.2,40,0.004113924050632912,1.2364787140501992,30.363367793717202,40,0.011392405063291136,4.08831086321548,915.0238021722256,40
28.0,1.6,0.3,40,0.010284810126582276,7.49275629748896,4324.5064131314775,40,0.026898734177215184,17.0,27867.314202390884,40
28.0,1.6,0.4,40,0.0509493670886076,11.312852445760612,12094.496674429112,40,0.03306962025316455,13.46287349177736,19784.794973669053,40
28.0,1.6,0.5,40,0.15585443037974678,20.80537524207541,47997.33524586714,40,-0.018829113924050636,-4.116016678830152,-966.5201371736175,40
28.0,1.6,0.6,40,0.17515822784810128,22.170605189934985,53748.1221391033,40,-0.04477848101265823,-11.004863201088746,-10819.995190213924,40
28.0,1.6,0.7,40,0.14224683544303793,21.379449470022276,50480.33745168834,40,-0.03575949367088607,-8.627107944212472,-6858.121739517443,40
28.0,1.6,0.8,40,0.1205696202531645,20.1675555463898,45145.738672466345,40,-0.011550632911392404,-6.1410121710093994,-2943.648229538653,40
28.0,1.6,0.9,40,0.07167721518987342,14.40082886111864,21431.30714550481,40,-0.008069620253164558,-6.502604730294575,-3427.1638457894865,40
28.0,1.6,1.0,40,0.029026625927542564,9.659734714529517,8184.128552661194,29,-0.010912265386294194,-6.353667351380255,-3223.6621356973756,29
28.0,1.7,0.0,40,0.0,0.0,0.0,10,0.0,0.0,0.0,10
28.0,1.7,0.1,40,0.00031645569620253165,1.4327007988227587,46.398924540531716,40,0.009177215189873416,9.836270247882608,9695.075571170257,40
28.0,1.7,0.2,40,0.006012658227848103,2.5188786964315377,231.86470248761162,40,0.0175632911392405,8.333618533444072,6453.344986587951,40
28.0,1.7,0.3,40,0.024999999999999998,8.891080663346305,6654.086335470384,40,0.03512658227848101,17.44472860345301,28285.700644121607,40
28.0,1.7,0.4,40,0.13069620253164557,18.63745582268628,38346.756216375674,40,-0.0006329113924050623,-0.15496702334730147,-0.07110471462294042,40
28.0,1.7,0.5,40,0.1625,21.059276501312695,49112.7796024082,40,-0.047626582278481024,-10.43031620055679,-9914.662511141465,40
28.0,1.7,0.6,40,0.13939873417721516,25.24977022045313,62256.369483719005,40,-0.03006329113924051,-10.304196746386172,-9718.44755331484,40
28.0,1.7,0.7,40,0.09335443037974683,19.55555466638211,42393.36143074555,40,-0.014556962025316453,-7.084989787711114,-4277.125512290809,40
28.0,1.7,0.8,40,0.05110759493670887,11.547995471227635,12716.408079885725,40,-0.007278481012658232,-5.4641311640290535,-2143.0156884793696,40
28.0,1.7,0.9,40,0.02072784810126582,7.057000077441749,3713.9853047861875,40,-0.008069620253164558,-6.613815952148987,-3582.9562952770953,40
28.0,1.7,1.0,40,0.004146660846791794,2.625824108927174,260.73715603927275,29,-0.007638585770405938,-6.911699338348899,-3602.257259419409,29
28.0,1.8,0.0,40,0.0,0.0,0.0,10,0.0,0.0,0.0,10
28.0,1.8,0.1,40,0.0004746835443037975,1.7782469350914567,86.24219619933193,40,0.010759493670886074,11.448062697892759,13864.18158671976,40
28.0,1.8,0.2,40,0.00917721518987342,4.949257078700597,1488.7277926257154,40,0.024683544303797468,12.593925197159848,17178.81455914075,40
28.0,1.8,0.3,40,0.07515822784810125,15.460143145402228,25230.326299852557,40,0.028797468354430384,10.447231377768402,11197.866998610527,40
28.0,1.8,0.4,40,0.1727848101265823,25.920996474912524,66933.1593632951,40,-0.03908227848101266,-8.42627372367777,-6498.726468952612,40
28.0,1.8,0.5,40,0.12879746835443034,23.095996798577254,57582.56027797236,40,-0.02816455696202531,-9.188425648190245,-7850.556075835986,40
28.0,1.8,0.6,40,0.0897151898734177,20.781857593653296,47893.519872708894,40,-0.014873417721518987,-8.298536463380318,-6273.695200001944,40
28.0,1.8,0.7,40,0.034177215189873426,10.058724369573936,9047.341997781183,40,-0.01075949367088607,-8.118637859995625,-5962.407692653208,40
28.0,1.8,0.8,40,0.010759493670886076,4.840705778337745,1403.7137726505177,40,-0.007436708860759496,-6.1056258682969995,-2898.3940864446204,40
28.0,1.8,0.9,40,0.0003164556962025316,0.17066403719657222,0.0869402091292635,40,-0.008069620253164555,-6.613815952148985,-3582.9562952770925,40
28.0,1.8,1.0,40,-0.005237887385421214,-3.2050914908888566,-173.87594526072377,29,-0.009166302924487125,-6.95870170446792,-3604.519709884028,29
28.0,1.9,0.0,40,0.0,0.0,0.0,10,0.0,0.0,0.0,10
28.0,1.9,0.1,40,0.0007911392405063292,1.9553847221876064,113.09661089724625,40,0.011867088607594937,11.954719128706206,15300.590686861151,40
28.0,1.9,0.2,40,0.019620253164556962,9.572653593519192,8002.135018088618,40,0.031962025316455686,18.065576473569706,27340.554358050664,40
28.0,1.9,0.3,40,0.15474683544303794,21.083794334189076,49219.55052728899,40,-0.007911392405063292,-2.2406689452813184,-167.23804771882757,40
28.0,1.9,0.4,40,0.1545886075949367,21.67053827056866,51706.27759031033,40,-0.04256329113924052,-10.59945195295933,-10049.98538937165,40
28.0,1.9,0.5,40,0.09462025316455697,15.185949744664098,24210.884465908108,40,-0.012974683544303797,-7.456916116222347,-4860.755058408081,40
28.0,1.9,0.6,40,0.03987341772151899,11.966303290117729,13863.852342760592,40,-0.007594936708860761,-5.159080707265186,-1828.0202151383412,40
28.0,1.9,0.7,40,0.00569620253164557,2.63783050625617,264.10227974071336,40,-0.009177215189873418,-6.950169788455908,-4072.9577477509215,40
28.0,1.9,0.8,40,-0.0007911392405063295,-0.557678029591444,-2.0118276409483937,40,-0.007594936708860763,-6.426049925658753,-3321.797129330011,40
28.0,1.9,0.9,40,-0.00379746835443038,-2.8823067684915684,-169.62966468637785,40,-0.008386075949367088,-8.6298219754725,-4832.706483302177,40
28.0,1.9,1.0,40,-0.005019642077695331,-3.6301426890771813,-178.866664444359,29,-0.007420340462680055,-5.7179497632411485,-2426.907542743634,29
28.0,2.0,0.0,40,0.0,0.0,0.0,10,0.0,0.0,0.0,10
28.0,2.0,0.1,40,0.0015822784810126584,2.9117453304788206,348.6779989398486,40,0.014715189873417722,12.887251094321648,18060.007174226423,40
28.0,2.0,0.2,40,0.0435126582278481,9.658693933237922,8181.946146569702,40,0.029113924050632917,13.633226502367842,20298.75129937755,40
28.0,2.0,0.3,40,0.18227848101265823,23.968012780667387,60982.633822729345,40,-0.04541139240506328,-10.349484699735779,-9027.567634634635,40
28.0,2.0,0.4,40,0.12325949367088607,23.04634417141702,57377.40094478378,40,-0.02231012658227848,-7.664448347226833,-5198.268317624115,40
28.0,2.0,0.5,40,0.04335443037974683,13.030583371144406,16991.958844929133,40,-0.006962025316455697,-4.69589202060257,-1404.9518179368274,40
28.0,2.0,0.6,40,0.00806962025316456,4.139789985638171,921.6163594189659,40,-0.006962025316455697,-6.048255562460734,-2825.9019150437557,40
28.0,2.0,0.7,40,-0.00189873417721519,-1.3737164096688768,-28.016239723275476,40,-0.009177215189873416,-9.302736000641174,-5210.1400900964645,40
28.0,2.0,0.8,40,-0.00189873417721519,-1.9639610121239315,-77.85780015259924,40,-0.006012658227848105,-7.3728605953912805,-4727.078670170415,40
28.0,2.0,0.9,40,-0.006487341772151901,-4.946862093172702,-233.04240162765257,40,-0.009018987341772153,-8.142857142857146,-4798.406342731483,40
28.0,2.0,1.0,40,-0.004364906154517678,-2.773500981126145,-163.4269524774411,29,-0.0072020951549541705,-5.606697026448973,-2299.9658953563344,29
29.0,1.1,0.0,40,,0.0,0.0,0,,0.0,0.0,0
29.0,1.1,0.1,40,0.0,0.0,0.0,40,0.002531645569620254,3.3993463423951917,533.5388211811076,40
29.0,1.1,0.2,40,0.00015822784810126583,1.0000000000000002,16.528236616115763,40,0.0061708860759493705,5.874338550266014,2586.8892899010743,40
29.0,1.1,0.3,40,0.00015822784810126583,1.0000000000000004,16.528236616115773,40,0.006487341772151901,9.826102114713526,9671.058211608506,40
29.0,1.1,0.4,40,0.0,0.0,0.0,40,0.012341772151898734,14.08514481103499,21580.880823724772,40
29.0,1.1,0.5,40,0.0011075949367088608,2.8762349126466136,336.88377374375,40,0.014398734177215189,16.988641529526916,28395.36914710569,40
29.0,1.1,0.6,40,0.0017405063291139242,3.4390504022437542,553.9822675159111,40,0.016613924050632906,16.95902991483221,28334.956681810232,40
29.0,1.1,0.7,40,0.005854430379746837,5.721462384825123,2167.5391941862986,40,0.020253164556962015,12.872821896090406,18016.89103392808,40
29.0,1.1,0.8,40,0.009018987341772155,5.751102172123634,2196.723534533571,40,0.025791139240506328,19.13154189926432,31191.776527431688,40
29.0,1.1,0.9,40,0.01329113924050633,9.296619583396536,7439.473007917011,40,0.03148734177215189,19.55457823839991,31510.32146874922,40
29.0,1.1,1.0,40,0.02827004219409283,8.086082567647246,5245.529337226566,30,0.032278481012658226,14.99046370150361,23774.00259130813,30
29.0,1.2,0.0,40,0.0,0.0,0.0,10,0.0,0.0,0.0,10
29.0,1.2,0.1,40,0.0,0.0,0.0,40,0.00348101265822785,3.8461803712613216,765.7768824354071,40
29.0,1.2,0.2,40,0.00015822784810126583,1.0000000000000002,16.528236616115763,40,0.007911392405063293,7.663872373613497,5208.6516548841,40
29.0,1.2,0.3,40,0.0004746835443037975,1.7782469350914571,86.24219619933199,40,0.00949367088607595,13.96424004376894,21286.3616139059,40
29.0,1.2,0.4,40,0.0007911392405063292,1.9553847221876064,113.09661089724625,40,0.01424050632911392,14.512063946937385,22614.688840772433,40
29.0,1.2,0.5,40,0.0026898734177215194,4.226360563571477,974.6279868147253,40,0.016772151898734176,17.666666666666668,29565.15486601017,40
29.0,1.2,0.6,40,0.00458860759493671,4.318146592499491,1032.8732637494668,40,0.024208860759493668,18.917707446655374,30939.373356114753,40
29.0,1.2,0.7,40,0.01408227848101266,8.195785912214394,5426.1925242700345,40,0.029746835443037977,18.52649658454645,30663.915048323506,40
29.0,1.2,0.8,40,0.025949367088607594,8.246651527182918,5510.846881157203,40,0.033860759493670886,22.138943540190468,32489.312862446644,40
29.0,1.2,0.9,40,0.0632911392405063,11.996309395576253,13947.743885665337,40,0.03022151898734176,17.146988623279277,28718.988704371197,40
29.0,1.2,1.0,40,0.10358649789029535,11.960897398009754,13848.782560037986,30,0.005485232067510546,1.4484580842805932,43.32238102253758,30
29.0,1.3,0.0,40,0.0,0.0,0.0,10,0.0,0.0,0.0,10
29.0,1.3,0.1,40,0.0,0.0,0.0,40,0.004588607594936711,4.419823771142593,1147.9517931592168,40
29.0,1.3,0.2,40,0.0004746835443037975,1.0000000000000002,16.528236616115763,40,0.010284810126582278,9.324832791868499,8528.742161570075,40
29.0,1.3,0.3,40,0.0007911392405063292,2.360387377408329,192.9981498657686,40,0.012183544303797469,15.931763108361363,25487.459586123477,40
29.0,1.3,0.4,40,0.003006329113924052,4.197710801134645,956.8858662509369,40,0.018670886075949363,15.583981041963536,25220.334418399558,40
29.0,1.3,0.5,40,0.006645569620253165,6.406850450642452,2902.1452711342863,40,0.0245253164556962,18.509101471825492,30643.233801442144,40
29.0,1.3,0.6,40,0.019145569620253166,8.832665837130293,6545.4715089368665,40,0.03132911392405063,21.603571133363246,32197.389895819848,40
29.0,1.3,0.7,40,0.04050632911392406,9.739602532043353,8352.517682828686,40,0.028322784810126584,11.810154149820699,14887.283850525051,40
29.0,1.3,0.8,40,0.08971518987341771,13.248661293923744,17665.703652082713,40,0.01060126582278481,3.0820001580512946,400.8239667218019,40
29.0,1.3,0.9,40,0.1588607594936709,27.415651113392247,67872.02221994835,40,-0.008544303797468355,-1.7703881100458794,-84.49721783867122,40
29.0,1.3,1.0,40,0.18965517241379307,25.23501629609461,63090.05102268919,29,-0.03208206023570494,-6.093719992419814,-2883.2730399103957,29
29.0,1.4,0.0,40,0.0,0.0,0.0,10,0.0,0.0,0.0,10
29.0,1.4,0.1,40,0.0,0.0,0.0,40,0.004905063291139243,4.781944381560115,1440.7509793550043,40
29.0,1.4,0.2,40,0.0011075949367088608,1.6394400608378974,68.29843279275397,40,0.011867088607594937,12.278973730580612,16242.261919630166,40
29.0,1.4,0.3,40,0.002215189873417722,3.0094637459046916,382.40510735246204,40,0.014873417721518987,15.666666666666666,25421.102489674326,40
29.0,1.4,0.4,40,0.009651898734177215,5.499038541434616,1955.7524686512334,40,0.02658227848101265,18.734993995195193,30433.46352207011,40
29.0,1.4,0.5,40,0.021360759493670885,9.790626753097886,8461.08479291595,40,0.02848101265822785,17.263222987742708,28958.035407187897,40
29.0,1.4,0.6,40,0.06028481012658229,13.700890978614433,19101.496197117576,40,0.028797468354430384,11.852342972079182,15007.415249522322,40
29.0,1.4,0.7,40,0.135126582278481,19.432267796195145,41851.33183953923,40,0.0001582278481012652,0.04001313467178183,0.0027202297799458017,40
29.0,1.4,0.8,40,0.16582278481012655,27.39951815387449,67837.72521730282,40,-0.03354430379746835,-9.907773639654051,-9097.745224125925,40
29.0,1.4,0.9,40,0.18046088932164883,31.876372209956866,73180.92825698754,39,-0.03359298928919182,-7.324098541833272,-4649.761055209158,39
29.0,1.4,1.0,40,0.16041030117852467,28.272218270509306,69395.98918550812,29,-0.020733304233958964,-4.680314071280392,-1391.8591477667778,29
29.0,1.5,0.0,40,0.0,0.0,0.0,10,0.0,0.0,0.0,10
29.0,1.5,0.1,40,0.0,0.0,0.0,40,0.005854430379746839,5.12718591924625,1759.2444687617358,40
29.0,1.5,0.2,40,0.004905063291139241,1.4478460484415099,47.82442207279264,40,0.014082278481012659,15.303822234365052,23670.763123279656,40
29.0,1.5,0.3,40,0.005537974683544306,5.074910539224517,1589.5895707807092,40,0.020411392405063285,14.91093806565987,23580.886848050064,40
29.0,1.5,0.4,40,0.02104430379746835,6.783731377851285,3358.9507085510195,40,0.03496835443037975,20.440418393510853,31418.833879561236,40
29.0,1.5,0.5,40,0.05996835443037975,14.124747569150841,20495.900229408686,40,0.018037974683544306,6.2430767560830045,3067.7560986538324,40
29.0,1.5,0.6,40,0.1514240506329114,21.221570878355575,49811.74455950593,40,-0.009177215189873416,-2.199619111712996,-158.51230388569195,40
29.0,1.5,0.7,40,0.1781645569620253,27.78634793782625,71370.80077362702,40,-0.04177215189873417,-11.221999996168702,-9935.355690118573,40
29.0,1.5,0.8,40,0.1569620253164557,23.26660995493014,58283.79528921637,40,-0.03908227848101265,-11.551580442159503,-9978.171265163302,40
29.0,1.5,0.9,40,0.1420886075949367,18.644122347598092,38375.97633380592,40,-0.02215189873417722,-7.752053897041839,-5343.187977378568,40
29.0,1.5,1.0,40,0.09864687909209954,20.95938836612183,48676.943217010994,29,-0.01396769969445657,-5.630211485452669,-2326.462333608118,29
29.0,1.6,0.0,40,0.0,0.0,0.0,10,0.0,0.0,0.0,10
29.0,1.6,0.1,40,0.0,0.0,0.0,40,0.007911392405063292,5.4688184702111595,2113.3214982608083,40
29.0,1.6,0.2,40,0.009335443037974683,1.5855920386411169,62.060007548737794,40,0.014873417721518983,12.73746198632629,17610.787312673303,40
29.0,1.6,0.3,40,0.012183544303797462,4.801212338176637,1373.4739044622793,40,0.027689873417721528,21.371475423074617,30199.80111242759,40
29.0,1.6,0.4,40,0.058069620253164554,8.852389584771139,6582.086649969099,40,0.02800632911392405,7.865222725395317,5566.389883630989,40
29.0,1.6,0.5,40,0.1507911392405063,27.80004746869393,71398.81288150618,40,-0.014398734177215192,-3.895812875196996,-826.1892210599485,40
29.0,1.6,0.6,40,0.19240506329113924,30.985517437824367,75151.43687048063,40,-0.03987341772151899,-9.362191136510578,-8158.136925146483,40
29.0,1.6,0.7,40,0.15901898734177214,29.386274134881706,73675.4706757399,40,-0.03037974683544305,-8.03729623947765,-5823.08372353421,40
29.0,1.6,0.8,40,0.11930379746835443,19.37174326364673,41584.80075172851,40,-0.01708860759493671,-7.9397677112245555,-5657.1546143711785,40
29.0,1.6,0.9,40,0.07136075949367086,15.029266133570262,23640.81740371253,40,-0.011392405063291138,-7.648529270389178,-5172.086342208676,40
29.0,1.6,1.0,40,0.036883457005674386,9.252216546616078,7350.948718877158,29,-0.008511567001309474,-6.716725897314928,-3730.185376730938,29
29.0,1.7,0.0,40,0.0,0.0,0.0,10,0.0,0.0,0.0,10
29.0,1.7,0.1,40,0.0004746835443037975,0.9999999999999994,16.528236616115723,40,0.00996835443037975,7.6703013875037875,5219.846582117204,40
29.0,1.7,0.2,40,0.011550632911392402,2.226850963666599,163.67915105426343,40,0.015506329113924045,4.826911991426645,1480.0084864821722,40
29.0,1.7,0.3,40,0.02468354430379747,7.078171144918491,3742.3398031110783,40,0.029272151898734177,20.2501635653632,29707.06207404383,40
29.0,1.7,0.4,40,0.12547468354430377,17.397221445975372,32981.8803641438,40,-0.011392405063291141,-2.896625320439625,-351.72389766823,40
29.0,1.7,0.5,40,0.18797468354430386,30.084293573401002,74757.27808010229,40,-0.04113924050632911,-9.541274107906656,-8478.782591092086,40
29.0,1.7,0.6,40,0.15063291139240503,24.13972778220796,61573.954900375174,40,-0.02990506329113924,-11.756698613890167,-9895.725873584037,40
29.0,1.7,0.7,40,0.11091772151898734,19.62521844820725,42699.266043727934,40,-0.014082278481012659,-7.738192801607603,-5320.181734288173,40
29.0,1.7,0.8,40,0.04857594936708861,11.500549507908033,12589.39015842135,40,-0.01028481012658228,-7.11492233377626,-4323.030371486526,40
29.0,1.7,0.9,40,0.02056962025316456,7.6237584642808,4519.586141856142,40,-0.008544303797468357,-6.32355452037475,-3183.2557722478127,40
29.0,1.7,1.0,40,0.0072020951549541705,3.0178679364280394,385.39258872998977,29,-0.006983849847228286,-6.086372289679529,-2873.9562598738326,29
29.0,1.8,0.0,40,0.0,0.0,0.0,10,0.0,0.0,0.0,10
29.0,1.8,0.1,40,0.0015822784810126584,0.9898987309252586,16.04211468171299,40,0.010917721518987343,13.368221119502167,14160.882148372457,40
29.0,1.8,0.2,40,0.0180379746835443,2.7164978464493825,286.886945058786,40,0.02104430379746835,7.26489826798413,4542.7243792295285,40
29.0,1.8,0.3,40,0.0661392405063291,10.877082530244396,10981.776847810232,40,0.02072784810126582,7.2312866869593835,4489.09844058358,40
29.0,1.8,0.4,40,0.1830696202531646,26.877175705850316,69391.51361930769,40,-0.0449367088607595,-12.75197644390102,-9562.38898571402,40
29.0,1.8,0.5,40,0.1621835443037975,26.940457279340688,69543.84295143395,40,-0.0254746835443038,-9.729552958274198,-8814.113377587102,40
29.0,1.8,0.6,40,0.09920886075949369,21.126626387636524,49404.90075624453,40,-0.014873417721518989,-8.168965093870826,-6048.848614229549,40
29.0,1.8,0.7,40,0.043829113924050644,11.939757555755065,13789.827502096952,40,-0.008069620253164558,-6.296037943551121,-3146.4644715750974,40
29.0,1.8,0.8,40,0.008702531645569622,4.443508734601181,1115.910744565463,40,-0.008544303797468355,-6.608540766304454,-3575.4974340672393,40
29.0,1.8,0.9,40,0.001582278481012658,0.8075728530872479,8.789526595026432,40,-0.008069620253164557,-6.854505960935764,-3930.668815637491,40
29.0,1.8,1.0,40,-0.0015277171540811873,-1.0701598339112066,-13.57440633673578,29,-0.006329113924050636,-5.816642788871718,-2542.4728413833354,29
29.0,1.9,0.0,40,0.0,0.0,0.0,10,0.0,0.0,0.0,10
29.0,1.9,0.1,40,0.0007911392405063292,0.9613379302377203,14.722612754946566,40,0.01028481012658228,4.61546541622872,1301.0029063234294,40
29.0,1.9,0.2,40,0.032278481012658226,3.558879903924565,609.0108277253889,40,0.02294303797468355,8.359085334338776,6503.60066306761,40
29.0,1.9,0.3,40,0.1495253164556962,20.240271438304717,45474.72661496975,40,-0.006012658227848102,-1.7199984362547078,-77.69555323639462,40
29.0,1.9,0.4,40,0.170253164556962,24.338774508680235,62238.42829388265,40,-0.039240506329113925,-9.753172072830125,-8856.296610805965,40
29.0,1.9,0.5,40,0.10981012658227844,20.393678786412263,46162.36368751599,40,-0.01329113924050633,-7.851443261612645,-5508.886285838425,40
29.0,1.9,0.6,40,0.037500000000000006,12.566859617155785,15589.81283897783,40,-0.010443037974683548,-8.337304018558543,-6060.329953073233,40
29.0,1.9,0.7,40,0.009018987341772151,4.345237708864216,1050.4524536851195,40,-0.008860759493670888,-7.55279922408924,-5015.764722866392,40
29.0,1.9,0.8,40,0.0011075949367088606,0.6851407398893697,5.409980283440296,40,-0.00680379746835443,-6.208173781364846,-3030.5378387221253,40
29.0,1.9,0.9,40,-0.00300632911392405,-2.047297247506748,-87.46021757758051,40,-0.007911392405063288,-7.319250547113995,-4642.094850992343,40
29.0,1.9,1.0,40,-0.002400698384984723,-1.2665570127975554,-22.15068219503192,29,-0.006983849847228286,-4.812477052375897,-1505.2916473727973,29
29.0,2.0,0.0,40,0.0,0.0,0.0,10,0.0,0.0,0.0,10
29.0,2.0,0.1,40,0.0025316455696202536,1.5374122295716153,56.81479491705837,40,0.013924050632911392,8.943324373378035,7713.8699032900595,40
29.0,2.0,0.2,40,0.06487341772151901,7.319154854374745,4074.333982929117,40,0.026107594936708868,8.630434023941062,7051.749616353709,40
29.0,2.0,0.3,40,0.16867088607594932,24.41226845372963,62314.29102295483,40,-0.046044303797468364,-11.18488580709802,-9196.58217635537,40
29.0,2.0,0.4,40,0.13892405063291138,26.284658288232823,63529.04425779301,40,-0.016613924050632913,-7.234654883561215,-4508.869285701945,40
29.0,2.0,0.5,40,0.0490506329113924,13.227697788939624,17600.603791338945,40,-0.008227848101265825,-6.500000000000001,-3423.5536882191686,40
29.0,2.0,0.6,40,0.010443037974683544,6.356892765552265,2844.3513510862967,40,-0.008069620253164557,-6.502604730294573,-3427.163845789484,40
29.0,2.0,0.7,40,-0.0034810126582278484,-1.877304409162295,-68.5572251350522,40,-0.011392405063291141,-10.014275524755364,-5276.635912154372,40
29.0,2.0,0.8,40,-0.003006329113924052,-2.7086220968171886,-150.56997712906784,40,-0.006962025316455697,-6.2972583069836,-3148.089821035992,40
29.0,2.0,0.9,40,-0.004272151898734178,-2.510496695863662,-149.21530853118225,40,-0.008860759493670886,-7.552799224089238,-4746.928164958256,40
29.0,2.0,1.0,40,-0.0015277171540811875,-1.2292327752948307,-20.31436498401181,29,-0.006329113924050634,-5.3851648071345055,-2058.7900854189147,29
30.0,1.1,0.0,40,,0.0,0.0,0,,0.0,0.0,0
30.0,1.1,0.1,40,0.0,0.0,0.0,40,0.0026898734177215203,5.368993104532895,2005.8069720814124,40
30.0,1.1,0.2,40,0.00015822784810126583,1.0000000000000002,16.528236616115763,40,0.005221518987341774,6.182857169001825,2986.242162871545,40
30.0,1.1,0.3,40,0.0,0.0,0.0,40,0.007436708860759492,8.80588748312381,7419.656793786947,40
30.0,1.1,0.4,40,0.00015822784810126583,1.0000000000000002,16.528236616115763,40,0.01028481012658228,13.275162768270084,19219.622849325235,40
30.0,1.1,0.5,40,0.00015822784810126583,1.0000000000000002,16.528236616115763,40,0.012341772151898734,13.636457679926494,20308.402332694743,40
30.0,1.1,0.6,40,0.0017405063291139242,3.8461803712613185,754.2085393515841,40,0.015189873417721525,14.355895761646716,22237.649522405845,40
30.0,1.1,0.7,40,0.005537974683544306,5.578868926729565,2030.2985126116641,40,0.020253164556962022,15.510587134374122,25042.00549709209,40
30.0,1.1,0.8,40,0.0064873417721519,6.484747981401926,2993.5795095099907,40,0.023892405063291138,17.952849929389185,29962.00127348157,40
30.0,1.1,0.9,40,0.009018987341772151,5.812107349505462,2257.568594467447,40,0.02373417721518988,13.781693108434286,20742.56162083474,40
30.0,1.1,1.0,40,0.026582278481012658,6.558378750771031,3081.591427959231,30,0.02172995780590716,11.226705593184237,13251.174150920184,30
30.0,1.2,0.0,40,0.0,0.0,0.0,10,0.0,0.0,0.0,10
30.0,1.2,0.1,40,0.0,0.0,0.0,40,0.003639240506329115,6.61834932371363,3579.92804899686,40
30.0,1.2,0.2,40,0.0007911392405063292,1.0000000000000002,16.528236616115763,40,0.006487341772151901,6.6578203646624186,3634.5460154607867,40
30.0,1.2,0.3,40,0.0,0.0,0.0,40,0.008386075949367088,10.966018762898079,12547.714973743701,40
30.0,1.2,0.4,40,0.0007911392405063292,2.360387377408329,192.9981498657686,40,0.01281645569620253,15.39949928774481,24085.745404266712,40
30.0,1.2,0.5,40,0.0011075949367088608,2.478849437493544,221.62632006099156,40,0.017721518987341763,13.180564203677795,18936.64722871243,40
30.0,1.2,0.6,40,0.0061708860759493705,8.03413555143051,5161.207372128569,40,0.020094936708860762,16.498180537738698,27378.944484744894,40
30.0,1.2,0.7,40,0.011708860759493669,7.4927935935779075,4324.560974558095,40,0.027056962025316454,15.678923013371707,25450.61690095554,40
30.0,1.2,0.8,40,0.029272151898734184,8.504465176177135,5952.593668817667,40,0.026582278481012668,12.937807438429001,18211.042741435216,40
30.0,1.2,0.9,40,0.04430379746835443,10.04212762201223,9010.505201807626,40,0.019620253164556962,7.375379747178741,4721.377991753972,40
30.0,1.2,1.0,40,0.11919831223628691,17.358072620825315,32818.98473975819,30,0.002109704641350211,0.6260126930757011,3.7970311287225447,30
30.0,1.3,0.0,40,0.0,0.0,0.0,10,0.0,0.0,0.0,10
30.0,1.3,0.1,40,0.0,0.0,0.0,40,0.004430379746835445,7.285830998131467,4576.258814144468,40
30.0,1.3,0.2,40,0.0012658227848101268,1.0,16.528236616115752,40,0.008386075949367088,7.493410739476881,4916.9039130530045,40
30.0,1.3,0.3,40,-0.00015822784810126583,-1.0000000000000002,-0.3384597718922896,40,0.011234177215189874,13.024136351262987,18468.482413951802,40
30.0,1.3,0.4,40,0.0018987341772151902,3.6742346141747695,664.989191386203,40,0.015664556962025313,15.08836390838332,24013.323314301917,40
30.0,1.3,0.5,40,0.005221518987341775,5.447866121980139,1909.0044413476548,40,0.023259493670886068,15.954016904564202,26111.50847178079,40
30.0,1.3,0.6,40,0.015664556962025324,10.542689359177091,10164.032757475927,40,0.02863924050632912,16.051433513750105,26342.49617252596,40
30.0,1.3,0.7,40,0.048259493670886076,10.521091380859385,10112.546083541392,40,0.026898734177215188,11.709687797766763,14600.952612712214,40
30.0,1.3,0.8,40,0.09588607594936707,13.789173635239175,19387.464485150133,40,0.0031645569620253173,0.9501461875826152,12.539825549219547,40
30.0,1.3,0.9,40,0.14050632911392405,17.65564214757438,34070.06566973456,40,-0.01914556962025317,-4.612480134057064,-1335.7076951694353,40
30.0,1.3,1.0,40,0.16739415102575295,18.977359926411086,39838.64909957851,29,-0.029463116542994324,-5.748213465239269,-2462.0141180014375,29
30.0,1.4,0.0,40,0.0,0.0,0.0,10,0.0,0.0,0.0,10
30.0,1.4,0.1,40,0.0,0.0,0.0,40,0.004905063291139243,7.910074723850268,5647.985469628968,40
30.0,1.4,0.2,40,0.0026898734177215186,1.0,16.528236616115752,40,0.009651898734177216,9.774245693027986,9549.136621754731,40
30.0,1.4,0.3,40,0.0012658227848101266,2.725540575476986,289.58271909064274,40,0.014556962025316459,12.7960187260763,17786.814969409832,40
30.0,1.4,0.4,40,0.006645569620253167,5.546840709851432,2000.1480833062792,40,0.021677215189873415,18.80021523038596,30479.508227848222,40
30.0,1.4,0.5,40,0.0170886075949367,6.793689776492648,3371.537978963831,40,0.02753164556962025,15.48540362491345,24980.816573574433,40
30.0,1.4,0.6,40,0.05648734177215189,15.689951648583301,26095.574140468903,40,0.014240506329113922,4.380865275140374,1118.9024559783122,40
30.0,1.4,0.7,40,0.13496835443037972,22.88325246425845,56703.01964368378,40,-0.013291139240506327,-3.7108241905186437,-718.7156415095624,40
30.0,1.4,0.8,40,0.1667721518987342,21.714656704389185,51887.63396205362,40,-0.036550632911392406,-8.939889125354943,-7414.733518696047,40
30.0,1.4,0.9,40,0.16060126582278483,24.737991896855206,62048.584003748714,40,-0.04177215189873418,-12.13314351588751,-8802.220944147744,40
30.0,1.4,1.0,40,0.1505892623308599,19.2947019357181,41246.201507942445,29,-0.023134002618943696,-6.355824686644126,-3226.5653638055846,29
30.0,1.5,0.0,40,0.0,0.0,0.0,10,0.0,0.0,0.0,10
30.0,1.5,0.1,40,0.0,0.0,0.0,40,0.005696202531645573,9.000000000000007,7832.245859838731,40
30.0,1.5,0.2,40,0.004430379746835443,1.1679151064745579,25.77892289886821,40,0.009968354430379748,11.803636413548933,14868.78656133253,40
30.0,1.5,0.3,40,0.0034810126582278493,4.869657877017235,1426.165567918455,40,0.01835443037974684,15.361120687533788,24679.358730100525,40
30.0,1.5,0.4,40,0.01471518987341772,7.79524264936822,4782.005222904587,40,0.030221518987341774,19.15163168330636,30699.801011154213,40
30.0,1.5,0.5,40,0.06155063291139242,11.125469200633647,11609.500677444004,40,0.017879746835443043,5.74069064527716,2424.3295771004096,40
30.0,1.5,0.6,40,0.15063291139240506,25.227949544151368,64912.16148201538,40,-0.016930379746835436,-4.869444155018454,-1555.8117235019674,40
30.0,1.5,0.7,40,0.16329113924050637,25.55223080269048,65853.14216074378,40,-0.045569620253164564,-8.98202514682676,-7488.374414098326,40
30.0,1.5,0.8,40,0.16708860759493674,24.731428676007297,63475.384445847616,40,-0.02848101265822785,-7.003770058408252,-4153.655385367106,40
30.0,1.5,0.9,40,0.14113924050632903,20.677624463152267,47431.084016646426,40,-0.015664556962025313,-5.414337894469969,-2089.694633768236,40
30.0,1.5,1.0,40,0.08555216062854647,14.283241945516371,21030.102377783864,29,-0.01331296377127892,-7.232096020615713,-3755.3429047903637,29
30.0,1.6,0.0,40,0.0,0.0,0.0,10,0.0,0.0,0.0,10
30.0,1.6,0.1,40,0.0,0.0,0.0,40,0.006645569620253168,10.400471687416626,10877.509832818061,40
30.0,1.6,0.2,40,0.006170886075949368,1.219620683121338,29.19254732770683,40,0.012658227848101267,9.309493362512628,8495.135158553505,40
30.0,1.6,0.3,40,0.010126582278481015,6.751965720876435,3318.9616502212207,40,0.02515822784810127,17.447128263865032,28286.96584161228,40
30.0,1.6,0.4,40,0.05253164556962024,10.27261936228783,9529.802558373915,40,0.01930379746835443,6.534111727201188,3465.3569081219216,40
30.0,1.6,0.5,40,0.1495253164556962,23.116580512512755,57667.048647211464,40,-0.01582278481012658,-4.128614119223852,-974.9646969878029,40
30.0,1.6,0.6,40,0.16645569620253167,27.034356058128125,69760.84938313157,40,-0.04098101265822785,-9.517896814790577,-8436.82235814868,40
30.0,1.6,0.7,40,0.1512658227848101,32.462182349251634,76654.76939264081,40,-0.025949367088607594,-8.141754716801168,-6002.01107543933,40
30.0,1.6,0.8,40,0.1014240506329114,19.76986487706717,43341.37684149922,40,-0.01582278481012658,-7.27936332619705,-4579.118161813221,40
30.0,1.6,0.9,40,0.05537974683544304,13.70921459856545,19128.365005120653,40,-0.009810126582278483,-6.317732031288549,-3175.457434393333,40
30.0,1.6,1.0,40,0.023788738542121345,6.7832272192229555,3358.314902791736,29,-0.012003491924923617,-6.719319439596788,-3730.350947106387,29
30.0,1.7,0.0,40,0.0,0.0,0.0,9,0.0,0.0,0.0,9
30.0,1.7,0.1,40,0.0,0.0,0.0,40,0.007436708860759496,10.436188617967058,10882.997486365337,40
30.0,1.7,0.2,40,0.008069620253164558,1.7607693458090607,83.83402319493258,40,0.016455696202531643,8.285906709588275,6359.598795327957,40
30.0,1.7,0.3,40,0.02357594936708861,9.458087488929166,7766.191184820506,40,0.02895569620253165,15.394592154722199,24760.656357852156,40
30.0,1.7,0.4,40,0.11835443037974683,16.464431948289164,29133.222445486892,40,-0.019936708860759496,-5.768988632597963,-2486.275441555123,40
30.0,1.7,0.5,40,0.16645569620253164,31.959785171864507,76720.68979446942,40,-0.035126582278481006,-9.198549461890858,-7868.4448154095435,40
30.0,1.7,0.6,40,0.14129746835443036,30.44605502196311,75228.8409418584,40,-0.027373417721518987,-9.280956433120586,-8013.890093382422,40
30.0,1.7,0.7,40,0.08259493670886076,17.785210930004208,34617.09352114547,40,-0.015506329113924047,-8.123387789307834,-5970.539162395468,40
30.0,1.7,0.8,40,0.034335443037974686,9.508814699468266,7870.189424453146,40,-0.010126582278481015,-6.463285432147174,-3372.807287888826,40
30.0,1.7,0.9,40,0.012500000000000002,5.422136586704084,1885.766293954571,40,-0.008069620253164553,-7.123543530871279,-4336.286422834448,40
30.0,1.7,1.0,40,0.005674378000872979,2.185171566023273,155.13595418893573,29,-0.00894805761676124,-6.003317102466921,-2769.7539017216,29
30.0,1.8,0.0,40,0.0,0.0,0.0,10,0.0,0.0,0.0,10
30.0,1.8,0.1,40,0.0006329113924050633,2.0816659994661326,135.1956616074481,40,0.008069620253164558,9.197989046638678,8252.574805017794,40
30.0,1.8,0.2,40,0.011234177215189874,2.735182031712653,292.4669262074559,40,0.01993670886075949,8.953270712283668,7734.669133761529,40
30.0,1.8,0.3,40,0.06598101265822784,13.474642190765296,18376.56077953638,40,0.01645569620253165,5.400344138493335,2039.2027341634628,40
30.0,1.8,0.4,40,0.1582278481012658,45.06939094329986,99952.1621603409,40,-0.04715189873417723,-12.64034700447067,-9544.347526836136,40
30.0,1.8,0.5,40,0.1474683544303797,20.648326884795313,47301.53852487837,40,-0.021360759493670885,-8.580052257267537,-6773.544101280943,40
30.0,1.8,0.6,40,0.08212025316455697,17.99558347741189,35526.02455528153,40,-0.01139240506329114,-7.240962316550857,-4518.739560173349,40
30.0,1.8,0.7,40,0.030854430379746826,11.582106163174032,12808.152284250402,40,-0.008069620253164558,-6.107983790101262,-2901.391462682103,40
30.0,1.8,0.8,40,0.006012658227848102,2.7519859326360243,297.54881077602107,40,-0.00870253164556962,-6.520238762002013,-3451.6209912641602,40
30.0,1.8,0.9,40,0.001107594936708861,0.6990149038808897,5.739034407095123,40,-0.00759493670886076,-6.2020765413414205,-3022.594140559366,40
30.0,1.8,1.0,40,-0.0019642077695329547,-1.121252071759834,-15.553854213582486,29,-0.009384548232213009,-7.1174106419803636,-4326.853704543881,29
30.0,1.9,0.0,40,0.0,0.0,0.0,10,0.0,0.0,0.0,10
30.0,1.9,0.1,40,0.0011075949367088608,2.8762349126466136,336.88377374375,40,0.010443037974683543,14.911782473752178,12548.088736026973,40
30.0,1.9,0.2,40,0.02072784810126582,6.1808605147671924,2646.312815105396,40,0.02199367088607595,10.653584857304791,11414.907304697916,40
30.0,1.9,0.3,40,0.14351265822784803,22.683908091246536,55875.99885755335,40,-0.022626582278481005,-6.1231427900070905,-2920.7489203964797,40
30.0,1.9,0.4,40,0.167246835443038,26.06187008174735,67303.74314995194,40,-0.038765822784810125,-11.97123120201906,-9400.657443650818,40
30.0,1.9,0.5,40,0.09414556962025317,16.205395272829506,28094.109905274705,40,-0.013449367088607592,-6.937256931370865,-4053.605755052007,40
30.0,1.9,0.6,40,0.027689873417721528,9.463980617787547,7778.23911614904,40,-0.008227848101265823,-7.380452179925379,-4739.092277084194,40
30.0,1.9,0.7,40,0.008069620253164557,4.9386473895176906,1480.3415666253993,40,-0.005537974683544305,-5.0749105392245175,-1746.2243145598309,40
30.0,1.9,0.8,40,0.00015822784810126588,0.08089945777838722,0.011155743456166324,40,-0.006962025316455696,-5.934342247498686,-2684.560087119141,40
30.0,1.9,0.9,40,-0.002848101265822785,-2.0137524607166495,-83.5170950532698,40,-0.007436708860759494,-6.859397791834955,-3937.870511232341,40
30.0,1.9,1.0,40,-0.006329113924050633,-4.112987559751022,-187.79382050760174,29,-0.010257529463116545,-7.825573714456728,-5465.720832640326,29
30.0,2.0,0.0,40,0.0,0.0,0.0,10,0.0,0.0,0.0,10
30.0,2.0,0.1,40,0.001622849724115547,2.9189346296546828,351.09423905851685,39,0.013307367737747487,15.40988916296512,12662.819458847529,39
30.0,2.0,0.2,40,0.04699367088607596,12.158534452642575,14406.065767915718,40,0.016772151898734176,8.19560828096571,6184.193271637842,40
30.0,2.0,0.3,40,0.16962025316455695,27.18255061189805,64178.49869422253,40,-0.04541139240506329,-12.91106520759497,-9448.14717320194,40
30.0,2.0,0.4,40,0.12705696202531644,22.674858088727046,55838.45480610039,40,-0.020886075949367082,-10.628018970346377,-9102.710573220635,40
30.0,2.0,0.5,40,0.031170886075949374,10.415877422134969,9863.388757816747,40,-0.011392405063291138,-9.30311481201213,-8053.153947225189,40
30.0,2.0,0.6,40,0.005537974683544305,3.0267265858520096,388.55813876173266,40,-0.006803797468354434,-6.818594442704545,-3877.97130923085,40
30.0,2.0,0.7,40,-0.0007911392405063295,-0.5724780279076002,-2.1705816103851565,40,-0.007753164556962025,-8.425699881841432,-5112.483914135506,40
30.0,2.0,0.8,40,-0.0017405063291139242,-1.1714099287974546,-17.66099447834658,40,-0.006645569620253167,-6.406850450642453,-3295.650196553054,40
30.0,2.0,0.9,40,-0.004430379746835442,-2.845603209711193,-165.78797264400737,40,-0.007278481012658228,-5.464131164029051,-2143.015688479367,40
30.0,2.0,1.0,40,-0.008729812309035358,-4.605661864718383,-197.1910157528955,29,-0.010912265386294195,-5.798406485524595,-2520.881179399653,29
31.0,1.1,0.0,40,,0.0,0.0,0,,0.0,0.0,0
31.0,1.1,0.1,40,0.0,0.0,0.0,40,0.004430379746835445,6.445423047470941,3347.4416908258213,40
31.0,1.1,0.2,40,0.0,0.0,0.0,40,0.0068037974683544345,8.205518400008941,6203.270361213215,40
31.0,1.1,0.3,40,0.0,0.0,0.0,40,0.007594936708860761,7.855844048495729,5549.454952978501,40
31.0,1.1,0.4,40,0.0,0.0,0.0,40,0.007911392405063292,7.855498759435566,5548.832226315789,40
31.0,1.1,0.5,40,0.00015822784810126583,0.5724780279075998,3.2013728965840764,40,0.01329113924050633,12.859821149611687,17978.052977267955,40
31.0,1.1,0.6,40,0.0004746835443037975,1.3556165885229254,39.56179492021996,40,0.012341772151898737,10.690874505290077,11824.362288537382,40
31.0,1.1,0.7,40,0.00189873417721519,2.7623241632018307,300.6946003360379,40,0.01613924050632911,14.552403326898498,22711.929725027985,40
31.0,1.1,0.8,40,0.004113924050632912,3.740806139490312,698.706152790709,40,0.023101265822784815,19.078187359513315,30350.903305928397,40
31.0,1.1,0.9,40,0.005537974683544305,4.0073461953531995,843.8073671874439,40,0.02357594936708861,12.435502472197268,16705.508481076773,40
31.0,1.1,1.0,40,0.012236286919831226,4.454726601804728,1123.5253137375128,30,0.024472573839662445,11.43556373610267,13829.310105354834,30
31.0,1.2,0.0,40,0.0,0.0,0.0,10,0.0,0.0,0.0,10
31.0,1.2,0.1,40,0.0,0.0,0.0,40,0.006329113924050636,8.42075358320685,6626.064414585233,40
31.0,1.2,0.2,40,0.0,0.0,0.0,40,0.007120253164556965,8.341552481244538,6468.98558302934,40
31.0,1.2,0.3,40,0.0,0.0,0.0,40,0.00917721518987342,10.473569218461922,11265.1572487414,40
31.0,1.2,0.4,40,0.0004746835443037975,1.7782469350914567,86.24219619933193,40,0.009810126582278481,10.51463371325382,11370.351831386182,40
31.0,1.2,0.5,40,0.0004746835443037975,1.138069836182965,23.933508651931277,40,0.015822784810126583,12.342761036332188,16430.9793328187,40
31.0,1.2,0.6,40,0.0034810126582278493,4.443508734601184,1115.9107445654647,40,0.017879746835443036,12.338730396925355,16419.057463781992,40
31.0,1.2,0.7,40,0.00680379746835443,5.046971175879545,1567.0808948512224,40,0.02294303797468355,14.220172885472422,21909.27497826352,40
31.0,1.2,0.8,40,0.014556962025316455,8.420030119690479,5805.542020022822,40,0.024841772151898735,13.76845313445334,20703.023228650203,40
31.0,1.2,0.9,40,0.03148734177215191,8.761575034055781,6414.413959398754,40,0.020411392405063292,9.030104194111056,7895.344094232362,40
31.0,1.2,1.0,40,0.05548523206751055,9.72236283513752,8316.023237662108,30,0.010759493670886076,2.7930479716190764,300.55299529578053,30
31.0,1.3,0.0,40,0.0,0.0,0.0,10,0.0,0.0,0.0,10
31.0,1.3,0.1,40,0.0,0.0,0.0,40,0.006962025316455699,8.586872247797801,6961.829448544645,40
31.0,1.3,0.2,40,0.00031645569620253165,1.0000000000000002,16.528236616115752,40,0.00806962025316456,8.63958240344754,7070.645793513614,40
31.0,1.3,0.3,40,0.0,0.0,0.0,40,0.010759493670886078,11.448062697892764,13864.181586719775,40
31.0,1.3,0.4,40,0.0014240506329113924,2.9663854936497938,367.3006367939556,40,0.013291139240506327,11.777164892418961,14793.470230200272,40
31.0,1.3,0.5,40,0.002056962025316456,3.1341111590176554,428.24794421187755,40,0.02120253164556962,16.656832809369938,26332.196430124088,40
31.0,1.3,0.6,40,0.008544303797468357,5.780045905509771,2225.468258325233,40,0.025632911392405054,13.065213349447363,18591.139438148817,40
31.0,1.3,0.7,40,0.017721518987341776,7.891318801292043,4932.167377123401,40,0.02626582278481012,12.458388277577079,16773.408552199293,40
31.0,1.3,0.8,40,0.061075949367088614,14.154373778534826,20595.33322423526,40,0.006012658227848101,1.857843176890638,90.51689935672792,40
31.0,1.3,0.9,40,0.11249999999999998,15.397395849278576,24996.02389220887,40,-0.01503164556962025,-3.583123552653488,-649.9368702373271,40
31.0,1.3,1.0,40,0.14382365779135753,15.961651054685799,27136.59337923685,29,-0.032736796158882586,-7.242671221861219,-4521.4138627619495,29
31.0,1.4,0.0,40,0.0,0.0,0.0,10,0.0,0.0,0.0,10
31.0,1.4,0.1,40,0.0,0.0,0.0,40,0.007120253164556965,9.000000000000004,7832.245859838724,40
31.0,1.4,0.2,40,0.0,0.0,0.0,40,0.009335443037974686,9.453778621125432,8814.662388774907,40
31.0,1.4,0.3,40,0.00031645569620253165,1.4327007988227587,46.398924540531716,40,0.01376582278481013,12.697183146588111,17489.336712937937,40
31.0,1.4,0.4,40,0.0037974683544303813,4.355797627642152,1057.351138588398,40,0.0189873417721519,13.77424153010719,20720.31818368552,40
31.0,1.4,0.5,40,0.009651898734177215,5.6419254389328595,2090.3810470219796,40,0.025791139240506338,11.776887860225768,14792.679948482348,40
31.0,1.4,0.6,40,0.03180379746835443,8.678764442267758,6263.714198080405,40,0.02183544303797468,9.27374335891309,8416.963430980744,40
31.0,1.4,0.7,40,0.08401898734177213,15.421357602082654,25085.40204056743,40,-0.0015822784810126586,-0.41232113503410817,-1.1778803939861224,40
31.0,1.4,0.8,40,0.13401898734177214,20.832122014492064,48115.138426370504,40,-0.036708860759493665,-9.891129960806602,-8696.091152018813,40
31.0,1.4,0.9,40,0.1545886075949367,23.622624243082605,59752.74370904103,40,-0.038291139240506325,-9.551359641525256,-8496.807274008514,40
31.0,1.4,1.0,40,0.1588825840244435,21.4256699555605,50675.586126030874,29,-0.030336097773897862,-7.875638525414022,-5549.334853448214,29
31.0,1.5,0.0,40,0.0,0.0,0.0,10,0.0,0.0,0.0,10
31.0,1.5,0.1,40,0.0,0.0,0.0,40,0.00727848101265823,8.725202077402734,7249.157857378337,40
31.0,1.5,0.2,40,0.0007911392405063292,1.9553847221876077,113.09661089724649,40,0.010126582278481011,8.797462636306522,7401.78948775633,40
31.0,1.5,0.3,40,0.0014240506329113924,2.4671248858361716,218.67876743324962,40,0.017088607594936713,13.08705789462817,18656.309170659966,40
31.0,1.5,0.4,40,0.008544303797468355,5.780045905509769,2225.468258325231,40,0.02278481012658228,11.472793905583767,13933.099294359448,40
31.0,1.5,0.5,40,0.034968354430379746,8.68049781793546,6266.848878001413,40,0.02151898734177215,7.442160263374431,4831.287052788525,40
31.0,1.5,0.6,40,0.09731012658227847,18.764038783003347,38903.839936397264,40,-0.010601265822784811,-3.288291196919515,-507.4739621302512,40
31.0,1.5,0.7,40,0.14208860759493672,22.27997838210044,54198.93815138045,40,-0.03655063291139242,-8.981375356735601,-7487.246406271372,40
31.0,1.5,0.8,40,0.1550632911392405,24.85299788672955,63550.27712770055,40,-0.034018987341772146,-10.342044092015204,-8742.303167901995,40
31.0,1.5,0.9,40,0.13781645569620252,24.493075850412158,62726.48956688808,40,-0.023892405063291138,-8.991510375999846,-7504.857332767113,40
31.0,1.5,1.0,40,0.10475774770842426,18.803401428845557,39076.545170366975,29,-0.014622435617634226,-6.271196846484666,-3113.431166957917,29
31.0,1.6,0.0,40,0.0,0.0,0.0,10,0.0,0.0,0.0,10
31.0,1.6,0.1,40,0.0,0.0,0.0,40,0.008386075949367088,10.113778493034268,10362.734865369344,40
31.0,1.6,0.2,40,0.002848101265822785,2.1894352484446804,155.9945081570068,40,0.012025316455696202,10.446986880613995,11197.242876025512,40
31.0,1.6,0.3,40,0.005696202531645572,6.32355452037475,2806.2164571502476,40,0.021677215189873415,13.969450997934182,21301.781890229206,40
31.0,1.6,0.4,40,0.021993670886075952,6.665718724987123,3211.732248567876,40,0.02104430379746836,7.893879981453568,5618.48301000586,40
31.0,1.6,0.5,40,0.10284810126582278,17.047242170171266,31529.354642352293,40,-0.01930379746835443,-5.420540897006187,-2096.295873309561,40
31.0,1.6,0.6,40,0.14367088607594933,29.78024099551753,72004.46426278769,40,-0.04098101265822785,-10.768919870574969,-8703.235836951695,40
31.0,1.6,0.7,40,0.15094936708860757,23.841595790426684,60539.949123441,40,-0.030854430379746833,-9.598899051502311,-8581.596840836879,40
31.0,1.6,0.8,40,0.11787974683544303,20.631069731014758,47224.54972173256,40,-0.01629746835443038,-7.231923707820595,-4504.596565852941,40
31.0,1.6,0.9,40,0.0625,16.967906917253835,31201.465241696005,40,-0.012816455696202534,-8.20696678220087,-6114.421745743192,40
31.0,1.6,1.0,40,0.03317328677433435,9.994686667486027,8905.44659061082,29,-0.00894805761676124,-6.141233067531601,-2943.9313628902414,29
31.0,1.7,0.0,40,0.0,0.0,0.0,9,0.0,0.0,0.0,9
31.0,1.7,0.1,40,0.0,0.0,0.0,40,0.008544303797468355,10.642881016654345,10905.999971628451,40
31.0,1.7,0.2,40,0.006012658227848102,2.2427685386846354,167.01000712687608,40,0.015189873417721522,9.69492814822076,9364.238573103707,40
31.0,1.7,0.3,40,0.010917721518987341,6.169017257966121,2633.264233106599,40,0.025316455696202528,12.26219579778159,16192.887475574813,40
31.0,1.7,0.4,40,0.07911392405063292,14.19317726908727,20725.865924384867,40,-0.0015822784810126573,-0.43917916421311654,-1.4079695372143333,40
31.0,1.7,0.5,40,0.1555379746835443,23.351362880354827,58632.707839532035,40,-0.04145569620253163,-8.95873338956558,-7447.64957446006,40
31.0,1.7,0.6,40,0.15110759493670883,23.841591687782753,60539.9345599071,40,-0.027689873417721517,-9.550312901562695,-8494.940890524738,40
31.0,1.7,0.7,40,0.09319620253164557,20.06709110659839,44692.503929852726,40,-0.018987341772151892,-8.463607567770643,-6565.330151528804,40
31.0,1.7,0.8,40,0.04541139240506329,12.753214249652295,16144.979654467268,40,-0.008227848101265825,-6.500000000000003,-3423.553688219171,40
31.0,1.7,0.9,40,0.016297468354430376,8.096930996027366,5263.210138383474,40,-0.007436708860759497,-7.759082052517164,-5354.8504063740875,40
31.0,1.7,1.0,40,0.0030554343081623746,1.6298284434511148,67.15806428035941,29,-0.0072020951549541705,-5.606697026448973,-2299.9658953563344,29
31.0,1.8,0.0,40,0.0,0.0,0.0,10,0.0,0.0,0.0,10
31.0,1.8,0.1,40,0.0,0.0,0.0,40,0.009018987341772151,10.314573583604263,10861.519432463101,40
31.0,1.8,0.2,40,0.008860759493670888,2.3672992146848504,194.59358603317813,40,0.019620253164556962,10.217550033682626,10618.903584200416,40
31.0,1.8,0.3,40,0.034018987341772146,10.127986098835626,9201.864178773956,40,0.015031645569620253,4.907456955152849,1551.7605766822155,40
31.0,1.8,0.4,40,0.14746835443037973,24.715758631989434,63429.41888696743,40,-0.03528481012658227,-8.844843315593502,-7249.076389103875,40
31.0,1.8,0.5,40,0.1479430379746835,25.340612146826526,63988.53571355463,40,-0.03322784810126582,-7.25233274713932,-4536.555236489105,40
31.0,1.8,0.6,40,0.09003164556962025,18.635395097466567,38337.7019486598,40,-0.01518987341772152,-7.648529270389179,-5172.086342208679,40
31.0,1.8,0.7,40,0.032911392405063286,9.218277048808513,7283.559856119681,40,-0.011075949367088606,-7.656345858295619,-5184.939414806931,40
31.0,1.8,0.8,40,0.007278481012658228,4.1275093711084345,914.2500996330493,40,-0.006962025316455697,-6.579785557421411,-3534.945143836053,40
31.0,1.8,0.9,40,0.001424050632911392,0.7706546758708623,7.652550815920451,40,-0.007911392405063293,-6.400498930132077,-3287.0207421928208,40
31.0,1.8,1.0,40,-0.004801396769969446,-2.8069680738194838,-119.89735786937466,29,-0.00960279353993889,-7.2829318197008375,-4584.7431324784,29
31.0,1.9,0.0,40,0.0,0.0,0.0,10,0.0,0.0,0.0,10
31.0,1.9,0.1,40,0.00015822784810126583,1.0000000000000002,16.528236616115763,40,0.009968354430379748,10.70397727639959,11427.780148176882,40
31.0,1.9,0.2,40,0.012658227848101264,3.2466198638800536,472.2901002159608,40,0.0235759493670886,11.780428266521172,11564.182123191307,40
31.0,1.9,0.3,40,0.09145569620253166,17.647576158173496,34036.23863183789,40,-0.00917721518987342,-2.2675350057609847,-173.09012340844322,40
31.0,1.9,0.4,40,0.14825949367088606,26.77815548367028,67811.25601149553,40,-0.03639240506329115,-8.76409618732248,-7105.374155030482,40
31.0,1.9,0.5,40,0.10189873417721518,20.834037200074793,48123.53414393292,40,-0.016772151898734176,-8.048896990008373,-5842.915423766757,40
31.0,1.9,0.6,40,0.032436708860759486,13.056041452474648,17070.047084920305,40,-0.007753164556962027,-6.647569785198179,-3630.8671789587224,40
31.0,1.9,0.7,40,0.005854430379746836,2.3946159132813927,201.00186411420424,40,-0.009810126582278483,-6.1873210501253135,-3003.4114644300635,40
31.0,1.9,0.8,40,-0.00015822784810126588,-0.11558866717565797,-0.025444784017125216,40,-0.006962025316455697,-5.535599077142161,-2220.861637108428,40
31.0,1.9,0.9,40,-0.0033227848101265818,-1.8329855169777751,-64.05548978410333,40,-0.009177215189873415,-6.328318816843776,-3189.6326565987024,40
31.0,1.9,1.0,40,-0.00392841553906591,-2.2677868380553634,-116.39996661693317,29,-0.00872981230903536,-8.612327526892114,-5529.68435553059,29
31.0,2.0,0.0,40,0.0,0.0,0.0,10,0.0,0.0,0.0,10
31.0,2.0,0.1,40,0.0006329113924050633,2.081665999466132,135.19566160744802,40,0.012658227848101264,13.547302748691559,12156.4429813688,40
31.0,2.0,0.2,40,0.025474683544303794,6.2308318146413235,2701.678300336229,40,0.02120253164556963,8.006565412880153,5826.024237172032,40
31.0,2.0,0.3,40,0.13734177215189872,20.33534996022822,45901.78803358097,40,-0.04493670886075949,-9.771527957320167,-8872.577820074759,40
31.0,2.0,0.4,40,0.1151898734177215,24.679329547836033,63315.948426390125,40,-0.020569620253164552,-7.249814384688769,-4532.60811801575,40
31.0,2.0,0.5,40,0.04129746835443037,12.697183146588108,15977.87065815347,40,-0.009177215189873416,-7.800742079727679,-5424.274138015667,40
31.0,2.0,0.6,40,0.007278481012658229,4.162020919699967,935.0423728602499,40,-0.0064873417721519,-7.050075411336714,-4223.831174523259,40
31.0,2.0,0.7,40,-0.00189873417721519,-1.1709371246996996,-17.640437187052992,40,-0.009018987341772153,-7.5362860449271505,-4988.99630451619,40
31.0,2.0,0.8,40,-0.0034810126582278493,-2.241775882070131,-112.72466044461775,40,-0.009018987341772151,-7.977586633703336,-5026.5963088173685,40
31.0,2.0,0.9,40,-0.005221518987341774,-3.439050402243756,-177.49411990569516,40,-0.009335443037974681,-10.302652292168403,-5222.134427509028,40
31.0,2.0,1.0,40,-0.00392841553906591,-2.3462426065801547,-127.93215496164574,29,-0.00829332169358359,-6.384204297806346,-3264.9248157175202,29
32.0,1.1,0.0,40,,0.0,0.0,0,,0.0,0.0,0
32.0,1.1,0.1,40,0.0,0.0,0.0,40,0.0020569620253164562,4.333333333333335,1084.0711879646963,40
32.0,1.1,0.2,40,0.0,0.0,0.0,40,0.0061708860759493705,7.154103066186714,4367.456894595912,40
32.0,1.1,0.3,40,0.00015822784810126583,1.0000000000000004,16.528236616115773,40,0.007753164556962027,8.181247407907454,6156.557670534427,40
32.0,1.1,0.4,40,0.0,0.0,0.0,40,0.009177215189873418,9.836270247882606,9695.075571170253,40
32.0,1.1,0.5,40,0.0007911392405063292,2.360387377408329,192.9981498657686,40,0.009968354430379748,10.121400750074745,10381.409961503014,40
32.0,1.1,0.6,40,0.0020569620253164562,2.9624817752983232,365.9508744694969,40,0.013924050632911392,12.003816187089635,15441.511000251452,40
32.0,1.1,0.7,40,0.0023734177215189883,4.049922117631216,868.3771351582518,40,0.01550632911392405,12.717129731234017,17549.51452167162,40
32.0,1.1,0.8,40,0.004272151898734178,4.281443022163318,1009.2948701556763,40,0.019778481012658226,12.84207184225442,17925.05490571109,40
32.0,1.1,0.9,40,0.0071202531645569635,5.815691687777174,2261.1670656027063,40,0.020886075949367085,14.022303662380159,19156.19197860375,40
32.0,1.1,1.0,40,0.014767932489451479,6.663801467630921,3209.3807113009807,30,0.027426160337552748,9.841631343932846,9707.730381372972,30
32.0,1.2,0.0,40,0.0,0.0,0.0,10,0.0,0.0,0.0,10
32.0,1.2,0.1,40,0.0,0.0,0.0,40,0.0028481012658227852,4.457345008892838,1176.3229058057218,40
32.0,1.2,0.2,40,0.0006329113924050634,1.0,16.528236616115752,40,0.006803797468354434,8.20551840000894,6203.270361213212,40
32.0,1.2,0.3,40,0.00031645569620253165,1.4327007988227585,46.398924540531695,40,0.009177215189873418,9.558353257316005,9050.115297047276,40
32.0,1.2,0.4,40,0.00015822784810126583,1.0000000000000004,16.528236616115773,40,0.011867088607594936,10.647633212280361,11712.316082472516,40
32.0,1.2,0.5,40,0.0023734177215189883,4.049922117631216,868.3771351582518,40,0.013449367088607594,13.208848708745444,19021.379262488626,40
32.0,1.2,0.6,40,0.0030063291139240515,3.681104366239728,668.4154308831955,40,0.017246835443037973,12.347909887040796,16446.181756655216,40
32.0,1.2,0.7,40,0.0071202531645569635,5.019102266322995,1544.526225449997,40,0.021677215189873422,13.82282451896382,20865.496642266346,40
32.0,1.2,0.8,40,0.015348101265822787,7.307924695371711,4058.4626867323273,40,0.02515822784810127,10.467242888457552,11248.986088825912,40
32.0,1.2,0.9,40,0.02056962025316456,6.696023797290266,3249.099958519802,40,0.015189873417721517,6.67618368317024,3660.168471629792,40
32.0,1.2,1.0,40,0.05654008438818565,8.716291525828694,6331.765023290408,30,0.006118143459915611,1.3396867051761054,34.426598732244926,30
32.0,1.3,0.0,40,0.0,0.0,0.0,10,0.0,0.0,0.0,10
32.0,1.3,0.1,40,0.0,0.0,0.0,40,0.004113924050632913,6.208370128231955,3020.6295827923136,40
32.0,1.3,0.2,40,0.0020569620253164554,1.0,16.528236616115752,40,0.007278481012658229,8.14479100890736,6086.707706691223,40
32.0,1.3,0.3,40,0.0007911392405063292,2.3603873774083297,192.99814986576882,40,0.010759493670886074,10.076732632184923,10272.155523021756,40
32.0,1.3,0.4,40,0.0014240506329113924,2.6825174318556764,276.883221207431,40,0.015348101265822787,11.634273766717786,14387.277212952424,40
32.0,1.3,0.5,40,0.005063291139240507,4.97120420895468,1506.1489921773675,40,0.020253164556962026,16.262743347665946,26225.088373822426,40
32.0,1.3,0.6,40,0.008227848101265822,5.400344138493333,1866.2387479195584,40,0.02325949367088607,11.743390332218604,14697.085881003628,40
32.0,1.3,0.7,40,0.021677215189873422,7.636840248281402,4539.29749295645,40,0.01598101265822785,6.98289016056279,4105.089793782985,40
32.0,1.3,0.8,40,0.05822784810126582,11.065223411186322,11456.012832662676,40,0.008544303797468357,2.326885742288437,176.04059894551793,40
32.0,1.3,0.9,40,0.08481012658227849,17.211287761115933,32208.731048786176,40,-0.020411392405063285,-5.690939794822189,-2395.742519433938,40
32.0,1.3,1.0,40,0.12287210824967267,18.308165160638328,36898.72135728633,29,-0.027280663465735478,-5.713099911068644,-2421.2991576437075,29
32.0,1.4,0.0,40,0.0,0.0,0.0,10,0.0,0.0,0.0,10
32.0,1.4,0.1,40,0.0,0.0,0.0,40,0.0047468354430379766,6.708203932499372,3705.1186622006417,40
32.0,1.4,0.2,40,0.005379746835443037,1.0,16.528236616115752,40,0.007911392405063295,7.855498759435569,5548.832226315795,40
32.0,1.4,0.3,40,0.0014240506329113924,2.9663854936497955,367.30063679395624,40,0.013291139240506327,10.567961874544125,11506.91747959276,40
32.0,1.4,0.4,40,0.0041139240506329125,4.333333333333335,1042.7023942527455,40,0.02041139240506329,13.21018575939775,19025.373183943026,40
32.0,1.4,0.5,40,0.010917721518987341,4.969370206043558,1504.6920494782528,40,0.026424050632911388,12.367543180213374,16504.174686963474,40
32.0,1.4,0.6,40,0.03085443037974684,9.093189135472269,7038.229287813765,40,0.014398734177215192,5.489042082502854,2135.5130205110545,40
32.0,1.4,0.7,40,0.08401898734177213,17.595291230537477,33816.018104883166,40,-0.008544303797468355,-2.861994276017172,-339.7001374687044,40
32.0,1.4,0.8,40,0.1174050632911392,16.88018842273093,30836.813808589886,40,-0.03433544303797469,-8.329268523706167,-6327.572134092706,40
32.0,1.4,0.9,40,0.12515822784810127,18.971302232889247,39812.10856024403,40,-0.04287974683544305,-11.931592131804608,-9136.100530535125,40
32.0,1.4,1.0,40,0.14622435617634222,20.427344645571853,46312.04431195762,29,-0.023134002618943685,-6.007949453139756,-2775.5170817883977,29
32.0,1.5,0.0,40,0.0,0.0,0.0,10,0.0,0.0,0.0,10
32.0,1.5,0.1,40,0.0,0.0,0.0,40,0.004905063291139243,7.027051062879524,4171.6738231061345,40
32.0,1.5,0.2,40,0.006329113924050634,1.0000000000000002,16.528236616115763,40,0.008860759493670886,7.162542385411677,4380.660219153596,40
32.0,1.5,0.3,40,0.0025316455696202536,3.765875486765089,711.6742442226364,40,0.017405063291139236,14.32389308266011,21871.70587652395,40
32.0,1.5,0.4,40,0.010759493670886074,6.83868663229803,3428.7234998328886,40,0.02563291139240506,13.721689699593142,20563.231666563464,40
32.0,1.5,0.5,40,0.03196202531645569,7.169869547764105,3866.6348177410664,40,0.01313291139240506,5.175332780112481,1806.7408810477232,40
32.0,1.5,0.6,40,0.09541139240506329,13.855194492505204,19601.885230203163,40,-0.012341772151898736,-3.209396474983157,-473.09971612012976,40
32.0,1.5,0.7,40,0.1310126582278481,20.644493292158494,47284.55266356482,40,-0.0449367088607595,-11.568572012443006,-9550.814250738576,40
32.0,1.5,0.8,40,0.13987341772151898,23.586184921662902,59603.318647130734,40,-0.0375,-9.644416853424262,-8662.754254674972,40
32.0,1.5,0.9,40,0.1245253164556962,20.046107704412858,44597.279888305726,40,-0.025,-11.203932669906116,-9002.805209532362,40
32.0,1.5,1.0,40,0.08467917939764295,16.547599461576176,29470.126790284223,29,-0.012221737232649499,-7.233876073810739,-4507.651158204228,29
32.0,1.6,0.0,40,0.0,0.0,0.0,10,0.0,0.0,0.0,10
32.0,1.6,0.1,40,0.0,0.0,0.0,40,0.0061708860759493705,8.408449691928507,6601.551757560617,40
32.0,1.6,0.2,40,0.007278481012658229,1.0967696297674046,21.526744721771184,40,0.012183544303797467,9.304350982781255,8483.883371488067,40
32.0,1.6,0.3,40,0.005221518987341774,4.618602787933512,1238.3904388682568,40,0.02136075949367089,17.913448798473468,23648.619779868346,40
32.0,1.6,0.4,40,0.029272151898734174,11.661619848179052,13023.17699722972,40,0.024367088607594938,10.776739838511526,12048.615224938027,40
32.0,1.6,0.5,40,0.10031645569620254,16.468066619539556,29147.842928032293,40,-0.01471518987341772,-3.4939521311400332,-604.5089663067137,40
32.0,1.6,0.6,40,0.1254746835443038,17.33741571711907,32733.19308838707,40,-0.042563291139240504,-9.379380892933375,-8188.757264299674,40
32.0,1.6,0.7,40,0.1384493670886076,22.82874277397237,56477.94872305764,40,-0.029746835443037974,-10.436188617967053,-9413.381931432777,40
32.0,1.6,0.8,40,0.10110759493670887,17.413053628817053,33047.702140191075,40,-0.01930379746835443,-9.467574127080303,-8346.460465070732,40
32.0,1.6,0.9,40,0.05379746835443039,10.996975784043984,11282.997205056852,40,-0.012974683544303797,-7.216112498220477,-4479.842789988528,40
32.0,1.6,1.0,40,0.02531645569620253,7.791680202230567,4776.515970612021,29,-0.0058926233085988666,-4.559183119028118,-1292.6131567296088,29
32.0,1.7,0.0,40,0.0,0.0,0.0,9,0.0,0.0,0.0,9
32.0,1.7,0.1,40,0.0,0.0,0.0,40,0.006962025316455697,8.269903527117235,6328.353954185957,40
32.0,1.7,0.2,40,0.007753164556962025,1.259812920794164,32.03780929705091,40,0.014398734177215192,10.175740155901352,10515.386944664146,40
32.0,1.7,0.3,40,0.011234177215189873,5.33051275562639,1804.4607068783757,40,0.022784810126582275,10.918220879328798,12420.877881436125,40
32.0,1.7,0.4,40,0.08338607594936712,16.93864587367599,31079.870117528975,40,-0.007753164556962027,-2.3040473685060214,-181.32536889663007,40
32.0,1.7,0.5,40,0.1275316455696202,20.596475135928348,47069.41349113477,40,-0.04319620253164557,-13.316565371974962,-9376.294555642375,40
32.0,1.7,0.6,40,0.12816455696202528,19.299184316541538,41266.09590728687,40,-0.02943037974683544,-9.585682936140758,-8558.034111758476,40
32.0,1.7,0.7,40,0.08085443037974681,18.586466364289144,38122.099286381774,40,-0.014556962025316455,-9.15783018288375,-7796.45185625669,40
32.0,1.7,0.8,40,0.026898734177215188,9.083555524480767,7019.658550383408,40,-0.012816455696202536,-8.039417289903689,-5826.715914657305,40
32.0,1.7,0.9,40,0.011867088607594936,4.589484735699889,1217.526358309809,40,-0.007594936708860758,-4.984933050916922,-1661.2581818592244,40
32.0,1.7,1.0,40,0.00021824530772588408,0.10302476203377153,0.020671240378535186,29,-0.009166302924487123,-7.917082988429847,-4296.351099678763,29
32.0,1.8,0.0,40,0.0,0.0,0.0,10,0.0,0.0,0.0,10
32.0,1.8,0.1,40,0.00015822784810126583,1.0000000000000004,16.528236616115773,40,0.008702531645569618,9.695565175055293,9365.713934218928,40
32.0,1.8,0.2,40,0.010126582278481015,2.3300295106267472,186.05429080168287,40,0.020094936708860762,13.090126160106198,17680.672352153993,40
32.0,1.8,0.3,40,0.03164556962025317,7.474886320301645,4298.344971682255,40,0.008702531645569622,2.9567087637435026,354.9337117209824,40
32.0,1.8,0.4,40,0.1310126582278481,17.234662573654536,32305.68622776327,40,-0.04098101265822786,-10.582906137137469,-9525.311418339012,40
32.0,1.8,0.5,40,0.13813291139240508,26.257447075869354,64605.00353523852,40,-0.030696202531645574,-9.7615161798952,-8863.71268474685,40
32.0,1.8,0.6,40,0.06867088607594937,13.490403332118154,18426.57279126461,40,-0.015981012658227847,-7.517928564002903,-4959.268410582557,40
32.0,1.8,0.7,40,0.024841772151898735,10.204872439891748,9375.204473572641,40,-0.009810126582278481,-7.54138807797612,-4997.252198375637,40
32.0,1.8,0.8,40,0.0030063291139240515,1.3072199074348512,35.62723994601236,40,-0.010917721518987343,-9.273743358913096,-5941.784641814422,40
32.0,1.8,0.9,40,0.0014240506329113928,0.9216408669347268,13.009133346274396,40,-0.0071202531645569635,-6.260475092762274,-3099.2573902842873,40
32.0,1.8,1.0,40,-0.003491924923614143,-1.8903121857305571,-69.90719388374866,29,-0.008511567001309474,-6.519432031394765,-3450.5012075801947,29
32.0,1.9,0.0,40,0.0,0.0,0.0,10,0.0,0.0,0.0,10
32.0,1.9,0.1,40,0.0004746835443037975,1.7782469350914571,86.24219619933199,40,0.010126582278481015,9.358362429849636,8602.561375934902,40
32.0,1.9,0.2,40,0.014398734177215189,4.217234313729485,968.9563480597695,40,0.023892405063291135,10.517396247827223,11377.439694683031,40
32.0,1.9,0.3,40,0.0800632911392405,13.623087257694147,18850.30538561595,40,-0.024050632911392405,-6.219209871725782,-3044.947705842813,40
32.0,1.9,0.4,40,0.13860759493670885,20.08002421010762,44751.03904677482,40,-0.039398734177215185,-11.006830067356809,-9796.218310957489,40
32.0,1.9,0.5,40,0.08401898734177217,19.45969352700652,41972.00122075975,40,-0.014556962025316459,-8.977184622697699,-7479.949222636593,40
32.0,1.9,0.6,40,0.020411392405063292,6.441952585762097,2943.1666416109492,40,-0.0125,-8.178400362017682,-6065.111736063133,40
32.0,1.9,0.7,40,0.005379746835443037,2.508611633614938,229.21616656559053,40,-0.008386075949367088,-7.071100085036063,-4255.89119872941,40
32.0,1.9,0.8,40,-0.0014240506329113924,-0.7886525402844434,-5.549168999114095,40,-0.010126582278481013,-8.797462636306522,-5902.840095312899,40
32.0,1.9,0.9,40,-0.005696202531645572,-3.9842655357413745,-204.56235479155947,40,-0.009177215189873418,-7.800742079727681,-5424.27413801567,40
32.0,1.9,1.0,40,-0.005456132693147098,-5.072996561958925,-228.56811067800965,29,-0.008729812309035358,-8.226403589180672,-5502.288168498638,29
32.0,2.0,0.0,40,0.0,0.0,0.0,10,0.0,0.0,0.0,10
32.0,2.0,0.1,40,0.0007911392405063292,1.9553847221876068,113.09661089724634,40,0.011234177215189874,8.566517283299065,6920.174870548784,40
32.0,2.0,0.2,40,0.027056962025316454,8.731264261260982,6359.016621126359,40,0.020569620253164562,5.225249386547554,1856.9058334052388,40
32.0,2.0,0.3,40,0.12025316455696203,24.424737390812815,52342.38495110428,40,-0.051107594936708856,-13.715022587473767,-10638.046190144572,40
32.0,2.0,0.4,40,0.10791139240506327,21.447182592127927,50765.737673305586,40,-0.017879746835443043,-7.816373441686648,-5450.35275504302,40
32.0,2.0,0.5,40,0.02848101265822785,8.397225307037013,5766.282103627961,40,-0.01060126582278481,-7.977408122251486,-5720.848590733488,40
32.0,2.0,0.6,40,0.000791139240506329,0.4499913464034683,1.5979566598867985,40,-0.010126582278481013,-8.47510106898416,-6585.8727074439275,40
32.0,2.0,0.7,40,-0.00015822784810126553,-0.09637388493048515,-0.017314436681117852,40,-0.008227848101265823,-8.510497719203704,-6588.428157759999,40
32.0,2.0,0.8,40,-0.004272151898734177,-2.488527367747941,-147.72615091370534,40,-0.008386075949367088,-6.502411748637797,-3426.8965509323652,40
32.0,2.0,0.9,40,-0.00458860759493671,-2.985832270287425,-172.79372279307114,40,-0.008386075949367088,-6.404293533602682,-3292.175546367755,40
32.0,2.0,1.0,40,-0.005892623308598866,-4.20207561169082,-209.73697047967988,29,-0.00829332169358359,-6.579443686902566,-3534.4650866220354,29
33.0,1.1,0.0,40,,0.0,0.0,0,,0.0,0.0,0
33.0,1.1,0.1,40,0.0,0.0,0.0,40,0.0015822784810126584,3.605551275463991,634.2315870239637,40
33.0,1.1,0.2,40,0.0011075949367088608,1.0000000000000002,16.528236616115763,40,0.005221518987341774,5.971595232612999,2709.2166742642885,40
33.0,1.1,0.3,40,0.0,0.0,0.0,40,0.007278481012658229,9.450486141553164,8807.311730379337,40
33.0,1.1,0.4,40,0.00031645569620253165,1.4327007988227587,46.398924540531716,40,0.01028481012658228,9.978072636273163,10033.379917881653,40
33.0,1.1,0.5,40,0.0004746835443037975,1.7782469350914576,86.24219619933204,40,0.01234177215189874,10.3012756040098,10828.069586434369,40
33.0,1.1,0.6,40,0.0006329113924050633,2.0816659994661317,135.19566160744793,40,0.01613924050632911,13.236196250876224,19103.06960907063,40
33.0,1.1,0.7,40,0.0025316455696202536,4.284033283772501,1010.942352636969,40,0.01661392405063291,12.447728545640203,16741.79959094296,40
33.0,1.1,0.8,40,0.0033227848101265835,4.234891565240258,979.9413132042935,40,0.021835443037974682,14.534060267173425,22174.121564101217,40
33.0,1.1,0.9,40,0.008069620253164558,5.308985708977495,1785.675186359302,40,0.0245253164556962,13.20306518322765,19004.07726466353,40
33.0,1.1,1.0,40,0.00590717299578059,3.1197558738351256,422.8196534446976,30,0.020464135021097053,11.61950364337295,14345.626213226025,30
33.0,1.2,0.0,40,0.0,0.0,0.0,10,0.0,0.0,0.0,10
33.0,1.2,0.1,40,0.0,0.0,0.0,40,0.002215189873417722,4.149242848546736,955.1869614910946,40
33.0,1.2,0.2,40,0.0023734177215189874,1.0,16.528236616115752,40,0.006803797468354434,7.001553678213539,4133.155544122803,40
33.0,1.2,0.3,40,0.00015822784810126583,1.0000000000000002,16.528236616115763,40,0.009651898734177216,9.774245693027982,9549.136621754722,40
33.0,1.2,0.4,40,0.0007911392405063292,2.360387377408329,192.9981498657686,40,0.012341772151898736,11.898436551193125,15139.185207113662,40
33.0,1.2,0.5,40,0.0011075949367088608,2.8762349126466136,336.88377374375,40,0.017088607594936706,10.75049630164614,11979.923035445714,40
33.0,1.2,0.6,40,0.002848101265822786,4.4573450088928395,1125.3038051963506,40,0.019778481012658222,16.738351585299647,24519.39809505481,40
33.0,1.2,0.7,40,0.005221518987341774,4.816172917671356,1384.8805053074418,40,0.021677215189873415,13.542910449854148,20027.535978275933,40
33.0,1.2,0.8,40,0.008702531645569622,5.681346827855679,2128.3985114589173,40,0.023575949367088605,10.011216073684057,10113.299770907062,40
33.0,1.2,0.9,40,0.020569620253164562,6.504170677362086,3016.6593005110612,40,0.02104430379746836,8.163808149455193,6123.091004772244,40
33.0,1.2,1.0,40,0.035443037974683546,7.153236484141253,3843.9507462609204,30,0.00042194092827004307,0.09858244600088531,0.018516803728703728,30
33.0,1.3,0.0,40,0.0,0.0,0.0,10,0.0,0.0,0.0,10
33.0,1.3,0.1,40,0.0,0.0,0.0,40,0.0031645569620253173,4.654746681256313,1333.2218918935905,40
33.0,1.3,0.2,40,0.002689873417721519,1.0000000000000002,16.528236616115763,40,0.007436708860759496,7.759082052517163,5375.98228059398,40
33.0,1.3,0.3,40,0.00031645569620253165,1.0000000000000004,16.528236616115773,40,0.009968354430379748,9.863652491733836,9759.903022774537,40
33.0,1.3,0.4,40,0.0012658227848101266,2.725540575476986,289.58271909064274,40,0.01518987341772152,14.037543644774441,21395.73646066104,40
33.0,1.3,0.5,40,0.002848101265822786,3.492407650448499,578.0723929613179,40,0.023575949367088612,13.545454545454552,20035.234459332405,40
33.0,1.3,0.6,40,0.006803797468354432,4.9771377006094495,1510.8686688104535,40,0.02325949367088607,13.668259788591048,20403.306197369373,40
33.0,1.3,0.7,40,0.012500000000000002,5.0673176947032506,1583.4600830461602,40,0.0194620253164557,10.384941574956613,11039.389427264126,40
33.0,1.3,0.8,40,0.03512658227848102,7.067898757586256,3728.574010679251,40,0.005537974683544303,1.5208547839236946,50.02849885622517,40
33.0,1.3,0.9,40,0.06914556962025319,12.697992266452324,15980.279787785206,40,-0.016297468354430383,-4.522315453060717,-1263.3438390217234,40
33.0,1.3,1.0,40,0.08991706678306419,11.851865753320542,13545.671320610089,29,-0.043212570929725004,-6.793627927978857,-3841.50418214604,29
33.0,1.4,0.0,40,0.0,0.0,0.0,10,0.0,0.0,0.0,10
33.0,1.4,0.1,40,0.0,0.0,0.0,40,0.004113924050632913,6.208370128231955,3020.6295827923136,40
33.0,1.4,0.2,40,0.003955696202531646,1.0418753965889433,18.58205281291208,40,0.007753164556962025,9.681566646609047,9333.267594093799,40
33.0,1.4,0.3,40,0.0006329113924050633,1.2747548783981968,33.14164373548448,40,0.012025316455696204,13.793359154200141,20777.373808703447,40
33.0,1.4,0.4,40,0.0037974683544303813,5.352855427198631,1824.1301528136719,40,0.02088607594936709,14.02230366238016,21392.733382025028,40
33.0,1.4,0.5,40,0.008702531645569622,4.970594157917393,1505.664441128608,40,0.025949367088607594,12.361965127688311,16487.69671020311,40
33.0,1.4,0.6,40,0.021835443037974682,8.388063299196665,5750.563168401024,40,0.01550632911392405,6.616418865026264,3577.2782335478396,40
33.0,1.4,0.7,40,0.062183544303797446,15.689134833397354,26092.504800644274,40,-0.006329113924050634,-1.7663521732655696,-83.93986539002984,40
33.0,1.4,0.8,40,0.09256329113924051,13.254178502603422,17682.823596022314,40,-0.034335443037974686,-7.773552609145627,-5378.940872834015,40
33.0,1.4,0.9,40,0.12626582278481013,20.750933005811888,45970.89224109297,40,-0.045094936708860785,-11.621426634630055,-9092.99786298598,40
33.0,1.4,1.0,40,0.13902226102138804,18.562899030847937,38018.514604256525,29,-0.03470100392841554,-8.558500479849034,-6734.899484918329,29
33.0,1.5,0.0,40,0.0,0.0,0.0,10,0.0,0.0,0.0,10
33.0,1.5,0.1,40,0.0,0.0,0.0,40,0.005537974683544307,8.540429222100608,6867.012873567701,40
33.0,1.5,0.2,40,0.003955696202531646,1.0418753965889433,18.58205281291208,40,0.009810126582278481,7.541388077976121,4997.946274918952,40
33.0,1.5,0.3,40,0.002373417721518988,3.3649042549768473,521.5510530797002,40,0.015031645569620247,15.34388420865771,23242.513972466877,40
33.0,1.5,0.4,40,0.007911392405063292,6.879687281219885,3481.213976110986,40,0.0268987341772152,16.041470229479835,24096.543961883304,40
33.0,1.5,0.5,40,0.025158227848101268,7.376703289489156,4156.146069658715,40,0.01882911392405064,6.7956629701311995,3829.3952849323305,40
33.0,1.5,0.6,40,0.06914556962025319,13.96475193342214,19962.572454839727,40,-0.015981012658227847,-4.787307517477152,-1483.3294999613363,40
33.0,1.5,0.7,40,0.1166139240506329,21.02723525146739,47451.28487834585,40,-0.041455696202531644,-10.407454036923172,-9390.353333819694,40
33.0,1.5,0.8,40,0.14303797468354426,20.289106957388046,45694.94435151118,40,-0.03876582278481013,-11.799129074740677,-9562.433461294806,40
33.0,1.5,0.9,40,0.12515822784810124,21.281342620199776,46205.76948953429,40,-0.02373417721518987,-9.055901158603296,-7617.255707452299,40
33.0,1.5,1.0,40,0.07965953731994761,13.17509248124091,17437.44416501211,29,-0.017459624618070713,-6.26745698810643,-3108.4847886932785,29
33.0,1.6,0.0,40,0.0,0.0,0.0,10,0.0,0.0,0.0,10
33.0,1.6,0.1,40,0.0,0.0,0.0,40,0.006962025316455699,9.813568283197489,9641.499077811213,40
33.0,1.6,0.2,40,0.004113924050632911,1.131175215208261,23.521392395932192,40,0.012816455696202534,10.78710007218149,12075.733010656071,40
33.0,1.6,0.3,40,0.004272151898734178,3.741459995125642,699.0417077929641,40,0.018670886075949366,15.054658345392435,22867.74450039648,40
33.0,1.6,0.4,40,0.017563291139240506,5.528952072940617,1983.461705887655,40,0.018670886075949373,7.7181311240085355,5303.610618026363,40
33.0,1.6,0.5,40,0.06344936708860757,10.733011795539957,10625.551848182979,40,-0.01408227848101266,-3.645974208835613,-683.2738073594052,40
33.0,1.6,0.6,40,0.11645569620253167,18.320315508901704,36952.13874058697,40,-0.04651898734177214,-12.526278465940832,-10183.230425395384,40
33.0,1.6,0.7,40,0.13639240506329112,18.36549104249328,37150.808991817416,40,-0.03813291139240507,-11.436363215768354,-9988.411057224048,40
33.0,1.6,0.8,40,0.09367088607594934,19.524192935238652,42255.56839437053,40,-0.019462025316455692,-9.293841728324523,-8036.716205084467,40
33.0,1.6,0.9,40,0.052215189873417736,12.746573417762708,16125.181193279184,40,-0.012183544303797467,-7.499793234804947,-4929.924554212722,40
33.0,1.6,1.0,40,0.01942383238760367,6.185927617026553,2651.9012002838276,29,-0.011130510694020079,-6.507062352945167,-3433.3407088548033,29
33.0,1.7,0.0,40,0.0,0.0,0.0,9,0.0,0.0,0.0,9
33.0,1.7,0.1,40,0.00015822784810126583,1.0000000000000004,16.528236616115773,40,0.007753164556962027,10.564462433448634,11497.954053634745,40
33.0,1.7,0.2,40,0.0033227848101265826,1.4888423792882637,51.808830923180864,40,0.01693037974683544,12.929422794254473,18185.983723920446,40
33.0,1.7,0.3,40,0.009651898734177215,4.324732625551622,1037.1295649522253,40,0.022626582278481012,10.77353846843458,12040.243505636232,40
33.0,1.7,0.4,40,0.04825949367088608,8.235226471842008,5491.767149822683,40,-0.015981012658227847,-4.820748572581518,-1512.555690289131,40
33.0,1.7,0.5,40,0.10617088607594934,18.673093632887767,38502.95444308235,40,-0.04414556962025317,-9.807874275020401,-8902.679610183899,40
33.0,1.7,0.6,40,0.14034810126582273,19.48832131618548,41408.77969348573,40,-0.03686708860759495,-12.095921307603325,-10117.80364557583,40
33.0,1.7,0.7,40,0.07737341772151898,12.292259563074412,14789.835902137558,40,-0.017405063291139243,-9.544652225219426,-8484.828875853942,40
33.0,1.7,0.8,40,0.028322784810126587,10.961993630548607,11194.787203950142,40,-0.011708860759493667,-9.198549461890856,-7868.444815409541,40
33.0,1.7,0.9,40,0.0129746835443038,4.984211525609614,1516.5083556029472,40,-0.00949367088607595,-8.551315688243536,-6722.036824117648,40
33.0,1.7,1.0,40,0.000654735923177652,0.3506092258744667,0.7908524865881381,29,-0.010475774770842427,-7.066249963374606,-4248.491724957987,29
33.0,1.8,0.0,40,0.0,0.0,0.0,10,0.0,0.0,0.0,10
33.0,1.8,0.1,40,0.00015822784810126583,1.0000000000000004,16.528236616115773,40,0.010126582278481011,11.24187470288844,13292.696377615282,40
33.0,1.8,0.2,40,0.00458860759493671,2.386474301910553,199.07867045818648,40,0.020253164556962022,12.741328950099128,17622.41374906821,40
33.0,1.8,0.3,40,0.01756329113924051,5.393409623313679,1860.0548148407488,40,0.013291139240506327,4.6688841372915295,1344.9081884692794,40
33.0,1.8,0.4,40,0.09936708860759494,14.54176895823434,21917.651375298265,40,-0.0495253164556962,-12.1620289078968,-10240.435807281949,40
33.0,1.8,0.5,40,0.13243670886075945,22.84521610061685,56546.18921136278,40,-0.03844936708860759,-13.744182444301991,-10506.938793336081,40
33.0,1.8,0.6,40,0.06993670886075948,16.81228908426382,30555.352293825395,40,-0.02231012658227848,-11.293676525475774,-9951.499937215702,40
33.0,1.8,0.7,40,0.023417721518987345,6.963705049102755,3590.3498320466133,40,-0.009335443037974685,-7.522621158576078,-4966.868056659876,40
33.0,1.8,0.8,40,0.0034810126582278484,1.544194821023368,57.53573434050706,40,-0.009651898734177215,-7.003089165317279,-4152.628017808174,40
33.0,1.8,0.9,40,0.00015822784810126585,0.08562829731898475,0.012811366673326123,40,-0.009810126582278478,-8.045531054454173,-5837.166706662501,40
33.0,1.8,1.0,40,-0.005456132693147098,-3.2989520422574237,-188.28606001426394,29,-0.010475774770842427,-8.023916346332015,-5800.160460826259,29
33.0,1.9,0.0,40,0.0,0.0,0.0,10,0.0,0.0,0.0,10
33.0,1.9,0.1,40,0.0004746835443037975,1.7782469350914571,86.24219619933199,40,0.011867088607594934,12.631130374810267,14998.984989949251,40
33.0,1.9,0.2,40,0.007911392405063292,3.9092367108480413,788.6824270928789,40,0.022784810126582275,8.824954113203878,7460.232777715822,40
33.0,1.9,0.3,40,0.04889240506329114,10.059416138100898,9048.87724700429,40,-0.020094936708860762,-5.737125077482218,-2449.1266090349554,40
33.0,1.9,0.4,40,0.12579113924050633,17.577860993786796,33742.62046939854,40,-0.05553797468354432,-11.867009035791316,-10180.108233671064,40
33.0,1.9,0.5,40,0.09098101265822783,17.560387601721867,33668.98861380931,40,-0.022943037974683538,-9.894819992630849,-8973.382855584267,40
33.0,1.9,0.6,40,0.01977848101265823,6.939229351341372,3558.3493381710914,40,-0.014873417721518989,-10.570681132779239,-9516.443215327645,40
33.0,1.9,0.7,40,0.004113924050632912,2.605349799895328,255.0548430991665,40,-0.009177215189873418,-8.453254777886993,-6546.845860077625,40
33.0,1.9,0.8,40,-0.0017405063291139242,-1.045281795032182,-12.675883912990376,40,-0.008386075949367088,-6.945437474868316,-4065.8681822026692,40
33.0,1.9,0.9,40,-0.003955696202531646,-2.2981927988846085,-120.77983227679954,40,-0.009968354430379748,-9.000000000000002,-5906.659555510601,40
33.0,1.9,1.0,40,-0.0045831514622435635,-2.4699778367090657,-146.45978429829475,29,-0.010257529463116546,-7.82557371445673,-5465.720832640329,29
33.0,2.0,0.0,40,0.0,0.0,0.0,10,0.0,0.0,0.0,10
33.0,2.0,0.1,40,0.0004746835443037975,1.7782469350914571,86.24219619933199,40,0.01518987341772152,16.353243452861932,15786.489897477306,40
33.0,2.0,0.2,40,0.021360759493670885,5.271791806995511,1753.5893129705064,40,0.01977848101265823,6.215236122899231,3029.904968010005,40
33.0,2.0,0.3,40,0.08750000000000001,13.1214462642851,17271.90348624466,40,-0.05933544303797465,-13.922227369005853,-10677.719161399458,40
33.0,2.0,0.4,40,0.1139240506329114,21.416278558513056,50636.073247776076,40,-0.029113924050632917,-10.750806106184468,-9638.521393629722,40
33.0,2.0,0.5,40,0.030854430379746833,8.062257748298551,5206.787458475719,40,-0.013924050632911392,-8.053941853616978,-5851.517175251488,40
33.0,2.0,0.6,40,0.0026898734177215186,1.336386669247236,37.96191750473216,40,-0.01186708860759494,-8.827838254157305,-7219.567287256718,40
33.0,2.0,0.7,40,-0.002373417721518987,-1.471052367462664,-34.13721268732165,40,-0.010759493670886074,-7.223610977589778,-4491.583477539928,40
33.0,2.0,0.8,40,-0.005379746835443039,-3.479416225712413,-174.39001372765472,40,-0.00870253164556962,-7.89024313158104,-5573.826979328985,40
33.0,2.0,0.9,40,-0.004272151898734177,-2.488527367747941,-147.72615091370534,40,-0.008544303797468355,-5.849187669231661,-2581.384651043116,40
33.0,2.0,1.0,40,-0.006329113924050634,-3.312547806896222,-188.9807258055278,29,-0.011348756001745966,-7.8139659914878745,-5446.3361802772215,29
34.0,1.1,0.0,40,,0.0,0.0,0,,0.0,0.0,0
34.0,1.1,0.1,40,0.0,0.0,0.0,40,0.0031645569620253173,4.937104414532876,1578.7396721923021,40
34.0,1.1,0.2,40,0.00015822784810126583,1.0000000000000002,16.528236616115763,40,0.006487341772151901,7.27412076678564,4557.49359238253,40
34.0,1.1,0.3,40,0.0,0.0,0.0,40,0.008544303797468353,10.242628525646682,10681.230873731894,40
34.0,1.1,0.4,40,0.0004746835443037975,1.7782469350914571,86.24219619933199,40,0.009177215189873422,9.06658742409718,7972.130026798215,40
34.0,1.1,0.5,40,0.00015822784810126583,1.0000000000000002,16.528236616115763,40,0.014082278481012659,13.728808063188717,20584.500624026732,40
34.0,1.1,0.6,40,0.0012658227848101266,2.7255405754769852,289.58271909064246,40,0.016772151898734173,13.61489927371857,20243.860679363755,40
34.0,1.1,0.7,40,0.0033227848101265835,4.890881641044258,1442.7353739597113,40,0.018987341772151896,15.297058540778346,23183.97006456211,40
34.0,1.1,0.8,40,0.006487341772151901,5.184540364833509,1679.7780887858062,40,0.018512658227848103,14.819231615318298,22556.174686644248,40
34.0,1.1,0.9,40,0.007753164556962023,5.07267870555527,1587.7874023997877,40,0.0231012658227848,14.337703196038245,21892.36408669645,40
34.0,1.1,1.0,40,0.014135021097046415,5.354242668787544,1825.3507536216073,30,0.021940928270042195,9.773064477499583,9546.372410213025,30
34.0,1.2,0.0,40,0.0,0.0,0.0,10,0.0,0.0,0.0,10
34.0,1.2,0.1,40,0.0,0.0,0.0,40,0.004113924050632914,7.093164110552971,4272.855352949482,40
34.0,1.2,0.2,40,0.00015822784810126583,1.0000000000000002,16.528236616115763,40,0.007120253164556965,7.578678224886165,5061.464415657922,40
34.0,1.2,0.3,40,0.00015822784810126583,1.0000000000000004,16.528236616115773,40,0.010284810126582274,10.498447090134226,11328.832189929903,40
34.0,1.2,0.4,40,0.000949367088607595,2.6234238965856176,260.06879995188433,40,0.012499999999999999,9.25926893924063,8385.410854633401,40
34.0,1.2,0.5,40,0.0017405063291139242,3.4390504022437547,553.9822675159113,40,0.017246835443037976,14.135410564396853,21582.6213128971,40
34.0,1.2,0.6,40,0.005221518987341775,7.7287888582358075,3326.054027898371,40,0.020569620253164556,17.230551119795674,24666.287945552525,40
34.0,1.2,0.7,40,0.007120253164556961,5.223006102438899,1712.1061366458368,40,0.023892405063291135,16.777777777777775,24535.09336217191,40
34.0,1.2,0.8,40,0.015031645569620255,7.574406784812213,4445.52996068755,40,0.0245253164556962,13.83527046669558,20902.64108654295,40
34.0,1.2,0.9,40,0.014873417721518989,5.977664774054723,2427.8211291244406,40,0.025158227848101268,8.87451459775657,7565.926156318806,40
34.0,1.2,1.0,40,0.032911392405063286,6.375271854848265,2865.545664168511,30,0.012236286919831224,3.188466606334182,442.5944082799081,30
34.0,1.3,0.0,40,0.0,0.0,0.0,10,0.0,0.0,0.0,10
34.0,1.3,0.1,40,0.0,0.0,0.0,40,0.004746835443037977,6.708203932499373,3705.118662200643,40
34.0,1.3,0.2,40,0.0006329113924050633,1.0000000000000002,16.528236616115763,40,0.009335443037974683,9.713011841190253,9406.145973532664,40
34.0,1.3,0.3,40,0.0006329113924050633,1.6690459207925605,71.89658016992782,40,0.01265822784810126,11.171392035015147,13099.808977489398,40
34.0,1.3,0.4,40,0.0018987341772151902,3.3649042549768486,521.5510530797008,40,0.01550632911392405,10.094170308207556,10314.723773999054,40
34.0,1.3,0.5,40,0.005063291139240508,5.551109331909692,2004.1353580656735,40,0.023417721518987338,14.441557871296293,22045.628232117415,40
34.0,1.3,0.6,40,0.011550632911392408,7.693779737773568,3323.968784817798,40,0.025474683544303794,14.220557121609891,21715.52502243821,40
34.0,1.3,0.7,40,0.01376582278481013,4.928849367339082,1472.605453697064,40,0.023101265822784812,9.96960948798388,10013.017389797295,40
34.0,1.3,0.8,40,0.029113924050632917,9.773120734386175,8423.750238154345,40,0.009651898734177215,3.707240351752946,687.8970382619872,40
34.0,1.3,0.9,40,0.05047468354430381,10.97993248351592,11240.048925105964,40,-0.011550632911392406,-3.1376230063353536,-443.20054290442266,40
34.0,1.3,1.0,40,0.08664338716717591,11.686584466777855,13090.821659867444,29,-0.029899607158446098,-6.944263328320672,-4064.1086988012084,29
34.0,1.4,0.0,40,0.0,0.0,0.0,10,0.0,0.0,0.0,10
34.0,1.4,0.1,40,0.0,0.0,0.0,40,0.005379746835443041,7.681827334963248,5239.965737491863,40
34.0,1.4,0.2,40,0.0011075949367088608,1.1556079652685134,25.00904530517643,40,0.011708860759493673,10.427814130278767,11148.307358649246,40
34.0,1.4,0.3,40,0.0006329113924050633,1.6690459207925605,71.89658016992782,40,0.01503164556962025,10.804688497700349,12121.76759474578,40
34.0,1.4,0.4,40,0.0028481012658227857,4.457345008892839,1125.30380519635,40,0.02056962025316455,13.419462254990496,19653.971604602695,40
34.0,1.4,0.5,40,0.011708860759493673,7.740966278350457,4698.2556560365965,40,0.027848101265822784,14.022303662380157,21392.73338202502,40
34.0,1.4,0.6,40,0.019936708860759496,6.697309562447711,3250.6888099431335,40,0.02215189873417722,7.801273781342699,5451.156740023824,40
34.0,1.4,0.7,40,0.044936708860759504,9.476932153041332,7804.764303907702,40,0.005537974683544304,1.243529945762242,27.689919275102095,40
34.0,1.4,0.8,40,0.07294303797468357,12.174567187218821,14451.759408276057,40,-0.03686708860759494,-7.739045014862774,-5321.593471128152,40
34.0,1.4,0.9,40,0.11503164556962024,17.21036875516355,32204.919749166456,40,-0.045094936708860764,-11.523580846739227,-9074.441916877317,40
34.0,1.4,1.0,40,0.12527280663465734,18.567261478316755,38020.01852835154,29,-0.037538192928852035,-9.194725006907134,-7861.689061455703,29
34.0,1.5,0.0,40,0.0,0.0,0.0,10,0.0,0.0,0.0,10
34.0,1.5,0.1,40,0.0,0.0,0.0,40,0.006645569620253167,9.296619583396538,8466.96904660859,40
34.0,1.5,0.2,40,0.001740506329113924,1.0973302636756468,21.558104991923052,40,0.012816455696202534,12.200549296706333,16012.183138099921,40
34.0,1.5,0.3,40,0.0022151898734177216,3.342968530586436,512.2008617280462,40,0.01977848101265823,12.572745522004709,17115.254685228425,40
34.0,1.5,0.4,40,0.008860759493670885,8.014692390706402,5129.824430462044,40,0.026424050632911405,17.02845486609496,24779.371049748945,40
34.0,1.5,0.5,40,0.025632911392405068,8.317161924704356,5629.602251617109,40,0.01882911392405064,7.086024733403855,4261.877591758068,40
34.0,1.5,0.6,40,0.03591772151898735,6.5395944578880165,3059.0213974994203,40,-0.018354430379746843,-5.176540217891773,-1845.2440637010097,40
34.0,1.5,0.7,40,0.09208860759493673,14.769870857401875,22715.554353423664,40,-0.03465189873417721,-7.906838740415839,-5601.685310607432,40
34.0,1.5,0.8,40,0.12246835443037973,16.547700833886736,29470.536638372392,40,-0.03686708860759495,-10.091379421431482,-9133.887373247733,40
34.0,1.5,0.9,40,0.1134493670886076,19.20647607705691,40854.34326447863,40,-0.026265822784810135,-8.849119030000198,-7256.503011008981,40
34.0,1.5,1.0,40,0.06700130947184635,10.41426170933484,9859.604777709785,29,-0.020515058926233086,-6.384288787941993,-3265.0391356217838,29
34.0,1.6,0.0,40,0.0,0.0,0.0,10,0.0,0.0,0.0,10
34.0,1.6,0.1,40,0.00015822784810126583,1.0000000000000004,16.528236616115773,40,0.00727848101265823,10.3930605120091,11059.97494932801,40
34.0,1.6,0.2,40,0.002848101265822785,1.48164587407987,51.09446119830538,40,0.014240506329113927,12.383437106195796,16551.18412522935,40
34.0,1.6,0.3,40,0.006487341772151899,4.946862093172699,1486.8340682091132,40,0.024525316455696205,14.067081706977891,21468.848069817388,40
34.0,1.6,0.4,40,0.015189873417721517,5.668980424714305,2116.426447642348,40,0.027373417721518984,12.776003368082296,17726.58774228934,40
34.0,1.6,0.5,40,0.05379746835443039,9.691491113342675,8250.863272744207,40,-0.014398734177215189,-3.5686802222016385,-642.4556662996348,40
34.0,1.6,0.6,40,0.09177215189873417,13.55916283776349,18645.42721375165,40,-0.04620253164556963,-10.483574823950597,-9449.993720353767,40
34.0,1.6,0.7,40,0.11977848101265823,18.847983318626465,37318.39795952076,40,-0.03655063291139239,-11.506197557200741,-9997.621884498642,40
34.0,1.6,0.8,40,0.08386075949367089,15.123085810306286,23980.98444478055,40,-0.022151898734177215,-9.49428825315317,-8394.41042761185,40
34.0,1.6,0.9,40,0.03797468354430379,10.86200687153672,10944.287576113806,40,-0.016297468354430387,-8.60250199656855,-6813.840596720027,40
34.0,1.6,1.0,40,0.012439982540375386,4.894140030186212,1445.285040915007,29,-0.011785246617197731,-8.049844718999243,-5844.533276201832,29
34.0,1.7,0.0,40,0.0,0.0,0.0,10,0.0,0.0,0.0,10
34.0,1.7,0.1,40,0.0004746835443037975,1.3556165885229265,39.56179492022006,40,0.008386075949367092,10.966018762898084,12547.714973743716,40
34.0,1.7,0.2,40,0.005379746835443039,2.0937758514748834,137.43629928001644,40,0.018196202531645573,14.614083227196588,22283.190947436437,40
34.0,1.7,0.3,40,0.01139240506329114,5.8360345433671545,2281.6590108605897,40,0.029272151898734177,15.150576979214204,22993.658618146044,40
34.0,1.7,0.4,40,0.037025316455696206,9.685540745129655,8238.353658787777,40,0.0006329113924050625,0.14890160663791321,0.054958382104865526,40
34.0,1.7,0.5,40,0.09525316455696203,11.229811942120763,11878.14062953004,40,-0.051582278481012676,-9.234510883635293,-7931.830780278822,40
34.0,1.7,0.6,40,0.11424050632911391,22.891593525337893,43709.1770264529,40,-0.0420886075949367,-11.128006361378963,-9870.702034469476,40
34.0,1.7,0.7,40,0.05838607594936709,14.962717696499162,23401.809914779784,40,-0.023101265822784815,-10.165977129597668,-9194.684818702055,40
34.0,1.7,0.8,40,0.021835443037974682,8.871916052736267,6618.363452888125,40,-0.012974683544303797,-7.794808281451077,-5414.379776942883,40
34.0,1.7,0.9,40,0.002056962025316455,1.1680384440014318,25.786692578469943,40,-0.011708860759493669,-8.546245005472898,-6712.9618429684215,40
34.0,1.7,1.0,40,-0.0008729812309035354,-0.4409585518440984,-1.0106499210106408,29,-0.010694020078568312,-7.411129239279747,-4787.726896280976,29
34.0,1.8,0.0,40,0.0,0.0,0.0,10,0.0,0.0,0.0,10
34.0,1.8,0.1,40,0.0012658227848101266,1.1354541815269819,23.776642002724167,40,0.01028481012658228,10.791142814868287,12086.301824509897,40
34.0,1.8,0.2,40,0.009968354430379748,3.1921233947787657,450.6249624370122,40,0.023417721518987345,16.29806324909932,22686.778600828828,40
34.0,1.8,0.3,40,0.019145569620253163,6.219983139590692,2689.59547003276,40,0.024367088607594935,8.48599703918095,6756.8493357962425,40
34.0,1.8,0.4,40,0.08338607594936709,14.580303445818869,22050.743767384567,40,-0.0370253164556962,-7.784049063060876,-5396.435540667111,40
34.0,1.8,0.5,40,0.11598101265822783,18.47497776209572,37630.53626881815,40,-0.04604430379746836,-11.540063756098508,-10053.219715786438,40
34.0,1.8,0.6,40,0.04905063291139241,11.107085438528669,11562.590667178489,40,-0.02246835443037975,-9.247432428765075,-7954.611668931037,40
34.0,1.8,0.7,40,0.017563291139240503,8.192738651723795,5421.149568755657,40,-0.01123417721518987,-7.790856017197589,-5407.787196673262,40
34.0,1.8,0.8,40,0.0007911392405063292,0.3804814673454129,0.991035882877044,40,-0.012183544303797467,-9.44690008764359,-7585.569291869536,40
34.0,1.8,0.9,40,-0.005537974683544306,-3.0267265858520105,-174.81322492445148,40,-0.010917721518987341,-7.525072455600087,-4970.836930150215,40
34.0,1.8,1.0,40,-0.008729812309035356,-4.543694673976518,-214.3593692981339,29,-0.013094718463553038,-7.15678085420547,-4387.557869596346,29
34.0,1.9,0.0,40,0.0,0.0,0.0,10,0.0,0.0,0.0,10
34.0,1.9,0.1,40,0.0018987341772151902,1.1944995890717933,27.494587162740675,40,0.013132911392405064,10.876817177623968,12311.316460270671,40
34.0,1.9,0.2,40,0.014240506329113927,6.866531419235138,3447.401591536244,40,0.02753164556962025,11.996891357464586,15421.66049306972,40
34.0,1.9,0.3,40,0.038291139240506325,6.852810848911907,3446.754676884735,40,-0.014082278481012659,-3.397718308570992,-557.7864025279365,40
34.0,1.9,0.4,40,0.11819620253164557,16.999012692696507,31330.714408617103,40,-0.05221518987341772,-13.112870334943933,-10400.42447690936,40
34.0,1.9,0.5,40,0.05221518987341774,11.35492960037658,12204.366446913586,40,-0.025949367088607594,-11.028635354097755,-9809.731222998409,40
34.0,1.9,0.6,40,0.01360759493670886,4.219098236402269,970.1119215402542,40,-0.013449367088607594,-10.460744928828893,-9432.438140620283,40
34.0,1.9,0.7,40,-0.001740506329113924,-1.0651984565626391,-13.39209400526704,40,-0.011708860759493667,-8.66561175014317,-6927.235845814952,40
34.0,1.9,0.8,40,-0.005221518987341772,-3.1682885711161597,-169.50804923694466,40,-0.012183544303797466,-9.752827644269301,-7625.505413645109,40
34.0,1.9,0.9,40,-0.00458860759493671,-2.808250476392413,-163.91526710467872,40,-0.010443037974683543,-7.839840365780811,-5489.508086617026,40
34.0,1.9,1.0,40,-0.007007233273056058,-3.9079309949851506,-202.95557222552773,28,-0.009267631103074141,-5.874932246191305,-2612.3856629216175,28
34.0,2.0,0.0,40,0.0,0.0,0.0,10,0.0,0.0,0.0,10
34.0,2.0,0.1,40,0.003006329113924051,1.3470478669750952,38.843979884735965,40,0.016613924050632913,11.786674110675849,14820.567856669382,40
34.0,2.0,0.2,40,0.015981012658227853,5.540742054740462,1994.450496861217,40,0.025791139240506328,7.772758680525516,5400.30756777232,40
34.0,2.0,0.3,40,0.07768987341772149,12.235942615611712,14628.035457726843,40,-0.04731012658227849,-12.259389949105174,-10289.540741212557,40
34.0,2.0,0.4,40,0.10110759493670887,19.500017908728857,42149.346736687694,40,-0.030537974683544307,-12.010285037357859,-10225.866470321427,40
34.0,2.0,0.5,40,0.017405063291139247,5.078078893233313,1592.1497696951803,40,-0.015981012658227843,-9.181818181818176,-7838.867827442222,40
34.0,2.0,0.6,40,0.0003164556962025315,0.14642524318460673,0.05579652581881493,40,-0.011550632911392406,-9.17104429275468,-7819.8179777253745,40
34.0,2.0,0.7,40,-0.0030063291139240506,-2.072121400817415,-90.4540746372677,40,-0.009968354430379748,-9.000000000000002,-7519.616224098584,40
34.0,2.0,0.8,40,-0.006962025316455697,-5.284229075567876,-209.62038703982836,40,-0.011550632911392408,-10.216909197549889,-7671.830783432727,40
34.0,2.0,0.9,40,-0.0041139240506329125,-2.457894742007159,-145.54389118969388,40,-0.009177215189873415,-8.107370653783855,-5943.10875390995,40
34.0,2.0,1.0,40,-0.005237887385421214,-3.398971696850172,-192.67094211070426,29,-0.00872981230903536,-8.612327526892114,-5978.452366243063,29
35.0,1.1,0.0,40,,0.0,0.0,0,,0.0,0.0,0
35.0,1.1,0.1,40,0.0,0.0,0.0,40,0.003639240506329115,5.386731628467379,2024.6542049162224,40
35.0,1.1,0.2,40,0.0,0.0,0.0,40,0.006487341772151903,7.794808281451084,5439.603952641372,40
35.0,1.1,0.3,40,0.0,0.0,0.0,40,0.008386075949367088,9.43363669103923,8769.721218557435,40
35.0,1.1,0.4,40,0.0,0.0,0.0,40,0.014398734177215189,13.869102178412957,21003.263950655288,40
35.0,1.1,0.5,40,0.0007911392405063292,2.36038737740833,192.99814986576894,40,0.015664556962025317,14.741259057153428,22452.30051694035,40
35.0,1.1,0.6,40,0.0015822784810126584,3.2036163775859374,455.13946634142104,40,0.017405063291139233,13.220354676701286,19055.74371279199,40
35.0,1.1,0.7,40,0.0014240506329113926,2.1569492446932137,149.5139750984436,40,0.018670886075949366,12.720475174968753,17559.598342884346,40
35.0,1.1,0.8,40,0.003955696202531648,4.718079479258775,1311.006227559974,40,0.02658227848101265,16.08202658085629,22858.478913510102,40
35.0,1.1,0.9,40,0.00680379746835443,5.446384268877665,1907.6639442939895,40,0.025158227848101268,13.93286154502517,21193.363795040044,40
35.0,1.1,1.0,40,0.010337552742616036,5.977081248949343,2427.2089598335156,30,0.02742616033755274,12.14991695147382,15864.123424018902,30
35.0,1.2,0.0,40,0.0,0.0,0.0,10,0.0,0.0,0.0,10
35.0,1.2,0.1,40,0.0,0.0,0.0,40,0.004430379746835444,5.8416607227739625,2546.62353041122,40
35.0,1.2,0.2,40,0.00015822784810126583,1.0000000000000002,16.528236616115763,40,0.007436708860759496,7.5508862738652835,5014.08404276795,40
35.0,1.2,0.3,40,0.0,0.0,0.0,40,0.011075949367088606,11.600752768192777,14292.666339671552,40
35.0,1.2,0.4,40,0.00031645569620253165,1.432700798822758,46.39892454053165,40,0.017405063291139243,15.75970878705034,23750.689512087447,40
35.0,1.2,0.5,40,0.000949367088607595,2.6234238965856185,260.06879995188456,40,0.018987341772151896,16.1245154965971,24183.2199777892,40
35.0,1.2,0.6,40,0.0025316455696202536,4.000000000000002,839.613902712208,40,0.021360759493670885,16.2400247676132,24283.915557654207,40
35.0,1.2,0.7,40,0.005537974683544306,6.073869597866908,2529.6883161765877,40,0.02468354430379747,13.85535541898539,20962.41630195971,40
35.0,1.2,0.8,40,0.00838607594936709,4.576313974039448,1208.1505466785318,40,0.029113924050632907,14.118545723031577,21554.62997479083,40
35.0,1.2,0.9,40,0.015822784810126583,6.195629650943766,2662.6156540979246,40,0.02563291139240506,13.42845736599867,19681.07956411431,40
35.0,1.2,1.0,40,0.02405063291139241,5.05930598176419,1577.00717931344,30,0.01856540084388186,5.346639883591052,1982.2147378697305,30
35.0,1.3,0.0,40,0.0,0.0,0.0,10,0.0,0.0,0.0,10
35.0,1.3,0.1,40,0.0,0.0,0.0,40,0.005221518987341774,6.182857169001826,2986.2421628715465,40
35.0,1.3,0.2,40,0.00015822784810126583,1.0000000000000002,16.528236616115763,40,0.008544303797468355,9.0,7832.245859838717,40
35.0,1.3,0.3,40,0.00015822784810126583,1.0000000000000004,16.528236616115773,40,0.013924050632911392,12.75633716750363,17667.48560486951,40
35.0,1.3,0.4,40,0.0014240506329113924,2.6825174318556755,276.8832212074307,40,0.021044303797468356,16.07115169753126,24132.460260753654,40
35.0,1.3,0.5,40,0.0028481012658227852,3.635598055582783,645.8963809074664,40,0.02325949367088608,18.034991076410495,24944.839302184497,40
35.0,1.3,0.6,40,0.007753164556962025,6.002404289348521,2453.8352630013383,40,0.02768987341772152,16.99544714622481,24624.815530439453,40
35.0,1.3,0.7,40,0.016139240506329117,8.905682489840489,6681.3690821084765,40,0.028797468354430377,12.905795860271601,18115.340045321253,40
35.0,1.3,0.8,40,0.025316455696202538,7.840780095903424,4852.611234181525,40,0.02072784810126582,6.533477790310602,3464.5061666386428,40
35.0,1.3,0.9,40,0.03971518987341773,9.288458759823405,7423.18950959856,40,0.0120253164556962,3.6722788815540732,669.1424788929489,40
35.0,1.3,1.0,40,0.06067219554779572,7.579044776763103,4452.446500555313,29,-0.01593190746398952,-3.414795968992411,-565.9268095219378,29
35.0,1.4,0.0,40,0.0,0.0,0.0,10,0.0,0.0,0.0,10
35.0,1.4,0.1,40,0.0,0.0,0.0,40,0.0063291139240506345,6.773651374345781,3797.867657871206,40
35.0,1.4,0.2,40,0.0,0.0,0.0,40,0.009651898734177215,9.29687069102407,8467.51811124466,40
35.0,1.4,0.3,40,0.00031645569620253165,1.4327007988227585,46.398924540531695,40,0.016930379746835443,14.543601444120336,22187.200443178648,40
35.0,1.4,0.4,40,0.004113924050632913,4.75914745895549,1341.6282141268543,40,0.02531645569620252,16.12451549659709,24169.09493512431,40
35.0,1.4,0.5,40,0.010917721518987344,7.182745370969553,3884.238197111993,40,0.029430379746835444,15.246899787686953,23119.78294005618,40
35.0,1.4,0.6,40,0.01977848101265823,9.569038162735053,7994.646657139308,40,0.02658227848101266,11.382412838844774,13681.223388827057,40
35.0,1.4,0.7,40,0.03702531645569621,9.286194232698927,7418.674741268347,40,0.016930379746835443,5.102363060222275,1735.0558912010983,40
35.0,1.4,0.8,40,0.06835443037974684,12.291381011115547,14787.317169056341,40,-0.0058544303797468345,-1.6165502745877371,-64.82861291255428,40
35.0,1.4,0.9,40,0.08955696202531646,14.482942525693408,21714.313541762865,40,-0.03544303797468354,-7.754340301426322,-5346.9805603006935,40
35.0,1.4,1.0,40,0.1224356176342209,13.122774961871217,17276.00297807109,29,-0.03862941946748144,-8.479541435173228,-6593.795312911848,29
35.0,1.5,0.0,40,0.0,0.0,0.0,10,0.0,0.0,0.0,10
35.0,1.5,0.1,40,0.0,0.0,0.0,40,0.007594936708860761,7.456806313432022,4855.621597002133,40
35.0,1.5,0.2,40,0.0012658227848101268,1.5374122295716153,56.81479491705837,40,0.014082278481012655,8.342183481014297,6470.228393587533,40
35.0,1.5,0.3,40,0.0015822784810126584,2.911745330478822,348.67799893984903,40,0.02009493670886076,18.95365413686554,25825.07206837019,40
35.0,1.5,0.4,40,0.00917721518987342,9.066587424097174,5206.837400023277,40,0.03164556962025316,18.179892039730902,25555.784233775426,40
35.0,1.5,0.5,40,0.020253164556962022,6.932370570941226,3549.433755271306,40,0.024683544303797468,11.898436551193122,15139.18520711365,40
35.0,1.5,0.6,40,0.03908227848101265,9.672695980976734,8211.352919147883,40,0.014240506329113922,4.101351760332296,923.5143745459138,40
35.0,1.5,0.7,40,0.077373417721519,12.174475410603417,14451.498100531117,40,-0.02373417721518987,-5.339360629309893,-2010.7699582862617,40
35.0,1.5,0.8,40,0.1180379746835443,14.641530732405732,22263.60464788017,40,-0.034335443037974686,-9.18866510243816,-7850.979196706395,40
35.0,1.5,0.9,40,0.0901898734177215,18.892654508199666,39466.58824859692,40,-0.03734177215189873,-12.645338810786207,-9853.682153658277,40
35.0,1.5,1.0,40,0.06438236577913575,10.299155797155235,9590.760774958617,29,-0.025971191619380187,-7.980340443930193,-5725.820913621564,29
35.0,1.6,0.0,40,0.0,0.0,0.0,10,0.0,0.0,0.0,10
35.0,1.6,0.1,40,0.0,0.0,0.0,40,0.008860759493670888,8.787042802451872,7379.695417756783,40
35.0,1.6,0.2,40,0.004588607594936709,1.074679037165839,20.310792485636004,40,0.01518987341772152,13.739472669782401,20616.33196779057,40
35.0,1.6,0.3,40,0.0028481012658227852,3.250418033315769,473.8195643727598,40,0.024367088607594938,18.033840669216875,25472.737282799368,40
35.0,1.6,0.4,40,0.018829113924050633,7.94057590778096,5010.615623401154,40,0.026582278481012654,11.224972160321826,13246.427550286597,40
35.0,1.6,0.5,40,0.04224683544303798,10.016533911871152,8953.769128226515,40,0.0031645569620253186,1.0157490003667409,15.287527559566545,40
35.0,1.6,0.6,40,0.08781645569620253,16.95770427536829,31159.100861521532,40,-0.022151898734177222,-5.740058872700609,-2452.5332258661547,40
35.0,1.6,0.7,40,0.12246835443037976,15.66226078835345,25991.314482763388,40,-0.03955696202531646,-9.540409712152208,-8477.234555815698,40
35.0,1.6,0.8,40,0.0727848101265823,12.389691855962942,15071.02901056626,40,-0.02848101265822785,-10.437003137048427,-9414.021746646427,40
35.0,1.6,0.9,40,0.024841772151898735,7.743755797538552,4702.549787718055,40,-0.020094936708860762,-10.68367870846841,-9536.355899822225,40
35.0,1.6,1.0,40,0.0122217372326495,3.220914639556893,461.9965352217629,29,-0.013094718463553033,-7.620007620011429,-5125.2296353524935,29
35.0,1.7,0.0,40,0.0,0.0,0.0,10,0.0,0.0,0.0,10
35.0,1.7,0.1,40,0.0,0.0,0.0,40,0.010443037974683543,9.495892507936944,8908.975542637729,40
35.0,1.7,0.2,40,0.006962025316455694,1.160494108275637,25.31280639440856,40,0.017246835443037973,10.764233236942369,12015.901612659665,40
35.0,1.7,0.3,40,0.007594936708860761,6.000000000000003,2451.306797587657,40,0.030696202531645567,18.173852890702324,25518.688472367598,40
35.0,1.7,0.4,40,0.043354430379746844,8.508555097122397,5959.7551767538425,40,0.013291139240506327,4.568651093652695,1263.2734281875923,40
35.0,1.7,0.5,40,0.10000000000000002,14.352994942421654,21267.402122493433,40,-0.027848101265822784,-7.902633289178092,-5594.620720588104,40
35.0,1.7,0.6,40,0.11487341772151902,23.004190294038555,43768.762422496744,40,-0.037816455696202525,-13.425749455521311,-10238.050925523004,40
35.0,1.7,0.7,40,0.06139240506329113,12.655855080975035,15854.511538815765,40,-0.025158227848101268,-10.030868775976352,-9084.200426320827,40
35.0,1.7,0.8,40,0.016297468354430376,5.20518044616889,1697.1048042803934,40,-0.01613924050632911,-8.769605999467611,-7115.3581577581235,40
35.0,1.7,0.9,40,0.0018987341772151891,0.7739354683789964,7.747752539204717,40,-0.013607594936708859,-9.798978179832911,-8895.368040366064,40
35.0,1.7,1.0,40,-0.0008729812309035357,-0.3902273213635165,-0.7091767565391722,29,-0.012658227848101267,-7.015135152805055,-4170.817219143079,29
35.0,1.8,0.0,40,0.0,0.0,0.0,10,0.0,0.0,0.0,10
35.0,1.8,0.1,40,0.00015822784810126583,1.0000000000000004,16.528236616115773,40,0.012816455696202534,12.200549296706333,16012.183138099921,40
35.0,1.8,0.2,40,0.008069620253164558,1.7112750036310604,77.23561490723037,40,0.021677215189873415,14.277269851739222,21801.558754988284,40
35.0,1.8,0.3,40,0.0189873417721519,9.252554031053318,7351.618239799538,40,0.027689873417721528,11.66666666666667,14478.8332450353,40
35.0,1.8,0.4,40,0.08449367088607593,12.732064832517256,16081.907205335003,40,-0.023575949367088605,-5.633837925442378,-2330.559489572941,40
35.0,1.8,0.5,40,0.11882911392405063,17.63118072894575,33967.3530050491,40,-0.049525316455696196,-11.68335125948439,-10072.576168077994,40
35.0,1.8,0.6,40,0.05047468354430379,12.345561173109205,14943.212588329925,40,-0.0254746835443038,-10.598906321016765,-9536.820455951383,40
35.0,1.8,0.7,40,0.014556962025316455,5.883516959445306,2329.987692067298,40,-0.015822784810126583,-9.776923610938036,-8877.119627079233,40
35.0,1.8,0.8,40,-0.0017405063291139242,-0.8331102314482676,-6.5154963124171,40,-0.013924050632911392,-8.053941853616978,-5851.517175251488,40
35.0,1.8,0.9,40,-0.004746835443037975,-2.422718559261744,-139.84181853941215,40,-0.012341772151898736,-7.948114490975916,-5671.2520851131,40
35.0,1.8,1.0,40,-0.004801396769969446,-2.8555264466653605,-166.2728050682793,29,-0.010257529463116545,-7.0569343245627305,-4234.281393340942,29
35.0,1.9,0.0,40,0.0,0.0,0.0,10,0.0,0.0,0.0,10
35.0,1.9,0.1,40,0.0006329113924050633,2.081665999466132,135.19566160744802,40,0.014082278481012659,14.07664805718954,21476.499674912975,40
35.0,1.9,0.2,40,0.009810126582278481,3.726426460861726,691.3334552009355,40,0.027531645569620254,14.07060380183056,21474.805897616785,40
35.0,1.9,0.3,40,0.03417721518987342,9.198699442234833,7244.9607314442,40,0.010759493670886076,3.2825804800538543,481.82558738068514,40
35.0,1.9,0.4,40,0.11772151898734173,15.87471964932654,26801.43501179785,40,-0.0425632911392405,-8.333224406056628,-6334.505410386047,40
35.0,1.9,0.5,40,0.05791139240506328,10.51574529749548,10099.840115030927,40,-0.03259493670886076,-9.86561073777786,-8949.680850998311,40
35.0,1.9,0.6,40,0.011392405063291141,4.02234475926119,852.4124471871644,40,-0.015348101265822789,-10.341741516988183,-9336.912612815968,40
35.0,1.9,0.7,40,-0.0012658227848101266,-0.7082426964267267,-4.051655812105095,40,-0.011075949367088608,-8.81379185307143,-7195.2557837213235,40
35.0,1.9,0.8,40,-0.0033227848101265818,-1.9773093375627446,-79.35200942727627,40,-0.009651898734177215,-7.003089165317279,-4152.628017808174,40
35.0,1.9,0.9,40,-0.005063291139240508,-2.9803627761700553,-172.51376366340884,40,-0.010601265822784811,-8.938937843347476,-6047.955323281995,40
35.0,1.9,1.0,40,-0.006329113924050634,-3.561951712193752,-196.10242923810836,29,-0.011567001309471848,-9.817701100663069,-6125.406100882496,29
35.0,2.0,0.0,40,0.0,0.0,0.0,10,0.0,0.0,0.0,10
35.0,2.0,0.1,40,0.0006329113924050633,2.081665999466132,135.19566160744802,40,0.016455696202531643,16.318793775982044,21996.375625787536,40
35.0,2.0,0.2,40,0.017246835443037973,6.5747866702506705,3101.2926376288156,40,0.024999999999999994,9.869070849060183,9772.741723722582,40
35.0,2.0,0.3,40,0.0653481012658228,12.23599557352289,14628.043386563468,40,-0.02246835443037974,-6.0011447891211835,-2767.0542317136164,40
35.0,2.0,0.4,40,0.08164556962025317,11.847128555785199,13532.547214216453,40,-0.037816455696202525,-9.841827025416876,-8930.313214949509,40
35.0,2.0,0.5,40,0.017721518987341766,5.154098012740428,1654.4465956842616,40,-0.018354430379746833,-7.80074207972768,-5424.2741380156685,40
35.0,2.0,0.6,40,-0.0037974683544303813,-1.6690459207925608,-49.04014341212485,40,-0.01408227848101266,-8.195785912214394,-6095.0954482126535,40
35.0,2.0,0.7,40,-0.0042721518987341766,-2.4885273677479405,-147.7261509137053,40,-0.0120253164556962,-8.630878489010462,-6864.88983484603,40
35.0,2.0,0.8,40,-0.004905063291139241,-2.6544772168885267,-156.05172872266695,40,-0.009493670886075948,-6.244997998398396,-3078.8460316990772,40
35.0,2.0,0.9,40,-0.00838607594936709,-6.13461158447211,-259.9835217589863,40,-0.010917721518987344,-9.45048614155316,-6091.271372271823,40
35.0,2.0,1.0,40,-0.005237887385421214,-3.398971696850172,-192.67094211070426,29,-0.009384548232213009,-6.923657778734952,-4033.248980072592,29
36.0,1.1,0.0,40,,0.0,0.0,0,,0.0,0.0,0
36.0,1.1,0.1,40,0.0,0.0,0.0,40,0.0025316455696202536,4.638668060910411,1320.0074862262677,40
36.0,1.1,0.2,40,0.0,0.0,0.0,40,0.006487341772151901,6.036713689867171,2792.8887358472048,40
36.0,1.1,0.3,40,0.0,0.0,0.0,40,0.0071202531645569635,7.809260911543167,5465.4493718293415,40
36.0,1.1,0.4,40,0.0,0.0,0.0,40,0.012500000000000002,12.186245359459647,15970.351197072076,40
36.0,1.1,0.5,40,0.00031645569620253165,1.4327007988227582,46.398924540531674,40,0.014715189873417722,12.887251094321648,18060.007174226423,40
36.0,1.1,0.6,40,0.0007911392405063292,2.3603873774083293,192.9981498657687,40,0.01819620253164557,14.37788047292742,21952.14716944931,40
36.0,1.1,0.7,40,0.0014240506329113924,2.966385493649794,367.3006367939558,40,0.018670886075949363,15.312462329445038,23203.408437162154,40
36.0,1.1,0.8,40,0.0020569620253164562,3.339503595440406,510.73349556469407,40,0.022626582278481015,13.237772806358901,19107.774375901623,40
36.0,1.1,0.9,40,0.005063291139240507,5.730803195291034,2176.711622115393,40,0.02816455696202531,21.02246907498221,23811.346107221518,40
36.0,1.1,1.0,40,0.011814345991561186,6.423640548375732,2921.7174044119524,30,0.028481012658227847,17.816633588656202,22587.877168642804,30
36.0,1.2,0.0,40,0.0,0.0,0.0,10,0.0,0.0,0.0,10
36.0,1.2,0.1,40,0.0,0.0,0.0,40,0.0034810126582278493,5.4478661219801365,2090.469206824994,40
36.0,1.2,0.2,40,0.00031645569620253165,1.0000000000000002,16.528236616115763,40,0.007911392405063293,7.017294652672374,4156.911011866159,40
36.0,1.2,0.3,40,0.0,0.0,0.0,40,0.008702531645569622,8.06225774829855,5930.152854056779,40
36.0,1.2,0.4,40,0.0,0.0,0.0,40,0.015189873417721517,15.887243133471037,23907.596845415792,40
36.0,1.2,0.5,40,0.0014240506329113924,3.3649042549768464,521.5510530796998,40,0.019462025316455696,16.41028887659313,24393.179881891025,40
36.0,1.2,0.6,40,0.0028481012658227852,3.9842655357413714,830.6422221230793,40,0.021044303797468356,18.077560673532755,24890.893211239196,40
36.0,1.2,0.7,40,0.005063291139240508,5.551109331909692,2004.1353580656735,40,0.024367088607594935,16.29348372633362,24321.385233349592,40
36.0,1.2,0.8,40,0.009018987341772151,6.737941576044776,3301.409333141869,40,0.025632911392405068,11.795774397547909,14846.455715960783,40
36.0,1.2,0.9,40,0.017405063291139243,7.108067618394323,3782.5781406888036,40,0.031962025316455686,12.567230871693784,17098.737902586567,40
36.0,1.2,1.0,40,0.025316455696202535,9.56968899016165,4658.666694467158,30,0.02805907172995781,9.307930018149388,8491.715549474033,30
36.0,1.3,0.0,40,0.0,0.0,0.0,10,0.0,0.0,0.0,10
36.0,1.3,0.1,40,0.0,0.0,0.0,40,0.004905063291139243,7.027051062879524,4171.6738231061345,40
36.0,1.3,0.2,40,0.0006329113924050634,1.0,16.528236616115752,40,0.008860759493670885,7.851443261612646,5541.510245550203,40
36.0,1.3,0.3,40,0.00015822784810126583,1.0000000000000002,16.528236616115763,40,0.011708860759493674,9.50474100240731,8928.863733659095,40
36.0,1.3,0.4,40,0.0004746835443037975,1.7782469350914576,86.24219619933204,40,0.018354430379746836,16.96203190410245,24403.83405866911,40
36.0,1.3,0.5,40,0.0036392405063291147,4.47332865472148,1136.2054646360616,40,0.02515822784810127,16.10997183172763,24170.120987218466,40
36.0,1.3,0.6,40,0.009493670886075948,8.062257748298547,4666.403913397037,40,0.026582278481012654,16.393119745795794,24386.644511156337,40
36.0,1.3,0.7,40,0.012816455696202534,7.524820624172994,4371.7146648771995,40,0.026740506329113935,14.258320017603845,21772.92199134558,40
36.0,1.3,0.8,40,0.023575949367088612,8.026664210220007,5149.1413519558555,40,0.024208860759493668,9.923398770928456,9902.124040522196,40
36.0,1.3,0.9,40,0.033860759493670886,7.078689443495833,3743.034249551879,40,0.012658227848101267,3.707356658330903,687.9596485489747,40
36.0,1.3,1.0,40,0.0543430816237451,7.619785897500391,4513.609642665379,29,-0.0030554343081623746,-0.5935035550298914,-3.4197724580738162,29
36.0,1.4,0.0,40,0.0,0.0,0.0,10,0.0,0.0,0.0,10
36.0,1.4,0.1,40,0.0,0.0,0.0,40,0.005854430379746839,6.58574636921607,3535.242029630857,40
36.0,1.4,0.2,40,0.0014240506329113926,1.1198522558935056,22.85255774018423,40,0.0125,10.157700987915439,10470.82688716547,40
36.0,1.4,0.3,40,0.0006329113924050633,1.6690459207925608,71.89658016992784,40,0.01629746835443038,12.735450111147085,17604.73326194325,40
36.0,1.4,0.4,40,0.0026898734177215203,4.226360563571478,974.6279868147259,40,0.022151898734177215,14.412404077888873,22003.066313028707,40
36.0,1.4,0.5,40,0.008860759493670888,6.197746388931025,2664.9538853482036,40,0.02848101265822785,14.609789387460244,22277.391067823723,40
36.0,1.4,0.6,40,0.016455696202531643,7.7057367187296455,4644.170104615686,40,0.028322784810126587,12.756543099441043,17668.103520477565,40
36.0,1.4,0.7,40,0.03512658227848102,10.989256559869183,11263.54964793918,40,0.020411392405063292,8.30962048057072,6406.1395223891295,40
36.0,1.4,0.8,40,0.06250000000000001,11.183188896912103,11757.74923949907,40,0.00031645569620253176,0.07260153280208013,0.008500407800275599,40
36.0,1.4,0.9,40,0.0865506329113924,16.64645850476529,29871.97415831172,40,-0.028797468354430374,-7.071166339759783,-4255.992226420753,40
36.0,1.4,1.0,40,0.11130510694020081,14.089611261674234,20378.182449429583,29,-0.03710170231340027,-7.139328934618737,-4360.619216589432,29
36.0,1.5,0.0,40,0.0,0.0,0.0,10,0.0,0.0,0.0,10
36.0,1.5,0.1,40,0.0,0.0,0.0,40,0.006645569620253167,6.56545985882899,3507.641659946696,40
36.0,1.5,0.2,40,0.0030063291139240506,1.1866089516266125,26.97831764445796,40,0.014082278481012659,13.405541819837815,19611.94965498497,40
36.0,1.5,0.3,40,0.0014240506329113924,2.9663854936497946,367.30063679395596,40,0.02056962025316455,14.39667152307769,21979.96096969652,40
36.0,1.5,0.4,40,0.008069620253164558,6.296037943551122,2774.9116269927163,40,0.030221518987341767,19.99409156895817,26222.28649903602,40
36.0,1.5,0.5,40,0.020094936708860762,6.926568217064985,3541.885571588087,40,0.027848101265822784,9.631030929072795,9216.459218141612,40
36.0,1.5,0.6,40,0.03844936708860759,11.896835445894752,13670.507938199276,40,0.017563291139240506,5.255247063877843,1887.4101267988042,40
36.0,1.5,0.7,40,0.07278481012658228,16.998516989194464,26385.100028044984,40,-0.014715189873417722,-4.232320620716975,-1046.379793676474,40
36.0,1.5,0.8,40,0.10727848101265824,14.793727975776116,22799.74423853485,40,-0.03544303797468354,-7.110536929646223,-4316.2905034067,40
36.0,1.5,0.9,40,0.09683544303797469,17.269989341407705,32452.439876260385,40,-0.03765822784810126,-11.635965160525574,-9704.474539065544,40
36.0,1.5,1.0,40,0.05128764731558271,8.94305745319526,6751.661480603316,29,-0.02793539938891314,-7.784685029207219,-5397.495226155057,29
36.0,1.6,0.0,40,0.0,0.0,0.0,10,0.0,0.0,0.0,10
36.0,1.6,0.1,40,0.0,0.0,0.0,40,0.007753164556962027,6.9137101069232525,4001.6341599860866,40
36.0,1.6,0.2,40,0.0004868549172346641,1.3559902939989483,39.59300481019027,39,0.01639078221356702,16.29433887741552,22936.312813754885,39
36.0,1.6,0.3,40,0.0037974683544303818,5.352855427198631,1824.1301528136719,40,0.025474683544303788,14.453744336900334,22063.26360042236,40
36.0,1.6,0.4,40,0.01819620253164557,8.06225774829855,5206.787458475716,40,0.029588607594936717,13.657949987689559,20372.548995852172,40
36.0,1.6,0.5,40,0.041613924050632925,9.98980465069498,8894.684364392217,40,0.013449367088607597,3.9548871525841647,830.6683464620006,40
36.0,1.6,0.6,40,0.08702531645569618,14.871969542237562,23076.73852535248,40,-0.01977848101265823,-4.670549493969845,-1383.6861784080481,40
36.0,1.6,0.7,40,0.10221518987341774,16.001445328338598,26112.256876043357,40,-0.044620253164556964,-11.11235672797132,-9861.214897746442,40
36.0,1.6,0.8,40,0.07452531645569622,14.211291522642156,20786.847276651246,40,-0.029746835443037977,-10.675033920618203,-9590.91988427769,40
36.0,1.6,0.9,40,0.03560126582278481,8.283371806189976,5572.505451301848,40,-0.024367088607594935,-10.566544326567294,-9513.412079837388,40
36.0,1.6,1.0,40,0.00960279353993889,2.7608055426078972,300.2315256639359,29,-0.015931907463989526,-7.958188701103846,-5688.283620177712,29
36.0,1.7,0.0,40,0.0,0.0,0.0,10,0.0,0.0,0.0,10
36.0,1.7,0.1,40,0.0,0.0,0.0,40,0.010443037974683543,9.116660733811516,8078.283799324917,40
36.0,1.7,0.2,40,0.0011359948068808828,2.4830551572422395,222.687259979451,39,0.01996105160662123,18.083707524058774,23752.037767360125,39
36.0,1.7,0.3,40,0.009335443037974685,5.769091970344614,2214.5628334576663,40,0.026898734177215194,13.91617022799136,21143.590498195797,40
36.0,1.7,0.4,40,0.03433544303797469,9.623204835318962,8107.471744119389,40,0.019620253164556962,7.24510846286344,4511.087002517181,40
36.0,1.7,0.5,40,0.08291139240506329,14.648592971682161,22288.13393332509,40,-0.015822784810126587,-4.15043954418011,-989.7089659109085,40
36.0,1.7,0.6,40,0.11518987341772155,20.460004770384298,42084.592960121394,40,-0.03465189873417722,-11.212166708710603,-9900.430626842786,40
36.0,1.7,0.7,40,0.05458860759493671,12.993451705918737,16877.671110318657,40,-0.029272151898734194,-13.63933132103688,-10497.77189351793,40
36.0,1.7,0.8,40,0.020727848101265822,5.178333402205,1674.5948484776338,40,-0.018829113924050626,-10.189767380959179,-9213.94399812564,40
36.0,1.7,0.9,40,0.003006329113924051,1.0979512949033596,21.592874989601036,40,-0.01629746835443038,-9.534899294090676,-8467.348841692403,40
36.0,1.7,1.0,40,-0.0008729812309035359,-0.4203048315443905,-0.8791680178222042,29,-0.011348756001745964,-5.909526988270065,-2654.3116314275926,29
36.0,1.8,0.0,40,0.0,0.0,0.0,10,0.0,0.0,0.0,10
36.0,1.8,0.1,40,0.0,0.0,0.0,40,0.013291139240506327,10.567961874544123,11506.917479592756,40
36.0,1.8,0.2,40,0.0037325543654657587,4.903616476179041,1452.7196142451212,39,0.023206751054852325,18.7513136794701,23980.744274375145,39
36.0,1.8,0.3,40,0.014556962025316455,5.206763013382649,1698.4355201080907,40,0.027056962025316454,10.899721918938985,12371.885077376932,40
36.0,1.8,0.4,40,0.0666139240506329,11.891954619332456,13656.953339964546,40,-0.011234177215189873,-2.4709813082525978,-222.04090004134773,40
36.0,1.8,0.5,40,0.11139240506329114,19.25319418552425,34522.504130582754,40,-0.033386075949367086,-10.523387891263642,-9480.466164677588,40
36.0,1.8,0.6,40,0.05886075949367089,16.758832038378785,30334.750090458634,40,-0.02753164556962025,-10.070022789605158,-9116.373308045722,40
36.0,1.8,0.7,40,0.011867088607594937,4.137464320417903,920.2196796836802,40,-0.018670886075949363,-9.922067610673485,-8995.463660045521,40
36.0,1.8,0.8,40,0.002056962025316455,0.9059220759096611,12.368032174166096,40,-0.013449367088607597,-9.603855608722547,-8590.414287433317,40
36.0,1.8,0.9,40,-0.002373417721518988,-1.0236020682031912,-11.925214997458436,40,-0.012341772151898732,-8.0341355514305,-5817.6702097324,40
36.0,1.8,1.0,40,-0.008293321693583587,-3.1761335537564226,-182.0902910569681,29,-0.0122217372326495,-6.0817236948296785,-2868.073594403653,29
36.0,1.9,0.0,40,0.0,0.0,0.0,10,0.0,0.0,0.0,10
36.0,1.9,0.1,40,0.00015822784810126583,0.5724780279075996,3.201372896584073,40,0.01534810126582278,11.00299890136732,12646.044908975353,40
36.0,1.9,0.2,40,0.007951963648166178,6.170842635441745,2635.2726299107217,39,0.02661473547549497,17.030119542245007,23291.16995315313,39
36.0,1.9,0.3,40,0.036708860759493665,9.746831490949333,8367.82788289503,40,0.013924050632911389,3.7944919734246945,736.1560815910462,40
36.0,1.9,0.4,40,0.10411392405063291,20.09014725273037,28178.39804426473,40,-0.0370253164556962,-10.280860848305522,-9287.526783578545,40
36.0,1.9,0.5,40,0.06629746835443039,14.48364609367387,21716.738720529393,40,-0.025791139240506335,-10.931639841541957,-9681.74986946,40
36.0,1.9,0.6,40,0.01566455696202532,5.028123828500822,1551.824894209127,40,-0.019620253164556956,-10.217550033682622,-9236.383913299014,40
36.0,1.9,0.7,40,0.0003164556962025319,0.12492494745645816,0.0355839577806422,40,-0.01455696202531646,-9.066157903075926,-7635.216395436373,40
36.0,1.9,0.8,40,-0.0034810126582278484,-1.7179113807746667,-53.2554645971665,40,-0.01139240506329114,-6.64694051288397,-3629.972135108718,40
36.0,1.9,0.9,40,-0.004430379746835444,-2.5849213105659885,-152.67969482128785,40,-0.00981012658227848,-7.027051062879518,-4188.8367735768425,40
36.0,1.9,1.0,40,-0.0076385857704059385,-3.360107525161236,-191.11109720553966,29,-0.011567001309471846,-5.677536986185839,-2380.3701945391517,29
36.0,2.0,0.0,40,0.0,0.0,0.0,10,0.0,0.0,0.0,10
36.0,2.0,0.1,40,0.00015822784810126583,0.5724780279075996,3.201372896584073,40,0.017088607594936706,11.607931591346661,14312.928108107566,40
36.0,2.0,0.2,40,0.016947512698540678,5.411989838149841,1876.6544006198737,40,0.02848101265822784,11.472793905583766,13933.099294359443,40
36.0,2.0,0.3,40,0.06439873417721517,11.641249079028805,12967.99674293304,40,-0.02468354430379747,-5.567060535812809,-2255.6338001114254,40
36.0,2.0,0.4,40,0.08243670886075949,11.191617322790776,11779.428209738315,40,-0.03465189873417721,-11.122819378198784,-9743.388484690076,40
36.0,2.0,0.5,40,0.01819620253164557,5.64687272399963,2095.1320639456103,40,-0.0194620253164557,-10.62050224163872,-9552.206940512937,40
36.0,2.0,0.6,40,0.0012658227848101264,0.5273280443046438,2.5196547055540437,40,-0.015664556962025317,-9.776688903277934,-8876.924040746417,40
36.0,2.0,0.7,40,-0.004113924050632912,-2.1767677315251963,-103.82903830149378,40,-0.012974683544303797,-8.736139862509212,-7054.697722014489,40
36.0,2.0,0.8,40,-0.0056962025316455705,-2.8137685109267085,-164.19151111430418,40,-0.012183544303797467,-8.356865997628871,-6375.9993738902685,40
36.0,2.0,0.9,40,-0.004905063291139241,-3.583248682445396,-198.19125734743304,40,-0.009651898734177215,-7.305627670513272,-4620.567459770806,40
36.0,2.0,1.0,40,-0.007856831078131822,-4.672679639997863,-216.91339655440984,29,-0.01113051069402008,-7.614727600716984,-5116.591210378645,29
37.0,1.1,0.0,40,,0.0,0.0,0,,0.0,0.0,0
37.0,1.1,0.1,40,0.0,0.0,0.0,40,0.0012658227848101266,3.1224989991991987,416.4220409130532,40
37.0,1.1,0.2,40,0.0,0.0,0.0,40,0.004588607594936711,5.413962685233856,2053.8257698519737,40
37.0,1.1,0.3,40,0.0,0.0,0.0,40,0.004746835443037977,6.110681265776749,2889.9162890165376,40
37.0,1.1,0.4,40,0.0,0.0,0.0,40,0.007594936708860761,10.01427552475537,10120.682583869322,40
37.0,1.1,0.5,40,0.0,0.0,0.0,40,0.009810126582278481,10.217550033682626,10618.903584200416,40
37.0,1.1,0.6,40,0.0,0.0,0.0,40,0.014398734177215192,12.463684621468662,16789.105664677907,40
37.0,1.1,0.7,40,0.0012658227848101266,3.1224989991991987,423.85619146782034,40,0.01518987341772152,10.36741306153646,10994.976589633028,40
37.0,1.1,0.8,40,0.0017405063291139242,3.84618037126132,754.2085393515848,40,0.02104430379746836,13.082102434933189,18641.535469507064,40
37.0,1.1,0.9,40,0.0033227848101265835,4.423409646531046,1102.3278189581627,40,0.020727848101265826,12.44835592265599,16743.659506131873,40
37.0,1.1,1.0,40,0.00717299578059072,5.778446006238354,2223.8754566683847,30,0.02573839662447257,12.002948013495944,15439.024755993834,30
37.0,1.2,0.0,40,0.0,0.0,0.0,10,0.0,0.0,0.0,10
37.0,1.2,0.1,40,0.0,0.0,0.0,40,0.0012658227848101266,3.1224989991991987,416.4220409130532,40
37.0,1.2,0.2,40,0.00015822784810126583,1.0000000000000002,16.528236616115763,40,0.005379746835443041,6.449062405036806,3352.2138077729915,40
37.0,1.2,0.3,40,0.0,0.0,0.0,40,0.006645569620253165,7.342707981498886,4668.086214518534,40
37.0,1.2,0.4,40,0.0,0.0,0.0,40,0.009493670886075948,10.816653826391963,12153.039962734189,40
37.0,1.2,0.5,40,0.0,0.0,0.0,40,0.013607594936708859,11.237836389850305,13281.645763029654,40
37.0,1.2,0.6,40,0.0014240506329113924,1.8540312810993471,97.13845971846011,40,0.018987341772151896,14.162324264449971,21626.861875631894,40
37.0,1.2,0.7,40,0.0034810126582278493,4.869657877017235,1426.165567918455,40,0.022626582278481012,12.029653978826632,15515.729090518873,40
37.0,1.2,0.8,40,0.00617088607594937,4.931635956792848,1474.8034736538152,40,0.026898734177215188,17.74351718895205,23153.131679805643,40
37.0,1.2,0.9,40,0.011550632911392408,5.738601579708718,2184.384361776359,40,0.030221518987341774,11.499520108634021,14007.813357417945,40
37.0,1.2,1.0,40,0.014345991561181435,5.191199577618105,1685.3499060014622,30,0.029957805907173,9.683543104453301,9337.845151982108,30
37.0,1.3,0.0,40,0.0,0.0,0.0,10,0.0,0.0,0.0,10
37.0,1.3,0.1,40,0.0,0.0,0.0,40,0.002215189873417722,4.149242848546736,955.1869614910946,40
37.0,1.3,0.2,40,0.00015822784810126583,1.0000000000000004,16.528236616115763,40,0.007120253164556965,6.992919904629949,4120.16809270682,40
37.0,1.3,0.3,40,0.00015822784810126583,1.0000000000000002,16.528236616115763,40,0.008544303797468355,8.754051815050733,7309.871432590189,40
37.0,1.3,0.4,40,0.0,0.0,0.0,40,0.011708860759493669,11.397592267187445,13723.368304102392,40
37.0,1.3,0.5,40,0.00189873417721519,3.364904254976848,521.5510530797005,40,0.0180379746835443,15.44756028128933,23369.68743360795,40
37.0,1.3,0.6,40,0.004272151898734177,4.520979134706177,1169.1957793924407,40,0.027215189873417717,16.949773470968026,24541.88523757415,40
37.0,1.3,0.7,40,0.008860759493670888,6.277106168902206,2753.5517414482383,40,0.030537974683544293,12.973556699863002,18317.664800100232,40
37.0,1.3,0.8,40,0.016297468354430387,6.595632318575841,3126.3275375345283,40,0.02800632911392406,9.265905369626942,8399.870352047874,40
37.0,1.3,0.9,40,0.03512658227848101,10.800886101061293,10792.73704717859,40,0.028322784810126584,7.215871016939366,4464.655570194268,40
37.0,1.3,1.0,40,0.047140986468790926,7.470516209753607,4291.972980537955,29,-0.008729812309035358,-1.5502179282065305,-57.35194245790616,29
37.0,1.4,0.0,40,0.0,0.0,0.0,10,0.0,0.0,0.0,10
37.0,1.4,0.1,40,0.0,0.0,0.0,40,0.0030063291139240515,4.693917750639146,1365.80551792693,40
37.0,1.4,0.2,40,0.0,0.0,0.0,40,0.008860759493670886,7.851443261612642,5541.5102455501965,40
37.0,1.4,0.3,40,0.0006329113924050633,2.0816659994661326,115.00116293971276,40,0.011075949367088611,10.479865753285992,11281.256759983704,40
37.0,1.4,0.4,40,0.000949367088607595,1.9639610121239308,114.51706350802941,40,0.01693037974683545,13.55263062255605,20056.900636437196,40
37.0,1.4,0.5,40,0.006803797468354434,6.208173781364848,2676.4929126976854,40,0.02563291139240507,13.524102857969469,19970.508288181547,40
37.0,1.4,0.6,40,0.01107594936708861,5.102491777879143,1612.0235940769844,40,0.03243670886075949,15.417680065210316,23333.332526923914,40
37.0,1.4,0.7,40,0.027848101265822784,8.524662742870946,5988.042568549236,40,0.027215189873417717,9.151645384323963,8152.953219649462,40
37.0,1.4,0.8,40,0.042721518987341764,8.167503795795914,5379.414651028482,40,0.0003164556962025323,0.05981897639287601,0.005641859398631612,40
37.0,1.4,0.9,40,0.09367088607594937,14.150884731278056,20583.63642091729,40,-0.014556962025316453,-3.51375854354478,-614.3964234623677,40
37.0,1.4,1.0,40,0.08642514185945002,8.45786520766131,5871.228186184577,29,-0.06612832824094282,-7.870035057855433,-4401.85534239284,29
37.0,1.5,0.0,40,0.0,0.0,0.0,10,0.0,0.0,0.0,10
37.0,1.5,0.1,40,0.0,0.0,0.0,40,0.003639240506329115,5.718017233067293,2397.3573144571956,40
37.0,1.5,0.2,40,0.0007911392405063292,1.2200613174429435,29.22269047491978,40,0.010443037974683544,8.077105381038775,5958.109895841131,40
37.0,1.5,0.3,40,0.0007911392405063292,1.7060034470053191,76.55736587901058,40,0.013132911392405064,11.98321915937866,15382.427038114298,40
37.0,1.5,0.4,40,0.003955696202531646,3.6646626128629785,660.2357776078312,40,0.02563291139240506,11.04106846953787,12747.584486301603,40
37.0,1.5,0.5,40,0.010759493670886073,5.549331668517669,2002.4747511326323,40,0.031012658227848093,11.372582616060257,13653.937357676354,40
37.0,1.5,0.6,40,0.026898734177215194,6.96107590936869,3586.912182419792,40,0.019778481012658222,5.421135926495692,2061.545647552494,40
37.0,1.5,0.7,40,0.061550632911392414,9.694056369598695,8256.253745297734,40,-0.015506329113924053,-2.9151257386981384,-358.2644080205551,40
37.0,1.5,0.8,40,0.10158227848101271,11.008714871880914,11312.60128358012,40,-0.043829113924050624,-5.806647266950948,-2530.6219928647656,40
37.0,1.5,0.9,40,0.08765822784810129,13.170581041610308,17423.5233059581,40,-0.04193037974683544,-8.74471580135461,-7070.244529923991,40
37.0,1.5,1.0,40,0.04692274116106504,5.445593903894841,1906.9489777430929,29,-0.0504146660846792,-7.069194433156785,-4252.983881803761,29
37.0,1.6,0.0,40,0.0,0.0,0.0,10,0.0,0.0,0.0,10
37.0,1.6,0.1,40,0.0,0.0,0.0,40,0.004905063291139242,6.125072776426133,2908.9765408218855,40
37.0,1.6,0.2,40,0.003955696202531645,1.0418753965889433,18.58205281291208,40,0.012341772151898734,10.49065314170274,11308.870167670546,40
37.0,1.6,0.3,40,0.00268987341772152,4.226360563571477,974.6279868147253,40,0.01661392405063291,13.932682398812695,21192.831813941128,40
37.0,1.6,0.4,40,0.010443037974683544,6.2972583069836,2776.289796475029,40,0.030379746835443033,13.459617019907387,19774.989300772766,40
37.0,1.6,0.5,40,0.027373417721518984,6.8124100039870585,3395.3069560956055,40,0.02199367088607595,5.641121126259399,2307.395396638951,40
37.0,1.6,0.6,40,0.06534810126582277,9.314655372639294,7475.526594357309,40,-0.031329113924050626,-5.426838306432261,-2103.0110437401418,40
37.0,1.6,0.7,40,0.094620253164557,12.285897915423497,14771.578036654919,40,-0.053481012658227856,-11.727442402201357,-10042.858091571632,40
37.0,1.6,0.8,40,0.07484177215189873,10.555578973927105,10194.801546127916,40,-0.041455696202531644,-8.721414756189018,-7028.047372297219,40
37.0,1.6,0.9,40,0.03591772151898733,7.435325393830449,4240.832217179576,40,-0.023417721518987345,-6.681414846260193,-3679.2176675136757,40
37.0,1.6,1.0,40,0.0045831514622435635,0.7985062994331553,8.505831931208157,29,-0.02728066346573548,-5.072996561958924,-1744.3931258591986,29
37.0,1.7,0.0,40,0.0,0.0,0.0,10,0.0,0.0,0.0,10
37.0,1.7,0.1,40,0.0,0.0,0.0,40,0.0064873417721519,7.274120766785639,4557.493592382528,40
37.0,1.7,0.2,40,0.010443037974683544,1.180987942825612,26.614424416529722,40,0.01566455696202532,11.85667441607892,15019.759917210415,40
37.0,1.7,0.3,40,0.00680379746835443,5.119829093385282,1626.196833757448,40,0.022626582278481015,13.996446543454272,21205.285710418146,40
37.0,1.7,0.4,40,0.02199367088607595,5.631615881499802,2080.4923827734187,40,0.0240506329113924,7.695301528539474,5263.54125243535,40
37.0,1.7,0.5,40,0.0648784568249617,10.0369991582031,8999.127319197416,40,-0.022476416995888093,-4.412749221731207,-1178.5034643143915,40
37.0,1.7,0.6,40,0.08496835443037973,11.326053508885616,12128.925675027,40,-0.06281645569620255,-9.352651315858164,-8141.185113129645,40
37.0,1.7,0.7,40,0.042088607594936704,8.063169459004651,5208.264573886631,40,-0.04414556962025316,-15.622256813623308,-10926.247301672054,40
37.0,1.7,0.8,40,0.017563291139240503,4.703654021974055,1300.3553692222924,40,-0.023892405063291135,-8.623068138569833,-6850.849488373943,40
37.0,1.7,0.9,40,0.007911392405063292,2.9016700569104996,345.31089160820886,40,-0.01424050632911392,-7.418547243603352,-4799.530862402086,40
37.0,1.7,1.0,40,-0.00894805761676124,-2.747323614534019,-160.76215330777524,29,-0.01964207769532955,-5.375101835800223,-2048.200005625317,29
37.0,1.8,0.0,40,0.0,0.0,0.0,10,0.0,0.0,0.0,10
37.0,1.8,0.1,40,0.0,0.0,0.0,40,0.007120253164556963,7.57867822488616,5061.464415657914,40
37.0,1.8,0.2,40,0.009810126582278481,1.2661379667935033,32.500793306826566,40,0.01772151898734177,10.721351053904195,11903.751841893058,40
37.0,1.8,0.3,40,0.013765822784810127,7.019430789809055,3663.896096580996,40,0.02990506329113924,13.834333726960274,20899.85174347119,40
37.0,1.8,0.4,40,0.05,8.86950208449667,6613.879159725726,40,-0.011075949367088608,-2.444506035193524,-215.2271873901127,40
37.0,1.8,0.5,40,0.08829113924050636,12.496820934287873,15384.264922611483,40,-0.05838607594936708,-10.68423629767311,-9597.39483111485,40
37.0,1.8,0.6,40,0.034335443037974686,6.467037415355789,2972.6692014142945,40,-0.04556962025316456,-10.12794858131465,-9163.81648957416,40
37.0,1.8,0.7,40,0.0058544303797468345,1.8204249483947097,92.19756611057845,40,-0.025474683544303788,-11.32720157944016,-9936.306724176495,40
37.0,1.8,0.8,40,0.00015822784810126602,0.052556971809505165,0.003881798958649216,40,-0.01471518987341772,-9.14763553720892,-7778.443541744384,40
37.0,1.8,0.9,40,-0.00189873417721519,-1.0000000000000002,-11.134859613640447,40,-0.010917721518987341,-6.883253472147238,-3973.126701769477,40
37.0,1.8,1.0,40,-0.008075076385857706,-3.1431483330092727,-180.47353691908393,29,-0.013967699694456569,-5.377527434717998,-2050.750356810421,29
37.0,1.9,0.0,40,0.0,0.0,0.0,10,0.0,0.0,0.0,10
37.0,1.9,0.1,40,0.00015822784810126583,1.0000000000000002,16.528236616115763,40,0.008544303797468351,9.561276401760809,9056.747722519951,40
37.0,1.9,0.2,40,0.009335443037974686,1.8705703622810712,99.63088751536634,40,0.02325949367088608,11.981014618670455,15376.103624719242,40
37.0,1.9,0.3,40,0.030063291139240507,8.532134039733272,6001.1750141188295,40,0.01772151898734177,4.505861609572747,1213.7509932082964,40
37.0,1.9,0.4,40,0.08433544303797468,12.520996501802113,15455.085687225213,40,-0.057278481012658235,-11.36096485233528,-9814.113029903405,40
37.0,1.9,0.5,40,0.04794303797468356,10.09841775080385,9135.81046708278,40,-0.04889240506329115,-11.967748691007223,-9964.37554493968,40
37.0,1.9,0.6,40,0.005696202531645569,2.033424882784388,126.46522859314128,40,-0.024683544303797465,-10.690874505290072,-9602.00784736954,40
37.0,1.9,0.7,40,-0.005221518987341772,-3.00254614940803,-173.62680100421017,40,-0.017246835443037976,-11.3466557309519,-9938.811379967083,40
37.0,1.9,0.8,40,-0.007120253164556961,-3.4041750724217636,-180.6117111462315,40,-0.01455696202531646,-9.450486141553162,-8315.870946655366,40
37.0,1.9,0.9,40,-0.0049050632911392415,-3.0461905798512428,-175.76412781473923,40,-0.010759493670886076,-8.499999999999998,-6630.300171103278,40
37.0,1.9,1.0,40,-0.005237887385421212,-2.4568125984113176,-145.36689519364444,29,-0.01003928415539066,-5.2890036833252925,-1958.7664336340872,29
37.0,2.0,0.0,40,0.0,0.0,0.0,10,0.0,0.0,0.0,10
37.0,2.0,0.1,40,0.00015822784810126583,1.0000000000000002,16.528236616115763,40,0.010601265822784811,11.55595282815703,14166.186698227204,40
37.0,2.0,0.2,40,0.013924050632911392,4.824413868425825,1391.192704011035,40,0.02705696202531645,9.949952896152093,9965.762968694793,40
37.0,2.0,0.3,40,0.048734177215189876,7.183491078506554,3885.2577463446837,40,-0.01962025316455696,-3.45815536738742,-586.8677449789924,40
37.0,2.0,0.4,40,0.07879746835443038,10.866189575127587,10954.682313159843,40,-0.057120253164556954,-11.559124987999013,-9866.243073117894,40
37.0,2.0,0.5,40,0.007278481012658229,2.106138707138939,139.74433547023884,40,-0.030379746835443044,-12.94765581272441,-10116.921143515983,40
37.0,2.0,0.6,40,-0.007753164556962025,-3.1563674693640706,-164.71762239290757,40,-0.019778481012658222,-10.417594200319426,-9398.514668172682,40
37.0,2.0,0.7,40,-0.00458860759493671,-2.7557429141757535,-161.20048441653162,40,-0.010759493670886074,-7.89117977440916,-5575.397439368706,40
37.0,2.0,0.8,40,-0.005537974683544305,-3.074254149491818,-177.1352653364544,40,-0.011234177215189874,-7.517326923955927,-4958.294677215979,40
37.0,2.0,0.9,40,-0.006962025316455694,-4.869657877017232,-232.38230146080008,40,-0.01091772151898734,-8.797641693927952,-6652.59277629767,40
37.0,2.0,1.0,40,-0.005892623308598866,-3.3731182044815258,-191.68443256009408,29,-0.009821038847664776,-7.677220130992008,-5219.330162755142,29
38.0,1.1,0.0,40,,0.0,0.0,0,,0.0,0.0,0
38.0,1.1,0.1,40,0.0,0.0,0.0,40,0.002215189873417722,3.8193960595285215,750.3292623779696,40
38.0,1.1,0.2,40,0.0,0.0,0.0,40,0.006487341772151901,9.293841728324528,8460.890654413572,40
38.0,1.1,0.3,40,0.0,0.0,0.0,40,0.008702531645569623,9.695565175055297,9365.713934218937,40
38.0,1.1,0.4,40,0.0,0.0,0.0,40,0.00949367088607595,8.062257748298551,5930.152854056782,40
38.0,1.1,0.5,40,0.00015822784810126583,1.0000000000000002,16.528236616115763,40,0.012341772151898734,8.959312630699651,7747.194405488119,40
38.0,1.1,0.6,40,0.0006329113924050633,2.081665999466133,135.1956616074482,40,0.015664556962025317,13.828055089338369,20881.119704578723,40
38.0,1.1,0.7,40,0.0006329113924050633,2.0816659994661317,135.19566160744793,40,0.016613924050632906,12.631130374810267,17290.725466592463,40
38.0,1.1,0.8,40,0.0017405063291139242,2.31702410056388,183.13086720700662,40,0.023101265822784812,15.447068987303306,22333.593339513674,40
38.0,1.1,0.9,40,0.0047468354430379766,5.453967611919275,1914.5303140464694,40,0.022943037974683538,15.680228481032767,22390.209935436873,40
38.0,1.1,1.0,40,0.007594936708860763,7.76084848652319,3046.140454052484,30,0.027637130801687768,14.875636824029048,22058.813227734547,30
38.0,1.2,0.0,40,0.0,0.0,0.0,10,0.0,0.0,0.0,10
38.0,1.2,0.1,40,0.0,0.0,0.0,40,0.002373417721518988,3.7773393656020424,726.518071278267,40
38.0,1.2,0.2,40,0.0,0.0,0.0,40,0.007911392405063293,10.184468776294576,10536.96243739742,40
38.0,1.2,0.3,40,0.0,0.0,0.0,40,0.010126582278481015,10.04233463137357,10188.540651728907,40
38.0,1.2,0.4,40,0.0,0.0,0.0,40,0.010284810126582276,8.192565304769465,6178.336847541982,40
38.0,1.2,0.5,40,0.0014240506329113924,2.0401115989005065,127.65050897417781,40,0.016139240506329113,11.877855413964618,15080.268142337833,40
38.0,1.2,0.6,40,0.0015822784810126584,2.5080515506355052,229.07217156723354,40,0.020253164556962015,14.652975036468009,21932.85884684084,40
38.0,1.2,0.7,40,0.0030063291139240515,4.002132537337611,840.8303594279312,40,0.022151898734177215,14.736318770611973,21983.838068608482,40
38.0,1.2,0.8,40,0.005379746835443038,3.926653110622683,798.3008267063545,40,0.02943037974683544,17.118968399459284,22962.71772772343,40
38.0,1.2,0.9,40,0.011550632911392406,6.757744159889509,3326.2076730622875,40,0.03306962025316456,15.092348430486629,22167.900917401108,40
38.0,1.2,1.0,40,0.020042194092827006,6.4737568398958025,2980.595571596454,30,0.03396624472573839,12.106218985157668,15736.732013029774,30
38.0,1.3,0.0,40,0.0,0.0,0.0,10,0.0,0.0,0.0,10
38.0,1.3,0.1,40,0.0,0.0,0.0,40,0.0031645569620253173,4.654746681256313,1333.2218918935905,40
38.0,1.3,0.2,40,0.00031645569620253165,1.0000000000000002,16.528236616115763,40,0.009335443037974685,11.430797768849681,13816.018331044748,40
38.0,1.3,0.3,40,0.0,0.0,0.0,40,0.012816455696202534,10.988839849001074,12608.37027666551,40
38.0,1.3,0.4,40,0.0014240506329113924,2.4671248858361707,218.6787674332494,40,0.013765822784810127,9.868669117721208,9771.790501503465,40
38.0,1.3,0.5,40,0.0034810126582278493,4.443508734601183,1115.910744565464,40,0.020727848101265822,12.936830771004134,18208.127452336015,40
38.0,1.3,0.6,40,0.005221518987341774,4.618602787933512,1238.3904388682568,40,0.025632911392405068,14.144319248570188,21597.3184288127,40
38.0,1.3,0.7,40,0.007911392405063293,5.758755534498968,2204.2996819108207,40,0.030537974683544307,15.676861909301099,22201.867200899287,40
38.0,1.3,0.8,40,0.014556962025316455,6.583497320937399,3111.740771938595,40,0.033860759493670886,12.342643124711651,16430.63101541674,40
38.0,1.3,0.9,40,0.026898734177215194,7.763551202428388,4733.086173877544,40,0.026265822784810128,7.504222244752458,4935.08016741066,40
38.0,1.3,1.0,40,0.0528153644696639,10.116002162434249,9175.07295859604,29,0.01789611523352248,4.1217703910857155,936.9539191165609,29
38.0,1.4,0.0,40,0.0,0.0,0.0,10,0.0,0.0,0.0,10
38.0,1.4,0.1,40,0.0,0.0,0.0,40,0.003955696202531648,5.608173758294749,2269.5001838956473,40
38.0,1.4,0.2,40,0.0007911392405063292,1.2200613174429435,29.22269047491978,40,0.01107594936708861,11.600752768192777,14292.666339671552,40
38.0,1.4,0.3,40,0.0004746835443037975,1.7782469350914576,86.24219619933204,40,0.015348101265822783,14.156629485276396,18106.667836383996,40
38.0,1.4,0.4,40,0.004430379746835444,3.2053382892273796,455.81706675432343,40,0.019145569620253163,12.811219123924884,17832.60693420712,40
38.0,1.4,0.5,40,0.0063291139240506345,6.407232755171877,2902.589459013153,40,0.027215189873417717,13.580394323230255,20140.52970429192,40
38.0,1.4,0.6,40,0.014240506329113922,8.198339219466758,4164.363260540308,40,0.03117088607594936,15.24665881856678,23119.471047269588,40
38.0,1.4,0.7,40,0.020569620253164556,7.3202025828291495,4075.814070260035,40,0.03465189873417722,12.655333346517672,17363.403367774965,40
38.0,1.4,0.8,40,0.03987341772151899,11.352757187288859,12198.699848163618,40,0.015981012658227847,4.1920365209560995,984.2737296731701,40
38.0,1.4,0.9,40,0.06677215189873417,10.773665258047174,10725.523107703624,40,-0.011550632911392406,-2.348830021253674,-191.70290565953644,40
38.0,1.4,1.0,40,0.09340899170667832,11.356798220527047,10797.112180341714,29,-0.0408118725447403,-6.475557733951477,-3389.71120379075,29
38.0,1.5,0.0,40,0.0,0.0,0.0,10,0.0,0.0,0.0,10
38.0,1.5,0.1,40,0.0,0.0,0.0,40,0.005063291139240509,6.9957970575616555,4124.493719582752,40
38.0,1.5,0.2,40,0.00189873417721519,1.0889494069105374,21.089649274617898,40,0.01281645569620253,10.787100072181486,12075.733010656062,40
38.0,1.5,0.3,40,0.0004746835443037975,1.7782469350914576,86.24219619933204,40,0.017721518987341773,12.821353156909517,17863.119467289816,40
38.0,1.5,0.4,40,0.006487341772151901,4.614358318951881,1235.3409275686854,40,0.025949367088607594,14.685183187933267,20453.235682925744,40
38.0,1.5,0.5,40,0.0129746835443038,6.403124237432848,2897.813713884838,40,0.033386075949367086,15.277682470329136,20586.529459099762,40
38.0,1.5,0.6,40,0.034018987341772146,7.15902222004664,3851.8352748760994,40,0.025949367088607594,9.233215890614971,8328.743711340028,40
38.0,1.5,0.7,40,0.049841772151898736,10.241394604094703,9458.427921388344,40,0.005537974683544304,1.5208547839236946,50.02849885622517,40
38.0,1.5,0.8,40,0.09651898734177217,12.062225870945234,14133.087132595698,40,-0.030696202531645567,-6.2576471198251955,-3095.526491815943,40
38.0,1.5,0.9,40,0.09319620253164555,12.095561551288835,14227.279521273858,40,-0.05110759493670887,-13.234296900009648,-8852.137218731226,40
38.0,1.5,1.0,40,0.0652553470100393,7.442839331011366,4251.709860581897,29,-0.0473592317765168,-7.6091853300908,-5107.524431873834,29
38.0,1.6,0.0,40,0.0,0.0,0.0,10,0.0,0.0,0.0,10
38.0,1.6,0.1,40,0.0,0.0,0.0,40,0.0063291139240506345,6.982120021884472,4103.932956004005,40
38.0,1.6,0.2,40,0.002373417721518987,1.1517511068997928,24.770810480763455,40,0.01518987341772152,11.529227073966274,14091.11214508811,40
38.0,1.6,0.3,40,0.002215189873417722,3.0094637459046916,382.40510735246204,40,0.020886075949367092,13.007965687021974,18420.36653298541,40
38.0,1.6,0.4,40,0.010601265822784811,6.463210129845232,2968.158834636618,40,0.03259493670886076,13.154663408282042,18858.88262669755,40
38.0,1.6,0.5,40,0.032278481012658226,11.877855413964618,11368.514825634624,40,0.03132911392405063,10.897001477145771,12364.695227543134,40
38.0,1.6,0.6,40,0.0737341772151899,9.972181964460411,8855.833918169868,40,-0.008702531645569618,-2.1545170535447946,-149.28076479973944,40
38.0,1.6,0.7,40,0.0865506329113924,12.568476596020474,14815.361825104124,40,-0.046044303797468364,-9.06846638614701,-7639.256973392612,40
38.0,1.6,0.8,40,0.08607594936708862,11.917416164298258,13727.682219182949,40,-0.04731012658227848,-9.787206817661712,-8338.2218872306,40
38.0,1.6,0.9,40,0.03749999999999999,7.565641258185986,4432.464427113931,40,-0.032753164556962026,-10.488405439987375,-8463.232594964258,40
38.0,1.6,1.0,40,0.014840680925360103,4.017914993843897,849.8653765636669,29,-0.0229157573112178,-7.715286512497054,-5282.205117403461,29
38.0,1.7,0.0,40,0.0,0.0,0.0,10,0.0,0.0,0.0,10
38.0,1.7,0.1,40,0.0,0.0,0.0,40,0.006645569620253167,7.342707981498887,4668.0862145185365,40
38.0,1.7,0.2,40,0.0034810126582278484,1.3741744220210386,41.143379317757685,40,0.018987341772151903,14.162324264449982,18329.36464627641,40
38.0,1.7,0.3,40,0.005221518987341774,5.166675114717725,1664.8785613764335,40,0.025000000000000005,12.82848314166661,17884.53166938576,40
38.0,1.7,0.4,40,0.024367088607594938,8.024450938568762,5145.570772665527,40,0.03354430379746836,13.073117312096999,18614.72429117303,40
38.0,1.7,0.5,40,0.0661392405063291,10.984407108186563,11251.335198657041,40,-0.009177215189873418,-1.9784915793266658,-116.70097916879608,40
38.0,1.7,0.6,40,0.10759493670886074,14.999001962805373,12771.851703884866,40,-0.052373417721519,-9.774943495392256,-8875.46009194501,40
38.0,1.7,0.7,40,0.05806962025316457,10.10615333957754,9153.083917180864,40,-0.05553797468354432,-12.125650345839466,-10141.142138313817,40
38.0,1.7,0.8,40,0.018512658227848106,4.389267669246911,1079.5089390129367,40,-0.0310126582278481,-9.42557987485277,-8271.374590513486,40
38.0,1.7,0.9,40,0.0014240506329113924,0.47571589135147946,1.870970670103933,40,-0.022626582278481012,-11.101524994751248,-8534.833175569678,40
38.0,1.7,1.0,40,-0.004364906154517678,-1.5336078250128944,-38.478308061914404,29,-0.015495416848537757,-5.790236683859036,-2511.251347680315,29
38.0,1.8,0.0,40,0.0,0.0,0.0,10,0.0,0.0,0.0,10
38.0,1.8,0.1,40,0.00015822784810126583,1.0000000000000002,16.528236616115763,40,0.008227848101265827,7.232532323434432,4491.074800317559,40
38.0,1.8,0.2,40,0.004746835443037974,1.5048309303813032,53.42241024537284,40,0.023101265822784812,16.41829197218903,18909.138158530044,40
38.0,1.8,0.3,40,0.011867088607594936,6.436660228787118,2936.964772435987,40,0.02990506329113924,11.9478964136771,15281.021857994234,40
38.0,1.8,0.4,40,0.060443037974683554,9.68153211200784,8229.928154304065,40,0.003639240506329115,0.7416189500394819,6.133763521188257,40
38.0,1.8,0.5,40,0.09493670886075949,11.448491654582648,12451.17754284136,40,-0.05158227848101267,-9.211795587956974,-7891.7849691448,40
38.0,1.8,0.6,40,0.05395569620253164,9.835524239383682,8557.303094953746,40,-0.05268987341772152,-12.01630307184953,-9396.262974674384,40
38.0,1.8,0.7,40,0.008860759493670886,2.17624894705406,153.34363945587512,40,-0.03560126582278482,-9.496035879223616,-8397.546461892594,40
38.0,1.8,0.8,40,0.00031645569620253214,0.10052982214859593,0.01936910119833295,40,-0.019303797468354433,-6.246676987002038,-3081.0551861455897,40
38.0,1.8,0.9,40,-0.007436708860759493,-2.774570175156347,-162.16909355554472,40,-0.01756329113924051,-6.042878173880684,-2819.1678020175286,40
38.0,1.8,1.0,40,-0.015277171540811872,-4.486547445555508,-212.33217310223606,29,-0.020951549541684857,-5.893263257055321,-2634.5543401474683,29
38.0,1.9,0.0,40,0.0,0.0,0.0,10,0.0,0.0,0.0,10
38.0,1.9,0.1,40,0.00015822784810126583,1.0000000000000002,16.528236616115763,40,0.009968354430379748,7.5562809000332,5023.25656520391,40
38.0,1.9,0.2,40,0.007594936708860761,1.7120474502233536,77.33518485764364,40,0.02768987341772152,14.743021667829469,18501.16264501732,40
38.0,1.9,0.3,40,0.03148734177215191,8.495494059715408,5936.886810835269,40,0.03259493670886077,11.281349225904382,13401.250209709211,40
38.0,1.9,0.4,40,0.0987341772151899,13.101879682733914,15551.001438449066,40,-0.03892405063291139,-7.14088383424249,-4363.013655238719,40
38.0,1.9,0.5,40,0.058069620253164575,10.169626104795531,9295.375655894586,40,-0.05142405063291141,-12.602959432854078,-10060.512896851702,40
38.0,1.9,0.6,40,0.008860759493670886,2.269568989087227,172.72038584116967,40,-0.0314873417721519,-9.788504217438682,-8886.722592059908,40
38.0,1.9,0.7,40,-0.009493670886075948,-2.4728490812011175,-146.6552825335182,40,-0.025316455696202535,-7.334378190976785,-4666.026964602749,40
38.0,1.9,0.8,40,-0.008386075949367092,-2.997702343818954,-173.38761998406676,40,-0.017246835443037976,-6.256065559126698,-3093.4400516594533,40
38.0,1.9,0.9,40,-0.011867088607594937,-3.310669056670857,-188.8869840508623,40,-0.02025316455696203,-5.301334926754755,-1971.4299111504065,40
38.0,1.9,1.0,40,-0.016150152771715408,-3.959913678706947,-202.90333010093485,29,-0.02269751200349193,-4.866055777239793,-1552.7869545727042,29
38.0,2.0,0.0,40,0.0,0.0,0.0,10,0.0,0.0,0.0,10
38.0,2.0,0.1,40,0.00031645569620253165,1.4327007988227582,46.398924540531674,40,0.011708860759493673,8.920162529511789,7663.862614822859,40
38.0,2.0,0.2,40,0.014240506329113922,3.0068610724262523,381.4836273404384,40,0.034968354430379746,13.330530771792644,18056.570389484277,40
38.0,2.0,0.3,40,0.05981012658227849,9.414161637709704,7676.612239234987,40,0.004588607594936707,1.298952713599814,31.45060772342886,40
38.0,2.0,0.4,40,0.08433544303797469,10.827254204594183,10857.970423305096,40,-0.05268987341772151,-11.246584108941928,-9781.350048336497,40
38.0,2.0,0.5,40,0.011708860759493669,2.8039299681139447,313.60744972014754,40,-0.0360759493670886,-10.446986880613993,-9421.79910397521,40
38.0,2.0,0.6,40,-0.006329113924050634,-2.6272904040582636,-154.7208548076867,40,-0.022468354430379745,-9.090618475235614,-7678.065381324832,40
38.0,2.0,0.7,40,-0.014715189873417722,-3.311964174884326,-188.9520854495228,40,-0.024367088607594935,-5.169992019118428,-1838.773543038442,40
38.0,2.0,0.8,40,-0.01360759493670886,-4.69526908909549,-228.38503306051888,40,-0.01930379746835443,-5.7048391304552295,-2411.762854295758,40
38.0,2.0,0.9,40,-0.015031645569620255,-4.4956673562961535,-224.15945609491638,40,-0.022626582278481015,-5.184444733063098,-1853.0763664105225,40
38.0,2.0,1.0,40,-0.020733304233958964,-3.3732450875602367,-191.68983467128385,29,-0.02749890877346137,-4.210707474354919,-1031.270746810927,29
39.0,1.1,0.0,40,,0.0,0.0,0,,0.0,0.0,0
39.0,1.1,0.1,40,0.0,0.0,0.0,40,0.006012658227848104,6.444452921026537,3346.170406364254,40
39.0,1.1,0.2,40,0.0007911392405063292,2.3603873774083297,192.99814986576882,40,0.009335443037974683,9.453778621125425,8814.66238877489,40
39.0,1.1,0.3,40,0.0011075949367088608,2.478849437493544,221.62632006099156,40,0.012025316455696206,11.113055385446438,12174.258140071894,40
39.0,1.1,0.4,40,0.0025316455696202536,2.157942635454069,149.70875954494048,40,0.015189873417721522,9.694928148220761,9364.23857310371,40
39.0,1.1,0.5,40,0.0033227848101265835,3.920455737583137,794.8735670019005,40,0.01756329113924051,12.1800706747737,15952.312294891304,40
39.0,1.1,0.6,40,0.005063291139240507,1.6879914302191095,74.25681311490054,40,0.018512658227848096,11.994238713991539,15414.053525091316,40
39.0,1.1,0.7,40,0.0071202531645569635,2.4446192854152766,137.06445806010598,40,0.022626582278481005,10.836810417305244,12205.8012092944,40
39.0,1.1,0.8,40,0.00981012658227848,2.043054780621113,128.1738869164211,40,0.023575949367088612,10.618574982216288,11637.322480119445,40
39.0,1.1,0.9,40,0.005537974683544305,3.2601343660251767,477.74904861920135,40,0.024525316455696198,12.318150920704905,16358.143957490638,40
39.0,1.1,1.0,40,0.009493670886075951,3.197175646548452,452.6062249692508,30,0.03037974683544304,9.991231215181596,10065.084539437252,30
39.0,1.2,0.0,40,0.0,0.0,0.0,10,0.0,0.0,0.0,10
39.0,1.2,0.1,40,0.0,0.0,0.0,40,0.0069620253164557,7.985628984010613,5787.206387398627,40
39.0,1.2,0.2,40,0.0011075949367088608,2.8762349126466136,240.95573062629262,40,0.01075949367088608,10.563808944028697,11496.279732826752,40
39.0,1.2,0.3,40,0.002056962025316456,3.1341111590176554,243.29213469725536,40,0.014082278481012655,11.443485923094604,12216.366832024829,40
39.0,1.2,0.4,40,0.007278481012658225,1.3194187166043092,36.592265380026014,40,0.01582278481012658,8.796644381862459,7400.056305861755,40
39.0,1.2,0.5,40,0.004272151898734178,5.1523022511684005,1652.9608657041156,40,0.019936708860759496,13.331032139727508,19387.546713108473,40
39.0,1.2,0.6,40,0.007753164556962023,1.8963401174995334,103.60012287878605,40,0.021202531645569615,10.764029369127103,12015.368154999576,40
39.0,1.2,0.7,40,0.015254787406686142,1.9633629997837665,114.4179862325882,39,0.0275884453099643,11.778441436285794,14797.108271481195,39
39.0,1.2,0.8,40,0.008860759493670888,4.349803682835345,1053.4314068274193,40,0.029430379746835433,11.498998644045422,14006.357054615539,40
39.0,1.2,0.9,40,0.016297468354430376,2.1645226111826026,151.0064777711888,40,0.028797468354430374,13.1805642036778,18936.647228712445,40
39.0,1.2,1.0,40,0.018354430379746836,4.038123429151433,861.5204876384809,30,0.03523206751054852,10.525053107321115,11396.985183218361,30
39.0,1.3,0.0,40,0.0,0.0,0.0,10,0.0,0.0,0.0,10
39.0,1.3,0.1,40,0.00031645569620253165,1.4327007988227587,46.398924540531716,40,0.007436708860759494,8.504999270691236,6795.21264885016,40
39.0,1.3,0.2,40,0.002531645569620253,2.2899121116303998,177.1377181921006,40,0.014082278481012659,11.443485923094604,13851.415063399578,40
39.0,1.3,0.3,40,0.002215189873417722,2.876234912646614,240.95573062629262,40,0.015031645569620253,10.804688497700354,12121.767594745794,40
39.0,1.3,0.4,40,0.005379746835443041,2.5371033096591664,236.63040269954737,40,0.020094936708860762,10.458378146160905,11226.332857042764,40
39.0,1.3,0.5,40,0.005221518987341774,6.4182541567743,2125.0983474737036,40,0.024367088607594935,16.885448539490387,20942.741885476236,40
39.0,1.3,0.6,40,0.006645569620253167,5.648813230147633,2096.9958392512,40,0.025632911392405054,13.334812866718824,19398.91597276521,40
39.0,1.3,0.7,40,0.026290165530671865,2.2113729557066213,160.469899098783,39,0.03294384939954561,9.68169947276577,9333.575350716328,39
39.0,1.3,0.8,40,0.014240506329113925,5.944373008972322,2392.9784864516196,40,0.037183544303797465,12.39662930491346,16590.180593438836,40
39.0,1.3,0.9,40,0.01598101265822785,7.6494666705704555,4558.3786866694245,40,0.0384493670886076,13.35545340668904,18967.471027964475,40
39.0,1.3,1.0,40,0.031863814927979045,5.631473721909087,2080.356450006821,29,0.04103011785246618,13.022045945363304,18462.26946652538,29
39.0,1.4,0.0,40,0.0,0.0,0.0,10,0.0,0.0,0.0,10
39.0,1.4,0.1,40,0.0006329113924050633,2.0816659994661326,135.1956616074481,40,0.008227848101265823,8.510497719203704,6806.324763950131,40
39.0,1.4,0.2,40,0.006012658227848102,1.7272727272727273,79.33229934765353,40,0.014715189873417722,12.640700320590575,14598.126067580828,40
39.0,1.4,0.3,40,0.0031645569620253173,2.3273733406281565,185.45644572377833,40,0.018670886075949366,11.657396574488443,14452.638373859523,40
39.0,1.4,0.4,40,0.008860759493670881,2.699433263261504,281.84452756749977,40,0.024683544303797468,11.368170218537681,13641.671050937095,40
39.0,1.4,0.5,40,0.00949367088607595,5.363813177514545,1833.7873384150978,40,0.03132911392405064,13.968516338477597,20244.865843893556,40
39.0,1.4,0.6,40,0.010759493670886074,8.366971446116223,4175.956427223095,40,0.03164556962025316,12.642628902794323,17325.301388119588,40
39.0,1.4,0.7,40,0.03310613437195717,3.044419195373039,394.9443327502686,39,0.03781239857189225,10.55310679626319,11468.836897456335,39
39.0,1.4,0.8,40,0.024683544303797465,8.056080786384994,5196.765968335844,40,0.040664556962025325,11.30621202046028,13469.858587435985,40
39.0,1.4,0.9,40,0.032911392405063286,9.312555192347924,7471.327676082965,40,0.0365506329113924,9.630360265950529,9214.91900714841,40
39.0,1.4,1.0,40,0.05259711916193802,8.036842244758697,5165.578061565225,29,0.02422522915757311,3.459231868445222,561.4517020442851,29
39.0,1.5,0.0,40,0.0,0.0,0.0,10,0.0,0.0,0.0,10
39.0,1.5,0.1,40,0.0006329113924050633,2.0816659994661326,135.1956616074481,40,0.00949367088607595,9.141741003300663,7120.7698254990755,40
39.0,1.5,0.2,40,0.010443037974683544,1.6368840255122226,67.99428568297488,40,0.008386075949367088,1.0915155942458477,18.894983874084957,40
39.0,1.5,0.3,40,0.0026898734177215194,3.774791627775318,716.3159261606158,40,0.023734177215189875,12.540257753177528,17017.917900651188,40
39.0,1.5,0.4,40,0.012974683544303792,2.8381192279280896,324.4565394281256,40,0.028322784810126577,10.525676937324144,11398.576261479377,40
39.0,1.5,0.5,40,0.01833820188250568,3.9644948589843967,819.4714951930835,39,0.03359298928919182,11.242696744486866,13294.944177860687,39
39.0,1.5,0.6,40,0.015981012658227847,8.037085255597807,4149.299728606536,40,0.038291139240506325,12.811219123924886,17352.640108029307,40
39.0,1.5,0.7,40,0.0404089581304771,4.197207942042937,956.5770078097829,39,0.035053554040895815,8.443211275726917,6670.914929571838,39
39.0,1.5,0.8,40,0.04082278481012658,7.626220797998584,4523.290207895258,40,0.02420886075949367,6.020062919627178,2771.36364343894,40
39.0,1.5,0.9,40,0.04905063291139239,8.301840701257447,5603.684677337375,40,0.01060126582278481,1.9028492170996338,97.16578915532489,40
39.0,1.5,1.0,40,0.06874727193365343,9.066591914284771,5661.544555348355,29,-0.019205587079877788,-2.61075549602556,-260.34781112583823,29
39.0,1.6,0.0,40,0.0,0.0,0.0,10,0.0,0.0,0.0,10
39.0,1.6,0.1,40,0.000949367088607595,2.6234238965856176,260.06879995188433,40,0.011234177215189874,9.1290730397721,7119.711853015802,40
39.0,1.6,0.2,40,0.010443037974683548,1.7472983551601096,81.99972226611042,40,0.007120253164556961,0.6471467270911037,4.168242131228951,40
39.0,1.6,0.3,40,0.004113924050632913,4.75914745895549,1341.6282141268543,40,0.027373417721518994,14.397452121720349,18873.36818587033,40
39.0,1.6,0.4,40,0.015981012658227853,3.22552501326254,463.8318370458085,40,0.03275316455696203,10.572252530895122,11517.895510071077,40
39.0,1.6,0.5,40,0.031807854592664726,4.844385698181602,1406.5492433642346,39,0.0397598182408309,10.626829158789375,11658.598971617143,39
39.0,1.6,0.6,40,0.027373417721519,6.8783620239106975,3479.512301533535,40,0.03749999999999999,10.007977705744343,10105.483243447668,40
39.0,1.6,0.7,40,0.0566374553716326,6.991490204683831,3626.9130823161872,39,0.020934761441090556,4.40845164186531,1139.4368687871063,39
39.0,1.6,0.8,40,0.0680379746835443,11.365952664486004,12233.122252541925,40,-0.015822784810126583,-2.8672130412555736,-341.4902777834065,40
39.0,1.6,0.9,40,0.07325949367088608,8.68996260843161,6283.974931191837,40,-0.035917721518987346,-6.327690610835689,-3188.7918320686185,40
39.0,1.6,1.0,40,0.05652553470100394,6.931976072059853,3548.9210095077683,29,-0.04168485377564382,-4.93371369618816,-1613.9615573239269,29
39.0,1.7,0.0,40,0.0,0.0,0.0,10,0.0,0.0,0.0,10
39.0,1.7,0.1,40,0.000949367088607595,2.6234238965856176,260.06879995188433,40,0.01281645569620253,8.676443441037643,7068.87371709045,40
39.0,1.7,0.2,40,0.004272151898734179,0.7642948495718396,7.470050909957978,40,0.007911392405063288,0.6255265058999765,3.7890378287543087,40
39.0,1.7,0.3,40,0.00617088607594937,5.618669934787326,2068.1188369443594,40,0.033860759493670865,15.968826713737094,19387.206881005754,40
39.0,1.7,0.4,40,0.023892405063291138,3.059494902429171,400.4207680004073,40,0.03560126582278482,7.441399165463175,4830.025951167447,40
39.0,1.7,0.5,40,0.03635183382018826,5.620839435255022,2070.1892312230602,39,0.03294384939954561,7.3151122065055905,4623.413676720845,39
39.0,1.7,0.6,40,0.046518987341772136,6.821477059951416,3406.830406496751,40,0.015348101265822789,2.5841411849183484,239.37591990826758,40
39.0,1.7,0.7,40,0.06878747501665554,8.703720835876197,6308.923733495365,38,-0.01798800799467022,-3.197168335009512,-467.92883027957635,38
39.0,1.7,0.8,40,0.0675632911392405,11.265383787270546,11970.547739550717,40,-0.0485759493670886,-8.099467968833855,-5929.534530330237,40
39.0,1.7,0.9,40,0.06913339824732227,7.070754068371591,3732.396483690922,39,-0.044790652385589096,-7.137944994117229,-4358.486636741239,39
39.0,1.7,1.0,40,0.022479266695766043,3.584603385924325,621.2353399332598,29,-0.034046268005237884,-7.005111197492939,-4155.678496736327,29
39.0,1.8,0.0,40,0.0,0.0,0.0,10,0.0,0.0,0.0,10
39.0,1.8,0.1,40,0.000949367088607595,2.6234238965856176,260.06879995188433,40,0.012974683544303797,8.63618073846537,7063.627626144508,40
39.0,1.8,0.2,40,0.00275884453099643,0.6475247735146594,4.586931418064663,39,0.017851346965271016,2.29431491708356,168.90831606823937,39
39.0,1.8,0.3,40,0.010917721518987343,7.104221608614907,3079.8651831089196,40,0.039082278481012644,17.430933450043756,19796.374511047026,40
39.0,1.8,0.4,40,0.027215189873417717,3.7452167509988854,700.9728083748099,40,0.03212025316455696,3.667727757106836,666.7355226831942,40
39.0,1.8,0.5,40,0.048134576948700866,12.468760581598051,12597.592139762195,38,0.009160559626915392,2.0150440899801074,114.9446836866582,38
39.0,1.8,0.6,40,0.07658227848101266,11.01167356796716,11320.052316303016,40,-0.035759493670886086,-4.518517242753395,-1260.3509383312894,40
39.0,1.8,0.7,40,0.06578947368421051,8.57704778632264,6080.814672247973,38,-0.03897401732178548,-6.338417578533085,-3203.1621699440957,38
39.0,1.8,0.8,40,0.04129746835443038,5.183472252387208,1678.886219613695,40,-0.04572784810126582,-6.632845389504761,-3609.908429696984,40
39.0,1.8,0.9,40,0.0264240506329114,4.528807554675424,1174.6541481693914,40,-0.030854430379746833,-7.193938296335421,-4361.365706861553,40
39.0,1.8,1.0,40,0.005237887385421214,1.19701120332916,27.660167895066632,29,-0.02182453077258839,-6.577483410080846,-3531.7111708806624,29
39.0,1.9,0.0,40,0.0,0.0,0.0,10,0.0,0.0,0.0,10
39.0,1.9,0.1,40,0.0017405063291139242,3.4390504022437534,553.9822675159107,40,0.01566455696202532,9.68034076379859,8738.682733918122,40
39.0,1.9,0.2,40,0.007951963648166182,2.199814837381831,158.09806755867808,39,0.025478740668614087,8.089865234236294,5982.1972952971355,39
39.0,1.9,0.3,40,0.01772151898734177,6.5348229214359845,3053.3040484310136,40,0.04161392405063291,9.048024177979142,7932.995204009012,40
39.0,1.9,0.4,40,0.027215189873417728,2.186319898155377,155.36675432598517,40,0.002848101265822784,0.18607351196802338,0.10940995722963372,40
39.0,1.9,0.5,40,0.06662225183211194,9.619796591551587,8100.364944195054,38,-0.026982011992005332,-4.2252106178753595,-1041.3932690005968,38
39.0,1.9,0.6,40,0.06962025316455694,6.09449400220044,2551.901127474888,40,-0.07056962025316459,-6.875133185147697,-3961.1204119283634,40
39.0,1.9,0.7,40,0.0409790500600449,5.713736867942734,2159.973423783461,38,-0.03431576401295102,-7.570147164727497,-4684.574737716651,38
39.0,1.9,0.8,40,0.011392405063291141,1.946219356643198,111.58605402582121,40,-0.03117088607594936,-6.301926845484375,-3154.3076880166877,40
39.0,1.9,0.9,40,0.008069620253164555,1.5585740267817692,59.07968374418484,40,-0.021360759493670885,-4.843737438691263,-1532.9059289092304,40
39.0,1.9,1.0,40,-0.005892623308598866,-1.4880736549075881,-35.28569243586487,29,-0.01920558707987778,-4.967822708492054,-1645.3641460963527,29
39.0,2.0,0.0,40,0.0,0.0,0.0,10,0.0,0.0,0.0,10
39.0,2.0,0.1,40,0.0017405063291139242,3.846180371261319,628.4545075135535,40,0.0185126582278481,9.408567413409678,8713.878585332355,40
39.0,2.0,0.2,40,0.011846802986043495,3.592324073747864,624.932548751272,39,0.03229470950989938,11.963572571366141,15325.997312136502,39
39.0,2.0,0.3,40,0.02547874066861408,6.179348323176474,2644.646464561868,39,0.03229470950989939,3.765314366960254,719.8269480546874,39
39.0,2.0,0.4,40,0.034335443037974686,1.8092501105788326,90.59597220707005,40,-0.03655063291139241,-1.8040904478385764,-89.27721771066878,40
39.0,2.0,0.5,40,0.06517276770441326,8.221107050642708,5468.2336533416,37,-0.04806705439616831,-7.271701095125256,-4567.039643196935,37
39.0,2.0,0.6,40,0.04397922752353132,2.928844825528413,354.4414771812579,39,-0.06101914962674456,-4.2081011436298414,-1029.4576434200549,39
39.0,2.0,0.7,40,0.01915389740173218,4.119016627615403,909.1732625685835,38,-0.019320453031312457,-8.055723552876886,-4714.257158621289,38
39.0,2.0,0.8,40,0.0009493670886075936,0.1956343949482085,0.13009618788104202,40,-0.022151898734177222,-4.781093146409214,-1477.936294377922,40
39.0,2.0,0.9,40,-0.006329113924050634,-1.1091816405223827,-15.072531951282027,40,-0.021202531645569626,-3.2701637644562207,-499.4506240901541,40
39.0,2.0,1.0,40,-0.011785246617197731,-2.8799634292680123,-167.46414019353142,29,-0.01920558707987778,-4.430164524236435,-1191.755770789415,29
